[debug] [2025-02-02T14:10:39.780Z] ----------------------------------------------------------------------
[debug] [2025-02-02T14:10:39.783Z] Command:       C:\Program Files\nodejs\node.exe C:\Users\HomePC\AppData\Roaming\npm\node_modules\firebase-tools\lib\bin\firebase.js deploy
[debug] [2025-02-02T14:10:39.783Z] CLI Version:   13.29.3
[debug] [2025-02-02T14:10:39.783Z] Platform:      win32
[debug] [2025-02-02T14:10:39.783Z] Node Version:  v20.10.0
[debug] [2025-02-02T14:10:39.784Z] Time:          Sun Feb 02 2025 17:10:39 GMT+0300 (East Africa Time)
[debug] [2025-02-02T14:10:39.784Z] ----------------------------------------------------------------------
[debug] 
[debug] [2025-02-02T14:10:40.004Z] > command requires scopes: ["email","openid","https://www.googleapis.com/auth/cloudplatformprojects.readonly","https://www.googleapis.com/auth/firebase","https://www.googleapis.com/auth/cloud-platform"]
[debug] [2025-02-02T14:10:40.004Z] > authorizing via signed-in user (tirigist@gmail.com)
[debug] [2025-02-02T14:10:40.004Z] [iam] checking project tirigist-comrades for permissions ["cloudfunctions.functions.create","cloudfunctions.functions.delete","cloudfunctions.functions.get","cloudfunctions.functions.list","cloudfunctions.functions.update","cloudfunctions.operations.get","firebase.projects.get"]
[debug] [2025-02-02T14:10:40.005Z] Checked if tokens are valid: true, expires at: 1738508970616
[debug] [2025-02-02T14:10:40.006Z] Checked if tokens are valid: true, expires at: 1738508970616
[debug] [2025-02-02T14:10:40.007Z] >>> [apiv2][query] POST https://cloudresourcemanager.googleapis.com/v1/projects/tirigist-comrades:testIamPermissions [none]
[debug] [2025-02-02T14:10:40.007Z] >>> [apiv2][(partial)header] POST https://cloudresourcemanager.googleapis.com/v1/projects/tirigist-comrades:testIamPermissions x-goog-quota-user=projects/tirigist-comrades
[debug] [2025-02-02T14:10:40.007Z] >>> [apiv2][body] POST https://cloudresourcemanager.googleapis.com/v1/projects/tirigist-comrades:testIamPermissions {"permissions":["cloudfunctions.functions.create","cloudfunctions.functions.delete","cloudfunctions.functions.get","cloudfunctions.functions.list","cloudfunctions.functions.update","cloudfunctions.operations.get","firebase.projects.get"]}
[debug] [2025-02-02T14:10:41.667Z] <<< [apiv2][status] POST https://cloudresourcemanager.googleapis.com/v1/projects/tirigist-comrades:testIamPermissions 200
[debug] [2025-02-02T14:10:41.667Z] <<< [apiv2][body] POST https://cloudresourcemanager.googleapis.com/v1/projects/tirigist-comrades:testIamPermissions {"permissions":["cloudfunctions.functions.create","cloudfunctions.functions.delete","cloudfunctions.functions.get","cloudfunctions.functions.list","cloudfunctions.functions.update","cloudfunctions.operations.get","firebase.projects.get"]}
[debug] [2025-02-02T14:10:41.668Z] Checked if tokens are valid: true, expires at: 1738508970616
[debug] [2025-02-02T14:10:41.668Z] Checked if tokens are valid: true, expires at: 1738508970616
[debug] [2025-02-02T14:10:41.668Z] >>> [apiv2][query] POST https://iam.googleapis.com/v1/projects/tirigist-comrades/serviceAccounts/tirigist-comrades@appspot.gserviceaccount.com:testIamPermissions [none]
[debug] [2025-02-02T14:10:41.668Z] >>> [apiv2][body] POST https://iam.googleapis.com/v1/projects/tirigist-comrades/serviceAccounts/tirigist-comrades@appspot.gserviceaccount.com:testIamPermissions {"permissions":["iam.serviceAccounts.actAs"]}
[debug] [2025-02-02T14:10:43.231Z] <<< [apiv2][status] POST https://iam.googleapis.com/v1/projects/tirigist-comrades/serviceAccounts/tirigist-comrades@appspot.gserviceaccount.com:testIamPermissions 200
[debug] [2025-02-02T14:10:43.232Z] <<< [apiv2][body] POST https://iam.googleapis.com/v1/projects/tirigist-comrades/serviceAccounts/tirigist-comrades@appspot.gserviceaccount.com:testIamPermissions {"permissions":["iam.serviceAccounts.actAs"]}
[info] 
[info] === Deploying to 'tirigist-comrades'...
[info] 
[info] i  deploying functions 
[info] Running command: npm --prefix "$RESOURCE_DIR" run build
[info] +  functions: Finished running predeploy script. 
[debug] [2025-02-02T14:10:49.978Z] Checked if tokens are valid: true, expires at: 1738508970616
[debug] [2025-02-02T14:10:49.979Z] Checked if tokens are valid: true, expires at: 1738508970616
[debug] [2025-02-02T14:10:49.979Z] >>> [apiv2][query] GET https://cloudresourcemanager.googleapis.com/v1/projects/tirigist-comrades [none]
[debug] [2025-02-02T14:10:51.639Z] <<< [apiv2][status] GET https://cloudresourcemanager.googleapis.com/v1/projects/tirigist-comrades 200
[debug] [2025-02-02T14:10:51.639Z] <<< [apiv2][body] GET https://cloudresourcemanager.googleapis.com/v1/projects/tirigist-comrades {"projectNumber":"480943047907","projectId":"tirigist-comrades","lifecycleState":"ACTIVE","name":"tirigist-comrades","labels":{"firebase":"enabled","firebase-core":"disabled"},"createTime":"2024-12-24T07:41:37.636727Z"}
[info] i  functions: preparing codebase tirigist-comrades for deployment 
[info] i  functions: ensuring required API cloudfunctions.googleapis.com is enabled... 
[debug] [2025-02-02T14:10:51.641Z] Checked if tokens are valid: true, expires at: 1738508970616
[debug] [2025-02-02T14:10:51.641Z] Checked if tokens are valid: true, expires at: 1738508970616
[debug] [2025-02-02T14:10:51.641Z] Checked if tokens are valid: true, expires at: 1738508970616
[debug] [2025-02-02T14:10:51.641Z] Checked if tokens are valid: true, expires at: 1738508970616
[info] i  functions: ensuring required API cloudbuild.googleapis.com is enabled... 
[debug] [2025-02-02T14:10:51.642Z] Checked if tokens are valid: true, expires at: 1738508970616
[debug] [2025-02-02T14:10:51.642Z] Checked if tokens are valid: true, expires at: 1738508970616
[info] i  artifactregistry: ensuring required API artifactregistry.googleapis.com is enabled... 
[debug] [2025-02-02T14:10:51.643Z] Checked if tokens are valid: true, expires at: 1738508970616
[debug] [2025-02-02T14:10:51.643Z] Checked if tokens are valid: true, expires at: 1738508970616
[debug] [2025-02-02T14:10:51.643Z] >>> [apiv2][query] GET https://serviceusage.googleapis.com/v1/projects/tirigist-comrades/services/cloudfunctions.googleapis.com [none]
[debug] [2025-02-02T14:10:51.643Z] >>> [apiv2][(partial)header] GET https://serviceusage.googleapis.com/v1/projects/tirigist-comrades/services/cloudfunctions.googleapis.com x-goog-quota-user=projects/tirigist-comrades
[debug] [2025-02-02T14:10:51.644Z] >>> [apiv2][query] GET https://serviceusage.googleapis.com/v1/projects/tirigist-comrades/services/runtimeconfig.googleapis.com [none]
[debug] [2025-02-02T14:10:51.644Z] >>> [apiv2][(partial)header] GET https://serviceusage.googleapis.com/v1/projects/tirigist-comrades/services/runtimeconfig.googleapis.com x-goog-quota-user=projects/tirigist-comrades
[debug] [2025-02-02T14:10:51.646Z] >>> [apiv2][query] GET https://serviceusage.googleapis.com/v1/projects/tirigist-comrades/services/cloudbuild.googleapis.com [none]
[debug] [2025-02-02T14:10:51.646Z] >>> [apiv2][(partial)header] GET https://serviceusage.googleapis.com/v1/projects/tirigist-comrades/services/cloudbuild.googleapis.com x-goog-quota-user=projects/tirigist-comrades
[debug] [2025-02-02T14:10:51.647Z] >>> [apiv2][query] GET https://serviceusage.googleapis.com/v1/projects/tirigist-comrades/services/artifactregistry.googleapis.com [none]
[debug] [2025-02-02T14:10:51.647Z] >>> [apiv2][(partial)header] GET https://serviceusage.googleapis.com/v1/projects/tirigist-comrades/services/artifactregistry.googleapis.com x-goog-quota-user=projects/tirigist-comrades
[debug] [2025-02-02T14:10:53.393Z] <<< [apiv2][status] GET https://serviceusage.googleapis.com/v1/projects/tirigist-comrades/services/runtimeconfig.googleapis.com 200
[debug] [2025-02-02T14:10:53.393Z] <<< [apiv2][body] GET https://serviceusage.googleapis.com/v1/projects/tirigist-comrades/services/runtimeconfig.googleapis.com [omitted]
[debug] [2025-02-02T14:10:53.395Z] <<< [apiv2][status] GET https://serviceusage.googleapis.com/v1/projects/tirigist-comrades/services/cloudfunctions.googleapis.com 200
[debug] [2025-02-02T14:10:53.396Z] <<< [apiv2][body] GET https://serviceusage.googleapis.com/v1/projects/tirigist-comrades/services/cloudfunctions.googleapis.com [omitted]
[info] +  functions: required API cloudfunctions.googleapis.com is enabled 
[debug] [2025-02-02T14:10:53.415Z] <<< [apiv2][status] GET https://serviceusage.googleapis.com/v1/projects/tirigist-comrades/services/cloudbuild.googleapis.com 200
[debug] [2025-02-02T14:10:53.415Z] <<< [apiv2][body] GET https://serviceusage.googleapis.com/v1/projects/tirigist-comrades/services/cloudbuild.googleapis.com [omitted]
[info] +  functions: required API cloudbuild.googleapis.com is enabled 
[debug] [2025-02-02T14:10:53.436Z] <<< [apiv2][status] GET https://serviceusage.googleapis.com/v1/projects/tirigist-comrades/services/artifactregistry.googleapis.com 200
[debug] [2025-02-02T14:10:53.436Z] <<< [apiv2][body] GET https://serviceusage.googleapis.com/v1/projects/tirigist-comrades/services/artifactregistry.googleapis.com [omitted]
[info] +  artifactregistry: required API artifactregistry.googleapis.com is enabled 
[debug] [2025-02-02T14:10:53.437Z] Checked if tokens are valid: true, expires at: 1738508970616
[debug] [2025-02-02T14:10:53.437Z] Checked if tokens are valid: true, expires at: 1738508970616
[debug] [2025-02-02T14:10:53.437Z] >>> [apiv2][query] GET https://firebase.googleapis.com/v1beta1/projects/tirigist-comrades/adminSdkConfig [none]
[debug] [2025-02-02T14:10:54.136Z] <<< [apiv2][status] GET https://firebase.googleapis.com/v1beta1/projects/tirigist-comrades/adminSdkConfig 200
[debug] [2025-02-02T14:10:54.136Z] <<< [apiv2][body] GET https://firebase.googleapis.com/v1beta1/projects/tirigist-comrades/adminSdkConfig {"projectId":"tirigist-comrades","storageBucket":"tirigist-comrades.firebasestorage.app"}
[debug] [2025-02-02T14:10:54.137Z] Checked if tokens are valid: true, expires at: 1738508970616
[debug] [2025-02-02T14:10:54.137Z] Checked if tokens are valid: true, expires at: 1738508970616
[debug] [2025-02-02T14:10:54.137Z] >>> [apiv2][query] GET https://runtimeconfig.googleapis.com/v1beta1/projects/tirigist-comrades/configs [none]
[debug] [2025-02-02T14:10:54.752Z] <<< [apiv2][status] GET https://runtimeconfig.googleapis.com/v1beta1/projects/tirigist-comrades/configs 200
[debug] [2025-02-02T14:10:54.752Z] <<< [apiv2][body] GET https://runtimeconfig.googleapis.com/v1beta1/projects/tirigist-comrades/configs {"configs":[{"name":"projects/tirigist-comrades/configs/intasend"}]}
[debug] [2025-02-02T14:10:54.752Z] Checked if tokens are valid: true, expires at: 1738508970616
[debug] [2025-02-02T14:10:54.752Z] Checked if tokens are valid: true, expires at: 1738508970616
[debug] [2025-02-02T14:10:54.753Z] >>> [apiv2][query] GET https://runtimeconfig.googleapis.com/v1beta1/projects/tirigist-comrades/configs/intasend/variables [none]
[debug] [2025-02-02T14:10:55.091Z] <<< [apiv2][status] GET https://runtimeconfig.googleapis.com/v1beta1/projects/tirigist-comrades/configs/intasend/variables 200
[debug] [2025-02-02T14:10:55.091Z] <<< [apiv2][body] GET https://runtimeconfig.googleapis.com/v1beta1/projects/tirigist-comrades/configs/intasend/variables {"variables":[{"name":"projects/tirigist-comrades/configs/intasend/variables/secret_key","updateTime":"2025-01-01T05:59:38.329338941Z"}]}
[debug] [2025-02-02T14:10:55.091Z] Checked if tokens are valid: true, expires at: 1738508970616
[debug] [2025-02-02T14:10:55.092Z] Checked if tokens are valid: true, expires at: 1738508970616
[debug] [2025-02-02T14:10:55.092Z] >>> [apiv2][query] GET https://runtimeconfig.googleapis.com/v1beta1/projects/tirigist-comrades/configs/intasend/variables/secret_key [none]
[debug] [2025-02-02T14:10:55.404Z] <<< [apiv2][status] GET https://runtimeconfig.googleapis.com/v1beta1/projects/tirigist-comrades/configs/intasend/variables/secret_key 200
[debug] [2025-02-02T14:10:55.404Z] <<< [apiv2][body] GET https://runtimeconfig.googleapis.com/v1beta1/projects/tirigist-comrades/configs/intasend/variables/secret_key {"name":"projects/tirigist-comrades/configs/intasend/variables/secret_key","updateTime":"2025-01-01T05:59:38.329338941Z","text":"ISSecretKey_live_b72d349f-bbf2-4b8d-aed8-c8fd58e0d673"}
[debug] [2025-02-02T14:10:55.406Z] Validating nodejs source
[debug] [2025-02-02T14:10:58.057Z] > [functions] package.json contents: {
  "name": "functions",
  "scripts": {
    "build": "tsc",
    "build:watch": "tsc --watch",
    "serve": "npm run build && firebase emulators:start --only functions",
    "shell": "npm run build && firebase functions:shell",
    "start": "npm run shell",
    "deploy": "firebase deploy --only functions",
    "logs": "firebase functions:log"
  },
  "engines": {
    "node": "22"
  },
  "main": "lib/index.js",
  "dependencies": {
    "@genkit-ai/vertexai": "^0.9.12",
    "firebase-admin": "^12.6.0",
    "firebase-functions": "^6.0.1",
    "genkit": "^0.9.12",
    "get-video-duration": "^4.1.0",
    "page-count": "^0.0.4"
  },
  "devDependencies": {
    "firebase-functions-test": "^3.1.0",
    "typescript": "^4.9.0"
  },
  "private": true
}
[debug] [2025-02-02T14:10:58.057Z] Building nodejs source
[info] i  functions: Loading and analyzing source code for codebase tirigist-comrades to determine what to deploy 
[debug] [2025-02-02T14:10:58.060Z] Could not find functions.yaml. Must use http discovery
[debug] [2025-02-02T14:10:58.073Z] Found firebase-functions binary at 'C:\Users\HomePC\Desktop\ali\Projects\tirigist\comrades\functions-ts\node_modules\.bin\firebase-functions'
[info] Serving at port 8173

[debug] [2025-02-02T14:11:01.499Z] Got response from /__/functions.yaml {"endpoints":{"createUserDocument":{"platform":"gcfv1","availableMemoryMb":null,"timeoutSeconds":null,"minInstances":null,"maxInstances":null,"ingressSettings":null,"serviceAccountEmail":null,"vpc":null,"secretEnvironmentVariables":[{"key":"INTASEND_SECRET_API_KEY"}],"eventTrigger":{"eventType":"providers/firebase.auth/eventTypes/user.create","eventFilters":{"resource":"projects/tirigist-comrades"},"retry":false},"labels":{},"entryPoint":"createUserDocument"},"onUploadDocumentCreated":{"availableMemoryMb":null,"timeoutSeconds":null,"minInstances":null,"maxInstances":null,"ingressSettings":null,"concurrency":null,"serviceAccountEmail":null,"vpc":null,"platform":"gcfv2","region":["us-central1"],"secretEnvironmentVariables":[{"key":"AUTH_FIREBASE_PRIVATE_KEY"},{"key":"AUTH_FIREBASE_CLIENT_EMAIL"},{"key":"AUTH_FIREBASE_PROJECT_ID"}],"labels":{},"eventTrigger":{"eventType":"google.cloud.firestore.document.v1.created","eventFilters":{"database":"(default)","namespace":"(default)"},"eventFilterPathPatterns":{"document":"uploads/{documentId}"},"retry":false},"entryPoint":"onUploadDocumentCreated"},"onFileUploaded":{"platform":"gcfv2","availableMemoryMb":null,"timeoutSeconds":null,"minInstances":null,"maxInstances":null,"ingressSettings":null,"concurrency":null,"serviceAccountEmail":null,"vpc":null,"region":["us-central1"],"labels":{},"eventTrigger":{"eventType":"google.cloud.storage.object.v1.finalized","eventFilters":{"bucket":"tirigist-comrades.firebasestorage.app"},"retry":false},"entryPoint":"onFileUploaded"},"onFileDeleted":{"platform":"gcfv2","availableMemoryMb":null,"timeoutSeconds":null,"minInstances":null,"maxInstances":null,"ingressSettings":null,"concurrency":null,"serviceAccountEmail":null,"vpc":null,"region":["us-central1"],"labels":{},"eventTrigger":{"eventType":"google.cloud.storage.object.v1.deleted","eventFilters":{"bucket":"tirigist-comrades.firebasestorage.app"},"retry":false},"entryPoint":"onFileDeleted"},"onUploadDocumentUpdated":{"availableMemoryMb":null,"timeoutSeconds":null,"minInstances":null,"maxInstances":null,"ingressSettings":null,"concurrency":null,"serviceAccountEmail":null,"vpc":null,"platform":"gcfv2","region":["us-central1"],"labels":{},"eventTrigger":{"eventType":"google.cloud.firestore.document.v1.updated","eventFilters":{"database":"(default)","namespace":"(default)"},"eventFilterPathPatterns":{"document":"uploads/{documentId}"},"retry":false},"entryPoint":"onUploadDocumentUpdated"}},"specVersion":"v1alpha1","requiredAPIs":[],"extensions":{},"params":[{"type":"secret","name":"INTASEND_SECRET_API_KEY"},{"type":"secret","name":"AUTH_FIREBASE_PRIVATE_KEY"},{"type":"secret","name":"AUTH_FIREBASE_CLIENT_EMAIL"},{"type":"secret","name":"AUTH_FIREBASE_PROJECT_ID"}]}
[info] i  extensions: ensuring required API firebaseextensions.googleapis.com is enabled... 
[debug] [2025-02-02T14:11:06.572Z] Checked if tokens are valid: true, expires at: 1738508970616
[debug] [2025-02-02T14:11:06.572Z] Checked if tokens are valid: true, expires at: 1738508970616
[debug] [2025-02-02T14:11:06.572Z] >>> [apiv2][query] GET https://serviceusage.googleapis.com/v1/projects/tirigist-comrades/services/firebaseextensions.googleapis.com [none]
[debug] [2025-02-02T14:11:06.572Z] >>> [apiv2][(partial)header] GET https://serviceusage.googleapis.com/v1/projects/tirigist-comrades/services/firebaseextensions.googleapis.com x-goog-quota-user=projects/tirigist-comrades
[debug] [2025-02-02T14:11:08.407Z] <<< [apiv2][status] GET https://serviceusage.googleapis.com/v1/projects/tirigist-comrades/services/firebaseextensions.googleapis.com 200
[debug] [2025-02-02T14:11:08.407Z] <<< [apiv2][body] GET https://serviceusage.googleapis.com/v1/projects/tirigist-comrades/services/firebaseextensions.googleapis.com [omitted]
[info] +  extensions: required API firebaseextensions.googleapis.com is enabled 
[debug] [2025-02-02T14:11:08.408Z] > command requires scopes: ["email","openid","https://www.googleapis.com/auth/cloudplatformprojects.readonly","https://www.googleapis.com/auth/firebase","https://www.googleapis.com/auth/cloud-platform"]
[debug] [2025-02-02T14:11:08.408Z] > authorizing via signed-in user (tirigist@gmail.com)
[debug] [2025-02-02T14:11:08.409Z] [iam] checking project tirigist-comrades for permissions ["firebase.projects.get","firebaseextensions.instances.list"]
[debug] [2025-02-02T14:11:08.409Z] Checked if tokens are valid: true, expires at: 1738508970616
[debug] [2025-02-02T14:11:08.409Z] Checked if tokens are valid: true, expires at: 1738508970616
[debug] [2025-02-02T14:11:08.409Z] >>> [apiv2][query] POST https://cloudresourcemanager.googleapis.com/v1/projects/tirigist-comrades:testIamPermissions [none]
[debug] [2025-02-02T14:11:08.409Z] >>> [apiv2][(partial)header] POST https://cloudresourcemanager.googleapis.com/v1/projects/tirigist-comrades:testIamPermissions x-goog-quota-user=projects/tirigist-comrades
[debug] [2025-02-02T14:11:08.409Z] >>> [apiv2][body] POST https://cloudresourcemanager.googleapis.com/v1/projects/tirigist-comrades:testIamPermissions {"permissions":["firebase.projects.get","firebaseextensions.instances.list"]}
[debug] [2025-02-02T14:11:09.979Z] <<< [apiv2][status] POST https://cloudresourcemanager.googleapis.com/v1/projects/tirigist-comrades:testIamPermissions 200
[debug] [2025-02-02T14:11:09.979Z] <<< [apiv2][body] POST https://cloudresourcemanager.googleapis.com/v1/projects/tirigist-comrades:testIamPermissions {"permissions":["firebase.projects.get","firebaseextensions.instances.list"]}
[debug] [2025-02-02T14:11:09.979Z] Checked if tokens are valid: true, expires at: 1738508970616
[debug] [2025-02-02T14:11:09.979Z] Checked if tokens are valid: true, expires at: 1738508970616
[debug] [2025-02-02T14:11:09.980Z] >>> [apiv2][query] GET https://firebaseextensions.googleapis.com/v1beta/projects/tirigist-comrades/instances pageSize=100&pageToken=
[debug] [2025-02-02T14:11:11.929Z] <<< [apiv2][status] GET https://firebaseextensions.googleapis.com/v1beta/projects/tirigist-comrades/instances 200
[debug] [2025-02-02T14:11:11.930Z] <<< [apiv2][body] GET https://firebaseextensions.googleapis.com/v1beta/projects/tirigist-comrades/instances {"instances":[{"name":"projects/tirigist-comrades/instances/firestore-algolia-search","createTime":"2025-01-05T07:55:26.634142Z","updateTime":"2025-01-05T08:15:06.703694Z","state":"ACTIVE","config":{"name":"projects/tirigist-comrades/instances/firestore-algolia-search/configurations/abb951df-57ce-4f76-a306-e1ba19871209","createTime":"2025-01-05T08:09:56.186070Z","source":{"name":"projects/algolia-b2ebc/sources/a9ff9aba-022b-44af-83ef-04c8d1b85593","packageUri":"https://storage.googleapis.com/firebase-extensions-packages-prod/algolia-firestore-algolia-search-1.2.7-45aa5447-9f8b-46a6-95b9-5f7dbe3bda66.zip","hash":"9151b4368a9a5cee01940524e2c13b71929d366153f5cbd944edeb5c787b52c4","extensionRoot":"/","spec":{"specVersion":"v1beta","name":"firestore-algolia-search","version":"1.2.7","description":"Enables full text search of your Cloud Firestore data with Algolia.","roles":[{"role":"datastore.user","reason":"Allows this extension to access Cloud Firestore to read."}],"resources":[{"name":"executeIndexOperation","type":"firebaseextensions.v1beta.function","propertiesYaml":"eventTrigger:\n  eventType: providers/cloud.firestore/eventTypes/document.write\n  resource: projects/${PROJECT_ID}/databases/${DATABASE_ID}/documents/${COLLECTION_PATH}/{documentID}\nlocation: ${LOCATION}\nruntime: nodejs18\n","description":"Firestore document-triggered function that creates, updates, or deletes data in Algolia.","deletionPolicy":"DELETE"},{"name":"executeFullIndexOperation","type":"firebaseextensions.v1beta.function","propertiesYaml":"availableMemoryMb: 1024\nlocation: ${param:LOCATION}\nruntime: nodejs18\ntaskQueueTrigger: {}\ntimeout: 540s\n","description":"Loads all the data from your FireStore database into Algolia","deletionPolicy":"DELETE"}],"billingRequired":true,"author":{"authorName":"Algolia","url":"https://algolia.com"},"contributors":[{"authorName":"Sajid Momin","email":"sajid.momin@algolia.com","url":"https://github.com/smomin"}],"license":"Apache-2.0","sourceUrl":"https://github.com/algolia/firestore-algolia-search/tree/main","params":[{"param":"DATABASE_ID","label":"Database ID","type":"STRING","description":"Enter database that contains the collections that you want to monitor?\n","required":true,"default":"(default)","example":"test","immutable":true},{"param":"COLLECTION_PATH","label":"Collection Path","type":"STRING","description":"What is the path to the Cloud Firestore collection where the extension should monitor for changes?\n","required":true,"example":"store","validationRegex":"^[^/]+(/[^/]+/[^/]+)*$","validationErrorMessage":"Firestore collection paths must be an odd number of segments separated by slashes, e.g. \"movies/{id}/actors\".","immutable":true},{"param":"FIELDS","label":"Indexable Fields","type":"STRING","description":"This can be a comma separated list or left blank to index all fields. For performance reasons, [record size is limited](https://www.algolia.com/doc/guides/sending-and-managing-data/prepare-your-data/in-depth/index-and-records-size-and-usage-limitations/#record-size-limits). If you're receiving errors that your records are too large, refer to the [reducing record size documentation](https://www.algolia.com/doc/guides/sending-and-managing-data/prepare-your-data/how-to/reducing-object-size/).\n","example":"name,category,price,sales"},{"param":"FORCE_DATA_SYNC","label":"Force Data Sync","type":"SELECT","description":"The extension uses approaches to mitigate race conditions but it might not be a 100% fool proof.  This setting will make sure the function is using the latest data from Firestore by making another read call before processing and sending to Algolia.  note: This will be a add to your usage of Firestore.","options":[{"value":"no","label":"No"},{"value":"yes","label":"Yes"}],"default":"no"},{"param":"ALGOLIA_INDEX_NAME","label":"Algolia Index Name","type":"STRING","description":"This is the name of the [Algolia index](https://www.algolia.com/doc/faq/basics/what-is-an-index/) where the records will be persisted. Refer to [naming your index](https://www.algolia.com/doc/guides/sending-and-managing-data/send-and-update-your-data/#naming-your-index) for more information.","required":true},{"param":"ALGOLIA_APP_ID","label":"Algolia Application Id","type":"STRING","description":"This is the Algolia application you want to index your data to. You can find your credentials including application ID on your Algolia dashboard, under the [API keys tab](https://www.algolia.com/api-keys).","required":true},{"param":"ALGOLIA_API_KEY","label":"Algolia API Key","type":"SECRET","description":"We recommend [creating a new API key](https://www.algolia.com/doc/guides/security/api-keys/#creating-and-managing-api-keys) with \"addObject\", \"deleteObject\", \"listIndexes\", \"deleteIndex\", \"editSettings\", and \"settings\" permissions. **Do not use the Admin API key**.","required":true},{"param":"ALT_OBJECT_ID","label":"Alternative Object Id","type":"STRING","description":"Specify an alternative Firestore document property to use for the Algolia record Id.  Use `(path)` if the document path is desired as the Algolia ObjectID.  The default is the Firestore document Id. **If you set this property, make sure to clear out the Algolia Index since the ObjectID will be different resulting in duplicate records.**"},{"param":"TRANSFORM_FUNCTION","label":"Transform Function Name (Experimental)","type":"STRING","description":"Specify a Firebase Cloud Function for any data transformation before saving into Algolia. Refer to [Call functions for your app](https://firebase.google.com/docs/functions/callable)."},{"param":"DO_FULL_INDEXING","label":"Full Index existing documents?","type":"SELECT","description":"Should existing documents in the Firestore collection be indexed as well?\n","required":true,"options":[{"value":"true","label":"Yes"},{"value":"false","label":"No"}]},{"param":"LOCATION","label":"Cloud Functions location","type":"SELECT","description":"Where do you want to deploy the functions created for this extension? You usually want a location close to your database. For help selecting a location, refer to the [location selection guide](https://firebase.google.com/docs/functions/locations).","required":true,"options":[{"value":"us-central1","label":"Iowa (us-central1)"},{"value":"us-east1","label":"South Carolina (us-east1)"},{"value":"us-east4","label":"Northern Virginia (us-east4)"},{"value":"us-west2","label":"Los Angeles (us-west2)"},{"value":"us-west3","label":"Salt Lake City (us-west3)"},{"value":"us-west4","label":"Las Vegas (us-west4)"},{"value":"europe-central2","label":"Warsaw (europe-central2)"},{"value":"europe-west1","label":"Belgium (europe-west1)"},{"value":"europe-west2","label":"London (europe-west2)"},{"value":"europe-west3","label":"Frankfurt (europe-west3)"},{"value":"europe-west6","label":"Zurich (europe-west6)"},{"value":"asia-east2","label":"Hong Kong (asia-east2)"},{"value":"asia-northeast1","label":"Tokyo (asia-northeast1)"},{"value":"asia-northeast2","label":"Osaka (asia-northeast2)"},{"value":"asia-northeast3","label":"Seoul (asia-northeast3)"},{"value":"asia-south1","label":"Mumbai (asia-south1)"},{"value":"asia-southeast2","label":"Jakarta (asia-southeast2)"},{"value":"northamerica-northeast1","label":"Montreal (northamerica-northeast1)"},{"value":"southamerica-east1","label":"Sao Paulo (southamerica-east1)"},{"value":"australia-southeast1","label":"Sydney (australia-southeast1)"}],"immutable":true}],"preinstallContent":"Use this extension to index your Cloud Firestore data to Algolia and keep it synced.  The extension is applied and configured on a Firestore [collection](https://firebase.google.com/docs/firestore/data-model#collections).\n\nThis extension listens for changes on the specified collection. If you add a [document](https://firebase.google.com/docs/firestore/data-model#documents), the extension indexes it as a [record in Algolia](https://www.algolia.com/doc/faq/basics/what-is-a-record/). The extension only indexes the fields defined in the extension configuration and uses the [document Id](https://firebase.google.com/docs/firestore/manage-data/add-data#add_a_document) as the Algolia [object Id](https://www.algolia.com/doc/guides/sending-and-managing-data/send-and-update-your-data/#using-unique-object-identifiers).\n\nAnytime you update a document, the extension propagates the update to the corresponding Algolia record. If you delete a document, the extension removes the corresponding Algolia record.\n\n#### Important\n\nUpon installation or when the extension's configuration is changed, the documents in the specified collection will be synced to Algolia.\n\n#### Additional setup\n\nBefore installing this extension, make sure that you've\n[set up a Cloud Firestore database](https://firebase.google.com/docs/firestore/quickstart)\nin your Firebase project.\n\nYou must also have an Algolia account set up before installing this\nextension. You can do so on the [Algolia](https://www.algolia.com/) site.\n\n#### Billing\n\nThis extension uses the following Firebase services which may have associated charges:\n\n- Cloud Firestore\n- Cloud Functions\n\nThis extension also uses the following third-party services:\n\n- Algolia ([pricing information](https://www.algolia.com/pricing))\n\nYou are responsible for any costs associated with your use of these services.\n\n#### Note from Firebase\n\nTo install this extension, your Firebase project must be on the Blaze (pay-as-you-go) plan. You will only be charged for the resources you use. Most Firebase services offer a free tier for low-volume use. [Learn more about Firebase billing.](https://firebase.google.com/pricing)\n\nYou will be billed a small amount (typically less than $0.10) when you install or reconfigure this extension. See Cloud Functions under [Firebase Pricing](https://firebase.google.com/pricing) for a detailed explanation.\n","postinstallContent":"### See it in action\n\nYou can test out this extension right away:\n\n1.  Go to the [Cloud Firestore tab](https://console.firebase.google.com/project/${param:PROJECT_ID}/database/firestore/data).\n\n1.  If it doesn't exist already, create a collection called `${param:COLLECTION_PATH}`.\n\n1.  Create, update, or delete a document in the `${param:COLLECTION_PATH}` collection.  Go to Algolia's dashboard and verify in Algolia that a record is created, updated, or deleted in the `${param:ALGOLIA_INDEX_NAME}` index for application id `${param:ALGOLIA_APP_ID}`.\n\n### Collection import\n\nIf the collection named `${param:COLLECTION_PATH}` exists, the extension has begun importing documents into the `${param:ALGOLIA_INDEX_NAME}` Algolia Index. Additionally, a full reindex will occur each time the extension's configuration changes.\n\nA `lastmodified` attribute is added to Algolia records to eliminate race condition issues related from the Cloud Function cold start.\n\n### Using the extension\n\nThis extension listens to the Cloud Firestore collection `${param:COLLECTION_PATH}`. If you create, update, or delete a document within that collection, this extension will:\n\n- Indexes the document and send all the fields or configured fields defined in the extension.\n- or, removes the record from Algolia index if the document is deleted.\n\n### Monitoring\n\nAs a best practice, you can [monitor the activity](https://firebase.google.com/docs/extensions/manage-installed-extensions#monitor) of your installed extension, including checks on its health, usage, and logs.\n","readmeContent":"# Search Firestore with Algolia\n\n**Author**: Algolia (**[https://www.algolia.com](https://www.algolia.com)**)\n\n**Description**: Enable full text search of your Cloud Firestore data with Algolia.\n\n**Details**: Use this extension to index your Cloud Firestore data to [Algolia](https://www.algolia.com/doc/) and keep it synced.\n\nYou can then [configure your relevance](/doc/guides/getting-started/how-algolia-works/in-depth/implementation-process/#configuring-relevance) using the [Algolia dashboard](https://www.algolia.com/dashboard) or [API clients](/doc/api-client/getting-started/install/javascript/). From there, you can use Algolia's [front-end libraries](/doc/guides/building-search-ui/what-is-instantsearch/js/) to incorporate search components into your Firebase app's UI.\n\n---\n\nWe welcome [bug reports and feature requests](https://github.com/algolia/firestore-algolia-search/issues/new) as well as pull requests in this GitHub repository.\n\n### Firebase CLI\n\n```bash\nfirebase ext:install algolia/firestore-algolia-search --project=<your-project-id>\n```\n\n> Learn more about installing extensions in the Firebase Extensions documentation: [console](https://firebase.google.com/docs/extensions/install-extensions?platform=console), [CLI](https://firebase.google.com/docs/extensions/install-extensions?platform=cli)\n\n---\n\n#### Details\n\nUse this extension to index your Cloud Firestore data to Algolia and keep it synced.  The extension is applied and configured on a Firestore [collection](https://firebase.google.com/docs/firestore/data-model#collections) or [subcollection](https://firebase.google.com/docs/firestore/data-model#subcollections).\n\nThis extension listens for changes on the specified collection. If you add a [document](https://firebase.google.com/docs/firestore/data-model#documents), the extension indexes it as a [record in Algolia](https://www.algolia.com/doc/faq/basics/what-is-a-record/). The extension only indexes the fields defined in the extension configuration and uses the [document Id](https://firebase.google.com/docs/firestore/manage-data/add-data#add_a_document) as the Algolia [object Id](https://www.algolia.com/doc/guides/sending-and-managing-data/send-and-update-your-data/#using-unique-object-identifiers).\n\nAnytime you update a document, the extension propagates the update to the corresponding Algolia record. If you delete a document, the extension removes the corresponding Algolia record.\n\n#### Additional setup\n\nBefore installing this extension, make sure that you've set up:\n- [Cloud Firestore database](https://firebase.google.com/docs/firestore/quickstart) in your Firebase project.\n- [Algolia](https://www.algolia.com/) account.\n\n\n#### Billing\n\nThis extension uses the following Firebase services which may have associated charges:\n\n- Cloud Firestore\n- Cloud Functions\n\nThis extension also uses the following third-party services:\n\n- Algolia ([pricing information](https://www.algolia.com/pricing))\n\nYou are responsible for any costs associated with your use of these services.\n\n#### Note from Firebase\n\nTo install this extension, your Firebase project must be on the Blaze (pay-as-you-go) plan. You will only be charged for the resources you use. Most Firebase services offer a free tier for low-volume use. [Learn more about Firebase billing.](https://firebase.google.com/pricing)\n\nYou will be billed a small amount (typically less than $0.10) when you install or reconfigure this extension. See Cloud Functions under [Firebase Pricing](https://firebase.google.com/pricing) for a detailed explanation.\n\n#### Configuration Parameters\n\nCloud Functions Location: Where do you want to deploy the functions created for this extension?\n  You usually want a location close to your database.\n  For help selecting a location, refer to the\n  [location selection guide](https://firebase.google.com/docs/functions/locations).\n- Database Id: Enter the database id that contains the collection(s) that you want to monitor?\n  Firebase supports [multiple databases](https://cloud.google.com/blog/products/databases/manage-multiple-firestore-databases-in-a-project) in a project.  In order to use a non default database, enter the database Id.\n\n- Collection Path: What is the path to the Cloud Firestore collection where the extension should monitor for changes?\n  For subcollection, the syntax is `parent_collection/{parentId}/target_collection`. (please note, there is not depublication process on subcollections).\n\n- Fields: What document fields should be indexed to provide the best search experience? For more information on which fields to index to Algolia, see the [Algolia documentation on records](https://www.algolia.com/doc/guides/sending-and-managing-data/prepare-your-data/#algolia-records).\n  This can be a comma separated list or left blank to index all fields.\n  For performance reasons, [record size is limited](https://www.algolia.com/doc/guides/sending-and-managing-data/prepare-your-data/in-depth/index-and-records-size-and-usage-limitations/#record-size-limits).\n  If you're receiving errors that your records are too large, refer to the [reducing record size documentation](https://www.algolia.com/doc/guides/sending-and-managing-data/prepare-your-data/how-to/reducing-object-size/).\n\n- Force Data Sync: Are you facing data inconsistent issues possibly due to race conditions?\n  This setting will make sure the function is using the latest data from Firestore by making another read call before processing and sending to Algolia.\n\n- Algolia Application ID: What is the Algolia Application Id?\n  This is the Algolia application you want to index your data to.\n  You can find your credentials including application ID on your Algolia dashboard,\n  under the [API keys tab](https://www.algolia.com/api-keys).\n\n- Algolia API Key: What is your Algolia API key?\n  We recommend [creating a new API key](https://www.algolia.com/doc/guides/security/api-keys/#creating-and-managing-api-keys)\n  with \"addObject\", \"deleteObject\", \"listIndexes\", \"deleteIndex\", \"editSettings\", and \"settings\" permissions.\n  **Do not use the Admin API key**.\n\n- Algolia Index Name: What is the Algolia index name?\n  This is the name of the [Algolia index](https://www.algolia.com/doc/faq/basics/what-is-an-index/)\n  where the records will be persisted.\n  Refer to [naming your index](https://www.algolia.com/doc/guides/sending-and-managing-data/send-and-update-your-data/#naming-your-index) for more information.\n\n- Alternative Object Id: Are you looking to use another Firestore document property or document path as the Algolia ObjectID?\n  Specify an alternative Firestore document property to use for the Algolia record Id.  Use `(path)` if the document path is desired as the Algolia ObjectID.  The default is the Firestore document Id.\n  **If you set this property, make sure to clear out the Algolia Index since the ObjectID will be different resulting in duplicate records.**\n\n- Transform Function Name (experimental): What is the Firebase Cloud Function Name?\n  This is the name of the Firestore Cloud Function for transforming the data before transmitting to Algolia for indexing.\n  This function should be deployed to the same Firebase Project and Location as the Firestore/Algolia extension.\n  Refer to [Call functions for your app](https://firebase.google.com/docs/functions/callable).\n  Below is an example of a Transform function used for my testing:\n  ```javascript\n    import * as functions from \"firebase-functions\";\n\n    const doStuffToData = (payload: any) => {\n      return {\n      ...payload,\n      \"hello\": \"world\",\n      };\n    };\n\n    export const helloWorld = functions.https.onCall((payload) => {\n      const transformedData = doStuffToData(payload);\n      return transformedData;\n    });\n  ```\n  **Note**: The Transform Firebase Function should be set up to unauthenticated users at this time.\n\n#### Cloud Functions\n\n- **executeIndexOperation:** Firestore document-triggered function that creates, updates, or deletes data in Algolia.\n","externalServices":[{"name":"Algolia","pricingUri":"https://algolia.com/pricing"}],"lifecycleEvents":[{"stage":"ON_INSTALL","processingMessage":"Indexing existing documents in ${COLLECTION_PATH}","taskQueueTriggerFunction":"executeFullIndexOperation"},{"stage":"ON_UPDATE","processingMessage":"Indexing existing documents in ${COLLECTION_PATH}","taskQueueTriggerFunction":"executeFullIndexOperation"},{"stage":"ON_CONFIGURE","processingMessage":"Indexing existing documents in ${COLLECTION_PATH}","taskQueueTriggerFunction":"executeFullIndexOperation"}],"displayName":"Search Firestore with Algolia","tags":["ai","search","semantic-search","vector-search","text-search"]},"fetchTime":"2024-07-05T04:35:11.264165Z","lastOperationName":"projects/algolia-b2ebc/operations/ea678f9d-3a07-446f-b67b-1edf37a705e0","state":"ACTIVE"},"params":{"COLLECTION_PATH":"uploads","FIELDS":"course,description,price,tags,title,previewUrl","ALGOLIA_INDEX_NAME":"uploads","DO_FULL_INDEXING":"true","ALGOLIA_API_KEY":"projects/480943047907/secrets/firestore-algolia-search-ALGOLIA_API_KEY/versions/1","LOCATION":"europe-west6","FORCE_DATA_SYNC":"no","DATABASE_ID":"(default)","ALGOLIA_APP_ID":"Q6FJHVB9YV"},"populatedPostinstallContent":"### See it in action\n\nYou can test out this extension right away:\n\n1.  Go to the [Cloud Firestore tab](https://console.firebase.google.com/project/tirigist-comrades/database/firestore/data).\n\n1.  If it doesn't exist already, create a collection called `uploads`.\n\n1.  Create, update, or delete a document in the `uploads` collection.  Go to Algolia's dashboard and verify in Algolia that a record is created, updated, or deleted in the `uploads` index for application id `Q6FJHVB9YV`.\n\n### Collection import\n\nIf the collection named `uploads` exists, the extension has begun importing documents into the `uploads` Algolia Index. Additionally, a full reindex will occur each time the extension's configuration changes.\n\nA `lastmodified` attribute is added to Algolia records to eliminate race condition issues related from the Cloud Function cold start.\n\n### Using the extension\n\nThis extension listens to the Cloud Firestore collection `uploads`. If you create, update, or delete a document within that collection, this extension will:\n\n- Indexes the document and send all the fields or configured fields defined in the extension.\n- or, removes the record from Algolia index if the document is deleted.\n\n### Monitoring\n\nAs a best practice, you can [monitor the activity](https://firebase.google.com/docs/extensions/manage-installed-extensions#monitor) of your installed extension, including checks on its health, usage, and logs.\n","extensionRef":"algolia/firestore-algolia-search","extensionVersion":"1.2.7","systemParams":{"firebaseextensions.v1beta.function/minInstances":"0","firebaseextensions.v1beta.function/memory":"256","firebaseextensions.v1beta.function/vpcConnectorEgressSettings":"VPC_CONNECTOR_EGRESS_SETTINGS_UNSPECIFIED"}},"lastOperationName":"projects/tirigist-comrades/operations/109cecc4-8aef-4ff3-8e63-dc07b882ef27","serviceAccountEmail":"ext-firestore-algolia-search@tirigist-comrades.iam.gserviceaccount.com","lastOperationType":"CONFIGURE","etag":"9e18b6009b3ddcb95c6af8ff25388c80ec7c3494cbfa09e110629cd94e969da5","runtimeData":{"stateUpdateTime":"2025-01-05T08:16:03.298022687Z","processingState":{"state":"PROCESSING_COMPLETE","detailMessage":"Successfully indexed 1 documents in 2174ms."}}}]}
[debug] [2025-02-02T14:11:11.933Z] Checked if tokens are valid: true, expires at: 1738508970616
[debug] [2025-02-02T14:11:11.933Z] Checked if tokens are valid: true, expires at: 1738508970616
[debug] [2025-02-02T14:11:11.934Z] >>> [apiv2][query] GET https://secretmanager.googleapis.com/v1/projects/tirigist-comrades/secrets/INTASEND_SECRET_API_KEY [none]
[debug] [2025-02-02T14:11:13.683Z] <<< [apiv2][status] GET https://secretmanager.googleapis.com/v1/projects/tirigist-comrades/secrets/INTASEND_SECRET_API_KEY 200
[debug] [2025-02-02T14:11:13.683Z] <<< [apiv2][body] GET https://secretmanager.googleapis.com/v1/projects/tirigist-comrades/secrets/INTASEND_SECRET_API_KEY {"name":"projects/480943047907/secrets/INTASEND_SECRET_API_KEY","replication":{"automatic":{}},"createTime":"2025-01-01T06:25:57.210038Z","labels":{"firebase-managed":"functions"},"etag":"\"162a9f1e535bb6\""}
[debug] [2025-02-02T14:11:13.684Z] Checked if tokens are valid: true, expires at: 1738508970616
[debug] [2025-02-02T14:11:13.684Z] Checked if tokens are valid: true, expires at: 1738508970616
[debug] [2025-02-02T14:11:13.685Z] >>> [apiv2][query] GET https://secretmanager.googleapis.com/v1/projects/tirigist-comrades/secrets/INTASEND_SECRET_API_KEY/versions/latest [none]
[debug] [2025-02-02T14:11:14.160Z] <<< [apiv2][status] GET https://secretmanager.googleapis.com/v1/projects/tirigist-comrades/secrets/INTASEND_SECRET_API_KEY/versions/latest 200
[debug] [2025-02-02T14:11:14.160Z] <<< [apiv2][body] GET https://secretmanager.googleapis.com/v1/projects/tirigist-comrades/secrets/INTASEND_SECRET_API_KEY/versions/latest {"name":"projects/480943047907/secrets/INTASEND_SECRET_API_KEY/versions/1","createTime":"2025-01-01T06:26:16.168658Z","state":"ENABLED","replicationStatus":{"automatic":{}},"etag":"\"162a9f1f74a4d2\""}
[debug] [2025-02-02T14:11:14.161Z] Checked if tokens are valid: true, expires at: 1738508970616
[debug] [2025-02-02T14:11:14.161Z] Checked if tokens are valid: true, expires at: 1738508970616
[debug] [2025-02-02T14:11:14.161Z] >>> [apiv2][query] GET https://secretmanager.googleapis.com/v1/projects/tirigist-comrades/secrets/AUTH_FIREBASE_PRIVATE_KEY [none]
[debug] [2025-02-02T14:11:14.695Z] <<< [apiv2][status] GET https://secretmanager.googleapis.com/v1/projects/tirigist-comrades/secrets/AUTH_FIREBASE_PRIVATE_KEY 200
[debug] [2025-02-02T14:11:14.696Z] <<< [apiv2][body] GET https://secretmanager.googleapis.com/v1/projects/tirigist-comrades/secrets/AUTH_FIREBASE_PRIVATE_KEY {"name":"projects/480943047907/secrets/AUTH_FIREBASE_PRIVATE_KEY","replication":{"automatic":{}},"createTime":"2025-01-31T06:17:36.864155Z","labels":{"firebase-managed":"functions"},"etag":"\"162cfa7fbdef9b\""}
[debug] [2025-02-02T14:11:14.696Z] Checked if tokens are valid: true, expires at: 1738508970616
[debug] [2025-02-02T14:11:14.696Z] Checked if tokens are valid: true, expires at: 1738508970616
[debug] [2025-02-02T14:11:14.697Z] >>> [apiv2][query] GET https://secretmanager.googleapis.com/v1/projects/tirigist-comrades/secrets/AUTH_FIREBASE_PRIVATE_KEY/versions/latest [none]
[debug] [2025-02-02T14:11:15.253Z] <<< [apiv2][status] GET https://secretmanager.googleapis.com/v1/projects/tirigist-comrades/secrets/AUTH_FIREBASE_PRIVATE_KEY/versions/latest 200
[debug] [2025-02-02T14:11:15.253Z] <<< [apiv2][body] GET https://secretmanager.googleapis.com/v1/projects/tirigist-comrades/secrets/AUTH_FIREBASE_PRIVATE_KEY/versions/latest {"name":"projects/480943047907/secrets/AUTH_FIREBASE_PRIVATE_KEY/versions/1","createTime":"2025-01-31T06:17:42.732460Z","state":"ENABLED","replicationStatus":{"automatic":{}},"etag":"\"162cfa80177aac\""}
[debug] [2025-02-02T14:11:15.253Z] Checked if tokens are valid: true, expires at: 1738508970616
[debug] [2025-02-02T14:11:15.253Z] Checked if tokens are valid: true, expires at: 1738508970616
[debug] [2025-02-02T14:11:15.253Z] >>> [apiv2][query] GET https://secretmanager.googleapis.com/v1/projects/tirigist-comrades/secrets/AUTH_FIREBASE_CLIENT_EMAIL [none]
[debug] [2025-02-02T14:11:15.629Z] <<< [apiv2][status] GET https://secretmanager.googleapis.com/v1/projects/tirigist-comrades/secrets/AUTH_FIREBASE_CLIENT_EMAIL 200
[debug] [2025-02-02T14:11:15.630Z] <<< [apiv2][body] GET https://secretmanager.googleapis.com/v1/projects/tirigist-comrades/secrets/AUTH_FIREBASE_CLIENT_EMAIL {"name":"projects/480943047907/secrets/AUTH_FIREBASE_CLIENT_EMAIL","replication":{"automatic":{}},"createTime":"2025-01-31T06:18:08.959351Z","labels":{"firebase-managed":"functions"},"etag":"\"162cfa81a7ab77\""}
[debug] [2025-02-02T14:11:15.630Z] Checked if tokens are valid: true, expires at: 1738508970616
[debug] [2025-02-02T14:11:15.630Z] Checked if tokens are valid: true, expires at: 1738508970616
[debug] [2025-02-02T14:11:15.630Z] >>> [apiv2][query] GET https://secretmanager.googleapis.com/v1/projects/tirigist-comrades/secrets/AUTH_FIREBASE_CLIENT_EMAIL/versions/latest [none]
[debug] [2025-02-02T14:11:15.914Z] <<< [apiv2][status] GET https://secretmanager.googleapis.com/v1/projects/tirigist-comrades/secrets/AUTH_FIREBASE_CLIENT_EMAIL/versions/latest 200
[debug] [2025-02-02T14:11:15.914Z] <<< [apiv2][body] GET https://secretmanager.googleapis.com/v1/projects/tirigist-comrades/secrets/AUTH_FIREBASE_CLIENT_EMAIL/versions/latest {"name":"projects/480943047907/secrets/AUTH_FIREBASE_CLIENT_EMAIL/versions/1","createTime":"2025-01-31T06:18:15.123574Z","state":"ENABLED","replicationStatus":{"automatic":{}},"etag":"\"162cfa8205ba76\""}
[debug] [2025-02-02T14:11:15.915Z] Checked if tokens are valid: true, expires at: 1738508970616
[debug] [2025-02-02T14:11:15.915Z] Checked if tokens are valid: true, expires at: 1738508970616
[debug] [2025-02-02T14:11:15.915Z] >>> [apiv2][query] GET https://secretmanager.googleapis.com/v1/projects/tirigist-comrades/secrets/AUTH_FIREBASE_PROJECT_ID [none]
[debug] [2025-02-02T14:11:16.285Z] <<< [apiv2][status] GET https://secretmanager.googleapis.com/v1/projects/tirigist-comrades/secrets/AUTH_FIREBASE_PROJECT_ID 200
[debug] [2025-02-02T14:11:16.286Z] <<< [apiv2][body] GET https://secretmanager.googleapis.com/v1/projects/tirigist-comrades/secrets/AUTH_FIREBASE_PROJECT_ID {"name":"projects/480943047907/secrets/AUTH_FIREBASE_PROJECT_ID","replication":{"automatic":{}},"createTime":"2025-01-31T06:18:36.036321Z","labels":{"firebase-managed":"functions"},"etag":"\"162cfa8344d4e1\""}
[debug] [2025-02-02T14:11:16.286Z] Checked if tokens are valid: true, expires at: 1738508970616
[debug] [2025-02-02T14:11:16.286Z] Checked if tokens are valid: true, expires at: 1738508970616
[debug] [2025-02-02T14:11:16.286Z] >>> [apiv2][query] GET https://secretmanager.googleapis.com/v1/projects/tirigist-comrades/secrets/AUTH_FIREBASE_PROJECT_ID/versions/latest [none]
[debug] [2025-02-02T14:11:16.690Z] <<< [apiv2][status] GET https://secretmanager.googleapis.com/v1/projects/tirigist-comrades/secrets/AUTH_FIREBASE_PROJECT_ID/versions/latest 200
[debug] [2025-02-02T14:11:16.691Z] <<< [apiv2][body] GET https://secretmanager.googleapis.com/v1/projects/tirigist-comrades/secrets/AUTH_FIREBASE_PROJECT_ID/versions/latest {"name":"projects/480943047907/secrets/AUTH_FIREBASE_PROJECT_ID/versions/1","createTime":"2025-01-31T06:18:41.618549Z","state":"ENABLED","replicationStatus":{"automatic":{}},"etag":"\"162cfa839a0275\""}
[info] i  functions: preparing functions-ts directory for uploading... 
[info] i  functions: packaged C:\Users\HomePC\Desktop\ali\Projects\tirigist\comrades\functions-ts (90.54 KB) for uploading 
[info] i  functions: packaged C:\Users\HomePC\Desktop\ali\Projects\tirigist\comrades\functions-ts (90.82 KB) for uploading 
[debug] [2025-02-02T14:11:16.807Z] Checked if tokens are valid: true, expires at: 1738508970616
[debug] [2025-02-02T14:11:16.807Z] Checked if tokens are valid: true, expires at: 1738508970616
[debug] [2025-02-02T14:11:16.807Z] >>> [apiv2][query] GET https://cloudfunctions.googleapis.com/v1/projects/tirigist-comrades/locations/-/functions [none]
[debug] [2025-02-02T14:11:19.135Z] <<< [apiv2][status] GET https://cloudfunctions.googleapis.com/v1/projects/tirigist-comrades/locations/-/functions 200
[debug] [2025-02-02T14:11:19.136Z] <<< [apiv2][body] GET https://cloudfunctions.googleapis.com/v1/projects/tirigist-comrades/locations/-/functions {"functions":[{"name":"projects/tirigist-comrades/locations/europe-west6/functions/ext-firestore-algolia-search-executeFullIndexOperation","description":"Loads all the data from your FireStore database into Algolia","sourceArchiveUrl":"gs://firebase-mod-sources-prod/d6c31a7fd8927200a309842355f2b424db0cbdd4db82bac19514d2358a9726ee","httpsTrigger":{"url":"https://europe-west6-tirigist-comrades.cloudfunctions.net/ext-firestore-algolia-search-executeFullIndexOperation","securityLevel":"SECURE_OPTIONAL"},"status":"ACTIVE","entryPoint":"executeFullIndexOperation","timeout":"540s","availableMemoryMb":1024,"serviceAccountEmail":"ext-firestore-algolia-search@tirigist-comrades.iam.gserviceaccount.com","updateTime":"2025-01-05T08:14:33.239Z","versionId":"2","labels":{"goog-dm":"firebase-ext-firestore-algolia-search","goog-firebase-ext":"firestore-algolia-search","deployment-tool":"firebase-extensions","goog-firebase-ext-iid":"firestore-algolia-search","firebase-extensions-ar":"enabled"},"environmentVariables":{"ALGOLIA_APP_ID":"Q6FJHVB9YV","ALGOLIA_INDEX_NAME":"uploads","COLLECTION_PATH":"uploads","DATABASE_ID":"(default)","DATABASE_INSTANCE":"","DATABASE_URL":"","DO_FULL_INDEXING":"true","EXT_INSTANCE_ID":"firestore-algolia-search","FIELDS":"course,description,price,tags,title,previewUrl","FIREBASE_CONFIG":"{\"projectId\":\"tirigist-comrades\",\"databaseURL\":\"\",\"storageBucket\":\"tirigist-comrades.firebasestorage.app\"}","FORCE_DATA_SYNC":"no","GCLOUD_PROJECT":"tirigist-comrades","LOCATION":"europe-west6","PROJECT_ID":"tirigist-comrades","STORAGE_BUCKET":"tirigist-comrades.firebasestorage.app"},"runtime":"nodejs18","ingressSettings":"ALLOW_ALL","buildId":"3a3847b2-f6d0-4fe0-b983-62c92da73349","buildEnvironmentVariables":{"GOOGLE_NODE_RUN_SCRIPTS":""},"secretEnvironmentVariables":[{"key":"ALGOLIA_API_KEY","projectId":"480943047907","secret":"firestore-algolia-search-ALGOLIA_API_KEY","version":"1"}],"buildName":"projects/480943047907/locations/europe-west6/builds/3a3847b2-f6d0-4fe0-b983-62c92da73349","dockerRegistry":"ARTIFACT_REGISTRY","automaticUpdatePolicy":{},"buildServiceAccount":"projects/tirigist-comrades/serviceAccounts/480943047907-compute@developer.gserviceaccount.com"},{"name":"projects/tirigist-comrades/locations/europe-west6/functions/ext-firestore-algolia-search-executeIndexOperation","description":"Firestore document-triggered function that creates, updates, or deletes data in Algolia.","sourceArchiveUrl":"gs://firebase-mod-sources-prod/d6c31a7fd8927200a309842355f2b424db0cbdd4db82bac19514d2358a9726ee","eventTrigger":{"eventType":"providers/cloud.firestore/eventTypes/document.write","resource":"projects/tirigist-comrades/databases/(default)/documents/uploads/{documentID}","service":"firestore.googleapis.com","failurePolicy":{}},"status":"ACTIVE","entryPoint":"executeIndexOperation","timeout":"60s","availableMemoryMb":256,"serviceAccountEmail":"ext-firestore-algolia-search@tirigist-comrades.iam.gserviceaccount.com","updateTime":"2025-01-05T08:14:46.001Z","versionId":"2","labels":{"goog-dm":"firebase-ext-firestore-algolia-search","goog-firebase-ext":"firestore-algolia-search","deployment-tool":"firebase-extensions","goog-firebase-ext-iid":"firestore-algolia-search","firebase-extensions-ar":"enabled"},"environmentVariables":{"ALGOLIA_APP_ID":"Q6FJHVB9YV","ALGOLIA_INDEX_NAME":"uploads","COLLECTION_PATH":"uploads","DATABASE_ID":"(default)","DATABASE_INSTANCE":"","DATABASE_URL":"","DO_FULL_INDEXING":"true","EXT_INSTANCE_ID":"firestore-algolia-search","FIELDS":"course,description,price,tags,title,previewUrl","FIREBASE_CONFIG":"{\"projectId\":\"tirigist-comrades\",\"databaseURL\":\"\",\"storageBucket\":\"tirigist-comrades.firebasestorage.app\"}","FORCE_DATA_SYNC":"no","GCLOUD_PROJECT":"tirigist-comrades","LOCATION":"europe-west6","PROJECT_ID":"tirigist-comrades","STORAGE_BUCKET":"tirigist-comrades.firebasestorage.app"},"runtime":"nodejs18","maxInstances":3000,"ingressSettings":"ALLOW_INTERNAL_ONLY","buildId":"7f1be53d-5aa0-4327-8602-1c65a9d6d72f","buildEnvironmentVariables":{"GOOGLE_NODE_RUN_SCRIPTS":""},"secretEnvironmentVariables":[{"key":"ALGOLIA_API_KEY","projectId":"480943047907","secret":"firestore-algolia-search-ALGOLIA_API_KEY","version":"1"}],"buildName":"projects/480943047907/locations/europe-west6/builds/7f1be53d-5aa0-4327-8602-1c65a9d6d72f","dockerRegistry":"ARTIFACT_REGISTRY","automaticUpdatePolicy":{},"buildServiceAccount":"projects/tirigist-comrades/serviceAccounts/480943047907-compute@developer.gserviceaccount.com"},{"name":"projects/tirigist-comrades/locations/us-central1/functions/createUserDocument","eventTrigger":{"eventType":"providers/firebase.auth/eventTypes/user.create","resource":"projects/tirigist-comrades","service":"firebaseauth.googleapis.com","failurePolicy":{}},"status":"ACTIVE","entryPoint":"createUserDocument","timeout":"60s","availableMemoryMb":256,"serviceAccountEmail":"tirigist-comrades@appspot.gserviceaccount.com","updateTime":"2025-02-02T11:51:49.872Z","versionId":"19","labels":{"deployment-tool":"cli-firebase","firebase-functions-hash":"fed1bb6abb954befb46c7b9b9b895c30da844c1f"},"sourceUploadUrl":"https://storage.googleapis.com/uploads-925032658726.us-central1.cloudfunctions.appspot.com/cafdb36a-ed1b-42f9-b1ca-5b830240f334.zip","environmentVariables":{"FIREBASE_CONFIG":"{\"projectId\":\"tirigist-comrades\",\"storageBucket\":\"tirigist-comrades.firebasestorage.app\"}","GCLOUD_PROJECT":"tirigist-comrades","EVENTARC_CLOUD_EVENT_SOURCE":"projects/tirigist-comrades/locations/us-central1/functions/createUserDocument"},"runtime":"nodejs20","maxInstances":3000,"ingressSettings":"ALLOW_ALL","buildId":"5f626cfc-8888-4d10-b3e9-b2f451f29a92","buildEnvironmentVariables":{"GOOGLE_NODE_RUN_SCRIPTS":""},"secretEnvironmentVariables":[{"key":"INTASEND_SECRET_API_KEY","projectId":"480943047907","secret":"INTASEND_SECRET_API_KEY","version":"1"}],"buildName":"projects/480943047907/locations/us-central1/builds/5f626cfc-8888-4d10-b3e9-b2f451f29a92","dockerRegistry":"ARTIFACT_REGISTRY","automaticUpdatePolicy":{},"buildServiceAccount":"projects/tirigist-comrades/serviceAccounts/480943047907-compute@developer.gserviceaccount.com"}]}
[debug] [2025-02-02T14:11:19.139Z] Checked if tokens are valid: true, expires at: 1738508970616
[debug] [2025-02-02T14:11:19.139Z] Checked if tokens are valid: true, expires at: 1738508970616
[debug] [2025-02-02T14:11:19.140Z] >>> [apiv2][query] GET https://cloudfunctions.googleapis.com/v2/projects/tirigist-comrades/locations/-/functions filter=environment%3D%22GEN_2%22
[debug] [2025-02-02T14:11:21.523Z] <<< [apiv2][status] GET https://cloudfunctions.googleapis.com/v2/projects/tirigist-comrades/locations/-/functions 200
[debug] [2025-02-02T14:11:21.524Z] <<< [apiv2][body] GET https://cloudfunctions.googleapis.com/v2/projects/tirigist-comrades/locations/-/functions {"functions":[{"name":"projects/tirigist-comrades/locations/us-central1/functions/onUploadDocumentCreated","buildConfig":{"build":"projects/480943047907/locations/us-central1/builds/37140dd7-629c-41f7-99e6-52f4a2b70348","runtime":"nodejs20","entryPoint":"onUploadDocumentCreated","source":{"storageSource":{"bucket":"gcf-v2-sources-480943047907-us-central1","object":"onUploadDocumentCreated/function-source.zip","generation":"1738497016108902"}},"environmentVariables":{"GOOGLE_NODE_RUN_SCRIPTS":""},"dockerRepository":"projects/tirigist-comrades/locations/us-central1/repositories/gcf-artifacts","sourceProvenance":{"resolvedStorageSource":{"bucket":"gcf-v2-sources-480943047907-us-central1","object":"onUploadDocumentCreated/function-source.zip","generation":"1738497016108902"}},"dockerRegistry":"ARTIFACT_REGISTRY","serviceAccount":"projects/tirigist-comrades/serviceAccounts/480943047907-compute@developer.gserviceaccount.com","automaticUpdatePolicy":{}},"serviceConfig":{"service":"projects/tirigist-comrades/locations/us-central1/services/onuploaddocumentcreated","timeoutSeconds":60,"environmentVariables":{"FIREBASE_CONFIG":"{\"projectId\":\"tirigist-comrades\",\"storageBucket\":\"tirigist-comrades.firebasestorage.app\"}","GCLOUD_PROJECT":"tirigist-comrades","EVENTARC_CLOUD_EVENT_SOURCE":"projects/tirigist-comrades/locations/us-central1/services/onUploadDocumentCreated","FUNCTION_SIGNATURE_TYPE":"cloudevent","FUNCTION_TARGET":"onUploadDocumentCreated","LOG_EXECUTION_ID":"true"},"maxInstanceCount":3,"ingressSettings":"ALLOW_ALL","uri":"https://onuploaddocumentcreated-6nlgdij53q-uc.a.run.app","serviceAccountEmail":"480943047907-compute@developer.gserviceaccount.com","availableMemory":"256Mi","allTrafficOnLatestRevision":true,"secretEnvironmentVariables":[{"key":"AUTH_FIREBASE_PRIVATE_KEY","projectId":"tirigist-comrades","secret":"AUTH_FIREBASE_PRIVATE_KEY","version":"1"},{"key":"AUTH_FIREBASE_CLIENT_EMAIL","projectId":"tirigist-comrades","secret":"AUTH_FIREBASE_CLIENT_EMAIL","version":"1"},{"key":"AUTH_FIREBASE_PROJECT_ID","projectId":"tirigist-comrades","secret":"AUTH_FIREBASE_PROJECT_ID","version":"1"}],"revision":"onuploaddocumentcreated-00019-dor","maxInstanceRequestConcurrency":80,"availableCpu":"1"},"eventTrigger":{"trigger":"projects/tirigist-comrades/locations/africa-south1/triggers/onuploaddocumentcreated-582218","triggerRegion":"africa-south1","eventType":"google.cloud.firestore.document.v1.created","eventFilters":[{"attribute":"database","value":"(default)"},{"attribute":"namespace","value":"(default)"},{"attribute":"document","value":"uploads/{documentId}","operator":"match-path-pattern"}],"pubsubTopic":"projects/tirigist-comrades/topics/eventarc-africa-south1-onuploaddocumentcreated-582218-445","serviceAccountEmail":"480943047907-compute@developer.gserviceaccount.com","retryPolicy":"RETRY_POLICY_DO_NOT_RETRY"},"state":"ACTIVE","updateTime":"2025-02-02T11:51:45.099738642Z","labels":{"deployment-tool":"cli-firebase","firebase-functions-hash":"bf347c9d6c51a0332ab84df14afa657266a371b9"},"environment":"GEN_2","url":"https://us-central1-tirigist-comrades.cloudfunctions.net/onUploadDocumentCreated","createTime":"2025-01-31T06:46:35.963366444Z"},{"name":"projects/tirigist-comrades/locations/us-central1/functions/onFileUploaded","buildConfig":{"build":"projects/480943047907/locations/us-central1/builds/37140dd7-629c-41f7-99e6-52f4a2b70348","runtime":"nodejs20","entryPoint":"onFileUploaded","source":{"storageSource":{"bucket":"gcf-v2-sources-480943047907-us-central1","object":"onFileUploaded/function-source.zip","generation":"1738497081376130"}},"environmentVariables":{"GOOGLE_NODE_RUN_SCRIPTS":""},"dockerRepository":"projects/tirigist-comrades/locations/us-central1/repositories/gcf-artifacts","sourceProvenance":{"resolvedStorageSource":{"bucket":"gcf-v2-sources-480943047907-us-central1","object":"onFileUploaded/function-source.zip","generation":"1738497081376130"}},"dockerRegistry":"ARTIFACT_REGISTRY","serviceAccount":"projects/tirigist-comrades/serviceAccounts/480943047907-compute@developer.gserviceaccount.com","automaticUpdatePolicy":{}},"serviceConfig":{"service":"projects/tirigist-comrades/locations/us-central1/services/onfileuploaded","timeoutSeconds":60,"environmentVariables":{"FIREBASE_CONFIG":"{\"projectId\":\"tirigist-comrades\",\"storageBucket\":\"tirigist-comrades.firebasestorage.app\"}","GCLOUD_PROJECT":"tirigist-comrades","EVENTARC_CLOUD_EVENT_SOURCE":"projects/tirigist-comrades/locations/us-central1/services/onFileUploaded","FUNCTION_SIGNATURE_TYPE":"cloudevent","FUNCTION_TARGET":"onFileUploaded","LOG_EXECUTION_ID":"true"},"maxInstanceCount":3,"ingressSettings":"ALLOW_ALL","uri":"https://onfileuploaded-6nlgdij53q-uc.a.run.app","serviceAccountEmail":"480943047907-compute@developer.gserviceaccount.com","availableMemory":"256Mi","allTrafficOnLatestRevision":true,"revision":"onfileuploaded-00019-fey","maxInstanceRequestConcurrency":80,"availableCpu":"1"},"eventTrigger":{"trigger":"projects/tirigist-comrades/locations/us-central1/triggers/onfileuploaded-072624","triggerRegion":"us-central1","eventType":"google.cloud.storage.object.v1.finalized","eventFilters":[{"attribute":"bucket","value":"tirigist-comrades.firebasestorage.app"}],"pubsubTopic":"projects/tirigist-comrades/topics/eventarc-us-central1-onfileuploaded-072624-688","serviceAccountEmail":"480943047907-compute@developer.gserviceaccount.com","retryPolicy":"RETRY_POLICY_DO_NOT_RETRY"},"state":"ACTIVE","updateTime":"2025-02-02T11:51:42.029755335Z","labels":{"deployment-tool":"cli-firebase","firebase-functions-hash":"8bfc4aaf639dba4a37ad436d2ed74ab2d685b441"},"environment":"GEN_2","url":"https://us-central1-tirigist-comrades.cloudfunctions.net/onFileUploaded","createTime":"2025-01-31T06:47:32.404238896Z"},{"name":"projects/tirigist-comrades/locations/us-central1/functions/onUploadDocumentUpdated","buildConfig":{"build":"projects/480943047907/locations/us-central1/builds/37140dd7-629c-41f7-99e6-52f4a2b70348","runtime":"nodejs20","entryPoint":"onUploadDocumentUpdated","source":{"storageSource":{"bucket":"gcf-v2-sources-480943047907-us-central1","object":"onUploadDocumentUpdated/function-source.zip","generation":"1738497082902847"}},"environmentVariables":{"GOOGLE_NODE_RUN_SCRIPTS":""},"dockerRepository":"projects/tirigist-comrades/locations/us-central1/repositories/gcf-artifacts","sourceProvenance":{"resolvedStorageSource":{"bucket":"gcf-v2-sources-480943047907-us-central1","object":"onUploadDocumentUpdated/function-source.zip","generation":"1738497082902847"}},"dockerRegistry":"ARTIFACT_REGISTRY","serviceAccount":"projects/tirigist-comrades/serviceAccounts/480943047907-compute@developer.gserviceaccount.com","automaticUpdatePolicy":{}},"serviceConfig":{"service":"projects/tirigist-comrades/locations/us-central1/services/onuploaddocumentupdated","timeoutSeconds":60,"environmentVariables":{"FIREBASE_CONFIG":"{\"projectId\":\"tirigist-comrades\",\"storageBucket\":\"tirigist-comrades.firebasestorage.app\"}","GCLOUD_PROJECT":"tirigist-comrades","EVENTARC_CLOUD_EVENT_SOURCE":"projects/tirigist-comrades/locations/us-central1/services/onUploadDocumentUpdated","FUNCTION_SIGNATURE_TYPE":"cloudevent","FUNCTION_TARGET":"onUploadDocumentUpdated","LOG_EXECUTION_ID":"true"},"maxInstanceCount":3,"ingressSettings":"ALLOW_ALL","uri":"https://onuploaddocumentupdated-6nlgdij53q-uc.a.run.app","serviceAccountEmail":"480943047907-compute@developer.gserviceaccount.com","availableMemory":"256Mi","allTrafficOnLatestRevision":true,"revision":"onuploaddocumentupdated-00010-won","maxInstanceRequestConcurrency":80,"availableCpu":"1"},"eventTrigger":{"trigger":"projects/tirigist-comrades/locations/africa-south1/triggers/onuploaddocumentupdated-696489","triggerRegion":"africa-south1","eventType":"google.cloud.firestore.document.v1.updated","eventFilters":[{"attribute":"document","value":"uploads/{documentId}","operator":"match-path-pattern"},{"attribute":"database","value":"(default)"},{"attribute":"namespace","value":"(default)"}],"pubsubTopic":"projects/tirigist-comrades/topics/eventarc-africa-south1-onuploaddocumentupdated-696489-477","serviceAccountEmail":"480943047907-compute@developer.gserviceaccount.com","retryPolicy":"RETRY_POLICY_DO_NOT_RETRY"},"state":"ACTIVE","updateTime":"2025-02-02T11:51:42.477012869Z","labels":{"firebase-functions-hash":"8bfc4aaf639dba4a37ad436d2ed74ab2d685b441","deployment-tool":"cli-firebase"},"environment":"GEN_2","url":"https://us-central1-tirigist-comrades.cloudfunctions.net/onUploadDocumentUpdated","createTime":"2025-02-01T12:26:47.492892884Z"},{"name":"projects/tirigist-comrades/locations/us-central1/functions/onFileDeleted","buildConfig":{"build":"projects/480943047907/locations/us-central1/builds/37140dd7-629c-41f7-99e6-52f4a2b70348","runtime":"nodejs20","entryPoint":"onFileDeleted","source":{"storageSource":{"bucket":"gcf-v2-sources-480943047907-us-central1","object":"onFileDeleted/function-source.zip","generation":"1738497081517918"}},"environmentVariables":{"GOOGLE_NODE_RUN_SCRIPTS":""},"dockerRepository":"projects/tirigist-comrades/locations/us-central1/repositories/gcf-artifacts","sourceProvenance":{"resolvedStorageSource":{"bucket":"gcf-v2-sources-480943047907-us-central1","object":"onFileDeleted/function-source.zip","generation":"1738497081517918"}},"dockerRegistry":"ARTIFACT_REGISTRY","serviceAccount":"projects/tirigist-comrades/serviceAccounts/480943047907-compute@developer.gserviceaccount.com","automaticUpdatePolicy":{}},"serviceConfig":{"service":"projects/tirigist-comrades/locations/us-central1/services/onfiledeleted","timeoutSeconds":60,"environmentVariables":{"FIREBASE_CONFIG":"{\"projectId\":\"tirigist-comrades\",\"storageBucket\":\"tirigist-comrades.firebasestorage.app\"}","GCLOUD_PROJECT":"tirigist-comrades","EVENTARC_CLOUD_EVENT_SOURCE":"projects/tirigist-comrades/locations/us-central1/services/onFileDeleted","FUNCTION_SIGNATURE_TYPE":"cloudevent","FUNCTION_TARGET":"onFileDeleted","LOG_EXECUTION_ID":"true"},"maxInstanceCount":3,"ingressSettings":"ALLOW_ALL","uri":"https://onfiledeleted-6nlgdij53q-uc.a.run.app","serviceAccountEmail":"480943047907-compute@developer.gserviceaccount.com","availableMemory":"256Mi","allTrafficOnLatestRevision":true,"revision":"onfiledeleted-00019-top","maxInstanceRequestConcurrency":80,"availableCpu":"1"},"eventTrigger":{"trigger":"projects/tirigist-comrades/locations/us-central1/triggers/onfiledeleted-833919","triggerRegion":"us-central1","eventType":"google.cloud.storage.object.v1.deleted","eventFilters":[{"attribute":"bucket","value":"tirigist-comrades.firebasestorage.app"}],"pubsubTopic":"projects/tirigist-comrades/topics/eventarc-us-central1-onfiledeleted-833919-407","serviceAccountEmail":"480943047907-compute@developer.gserviceaccount.com","retryPolicy":"RETRY_POLICY_DO_NOT_RETRY"},"state":"ACTIVE","updateTime":"2025-02-02T11:51:41.224789945Z","labels":{"deployment-tool":"cli-firebase","firebase-functions-hash":"8bfc4aaf639dba4a37ad436d2ed74ab2d685b441"},"environment":"GEN_2","url":"https://us-central1-tirigist-comrades.cloudfunctions.net/onFileDeleted","createTime":"2025-01-31T06:47:34.188416035Z"}]}
[debug] [2025-02-02T14:11:21.531Z] Checked if tokens are valid: true, expires at: 1738508970616
[debug] [2025-02-02T14:11:21.531Z] Checked if tokens are valid: true, expires at: 1738508970616
[debug] [2025-02-02T14:11:21.532Z] Checked if tokens are valid: true, expires at: 1738508970616
[debug] [2025-02-02T14:11:21.532Z] Checked if tokens are valid: true, expires at: 1738508970616
[debug] [2025-02-02T14:11:21.533Z] >>> [apiv2][query] GET https://firestore.googleapis.com/v1/projects/tirigist-comrades/databases/(default) [none]
[debug] [2025-02-02T14:11:21.535Z] >>> [apiv2][query] GET https://firestore.googleapis.com/v1/projects/tirigist-comrades/databases/(default) [none]
[debug] [2025-02-02T14:11:22.643Z] <<< [apiv2][status] GET https://firestore.googleapis.com/v1/projects/tirigist-comrades/databases/(default) 200
[debug] [2025-02-02T14:11:22.643Z] <<< [apiv2][body] GET https://firestore.googleapis.com/v1/projects/tirigist-comrades/databases/(default) {"name":"projects/tirigist-comrades/databases/(default)","uid":"ba216322-3147-4825-89c9-4dcb3ce2a2af","createTime":"2024-12-24T12:29:33.213927Z","updateTime":"2024-12-24T12:29:33.213927Z","locationId":"africa-south1","type":"FIRESTORE_NATIVE","concurrencyMode":"PESSIMISTIC","versionRetentionPeriod":"604800s","earliestVersionTime":"2025-01-26T14:12:00Z","appEngineIntegrationMode":"DISABLED","pointInTimeRecoveryEnablement":"POINT_IN_TIME_RECOVERY_ENABLED","deleteProtectionState":"DELETE_PROTECTION_DISABLED","databaseEdition":"STANDARD","etag":"INT5h86VpYsDMNXJ5OGLmYsD"}
[debug] [2025-02-02T14:11:23.078Z] <<< [apiv2][status] GET https://firestore.googleapis.com/v1/projects/tirigist-comrades/databases/(default) 200
[debug] [2025-02-02T14:11:23.078Z] <<< [apiv2][body] GET https://firestore.googleapis.com/v1/projects/tirigist-comrades/databases/(default) {"name":"projects/tirigist-comrades/databases/(default)","uid":"ba216322-3147-4825-89c9-4dcb3ce2a2af","createTime":"2024-12-24T12:29:33.213927Z","updateTime":"2024-12-24T12:29:33.213927Z","locationId":"africa-south1","type":"FIRESTORE_NATIVE","concurrencyMode":"PESSIMISTIC","versionRetentionPeriod":"604800s","earliestVersionTime":"2025-01-26T14:12:00Z","appEngineIntegrationMode":"DISABLED","pointInTimeRecoveryEnablement":"POINT_IN_TIME_RECOVERY_ENABLED","deleteProtectionState":"DELETE_PROTECTION_DISABLED","databaseEdition":"STANDARD","etag":"IJnnos6VpYsDMNXJ5OGLmYsD"}
[info] i  functions: ensuring required API run.googleapis.com is enabled... 
[debug] [2025-02-02T14:11:23.079Z] Checked if tokens are valid: true, expires at: 1738508970616
[debug] [2025-02-02T14:11:23.080Z] Checked if tokens are valid: true, expires at: 1738508970616
[info] i  functions: ensuring required API eventarc.googleapis.com is enabled... 
[debug] [2025-02-02T14:11:23.080Z] Checked if tokens are valid: true, expires at: 1738508970616
[debug] [2025-02-02T14:11:23.080Z] Checked if tokens are valid: true, expires at: 1738508970616
[info] i  functions: ensuring required API pubsub.googleapis.com is enabled... 
[debug] [2025-02-02T14:11:23.080Z] Checked if tokens are valid: true, expires at: 1738508970616
[debug] [2025-02-02T14:11:23.080Z] Checked if tokens are valid: true, expires at: 1738508970616
[info] i  functions: ensuring required API storage.googleapis.com is enabled... 
[debug] [2025-02-02T14:11:23.081Z] Checked if tokens are valid: true, expires at: 1738508970616
[debug] [2025-02-02T14:11:23.081Z] Checked if tokens are valid: true, expires at: 1738508970616
[debug] [2025-02-02T14:11:23.081Z] >>> [apiv2][query] GET https://serviceusage.googleapis.com/v1/projects/tirigist-comrades/services/run.googleapis.com [none]
[debug] [2025-02-02T14:11:23.081Z] >>> [apiv2][(partial)header] GET https://serviceusage.googleapis.com/v1/projects/tirigist-comrades/services/run.googleapis.com x-goog-quota-user=projects/tirigist-comrades
[debug] [2025-02-02T14:11:23.083Z] >>> [apiv2][query] GET https://serviceusage.googleapis.com/v1/projects/tirigist-comrades/services/eventarc.googleapis.com [none]
[debug] [2025-02-02T14:11:23.083Z] >>> [apiv2][(partial)header] GET https://serviceusage.googleapis.com/v1/projects/tirigist-comrades/services/eventarc.googleapis.com x-goog-quota-user=projects/tirigist-comrades
[debug] [2025-02-02T14:11:23.085Z] >>> [apiv2][query] GET https://serviceusage.googleapis.com/v1/projects/tirigist-comrades/services/pubsub.googleapis.com [none]
[debug] [2025-02-02T14:11:23.085Z] >>> [apiv2][(partial)header] GET https://serviceusage.googleapis.com/v1/projects/tirigist-comrades/services/pubsub.googleapis.com x-goog-quota-user=projects/tirigist-comrades
[debug] [2025-02-02T14:11:23.087Z] >>> [apiv2][query] GET https://serviceusage.googleapis.com/v1/projects/tirigist-comrades/services/storage.googleapis.com [none]
[debug] [2025-02-02T14:11:23.087Z] >>> [apiv2][(partial)header] GET https://serviceusage.googleapis.com/v1/projects/tirigist-comrades/services/storage.googleapis.com x-goog-quota-user=projects/tirigist-comrades
[debug] [2025-02-02T14:11:24.835Z] <<< [apiv2][status] GET https://serviceusage.googleapis.com/v1/projects/tirigist-comrades/services/eventarc.googleapis.com 200
[debug] [2025-02-02T14:11:24.835Z] <<< [apiv2][body] GET https://serviceusage.googleapis.com/v1/projects/tirigist-comrades/services/eventarc.googleapis.com [omitted]
[info] +  functions: required API eventarc.googleapis.com is enabled 
[debug] [2025-02-02T14:11:24.837Z] <<< [apiv2][status] GET https://serviceusage.googleapis.com/v1/projects/tirigist-comrades/services/run.googleapis.com 200
[debug] [2025-02-02T14:11:24.837Z] <<< [apiv2][body] GET https://serviceusage.googleapis.com/v1/projects/tirigist-comrades/services/run.googleapis.com [omitted]
[info] +  functions: required API run.googleapis.com is enabled 
[debug] [2025-02-02T14:11:24.840Z] <<< [apiv2][status] GET https://serviceusage.googleapis.com/v1/projects/tirigist-comrades/services/pubsub.googleapis.com 200
[debug] [2025-02-02T14:11:24.841Z] <<< [apiv2][body] GET https://serviceusage.googleapis.com/v1/projects/tirigist-comrades/services/pubsub.googleapis.com [omitted]
[info] +  functions: required API pubsub.googleapis.com is enabled 
[debug] [2025-02-02T14:11:24.843Z] <<< [apiv2][status] GET https://serviceusage.googleapis.com/v1/projects/tirigist-comrades/services/storage.googleapis.com 200
[debug] [2025-02-02T14:11:24.843Z] <<< [apiv2][body] GET https://serviceusage.googleapis.com/v1/projects/tirigist-comrades/services/storage.googleapis.com [omitted]
[info] +  functions: required API storage.googleapis.com is enabled 
[info] i  functions: generating the service identity for pubsub.googleapis.com... 
[debug] [2025-02-02T14:11:24.845Z] Checked if tokens are valid: true, expires at: 1738508970616
[debug] [2025-02-02T14:11:24.845Z] Checked if tokens are valid: true, expires at: 1738508970616
[info] i  functions: generating the service identity for eventarc.googleapis.com... 
[debug] [2025-02-02T14:11:24.846Z] Checked if tokens are valid: true, expires at: 1738508970616
[debug] [2025-02-02T14:11:24.846Z] Checked if tokens are valid: true, expires at: 1738508970616
[debug] [2025-02-02T14:11:24.846Z] >>> [apiv2][query] POST https://serviceusage.googleapis.com/v1beta1/projects/480943047907/services/pubsub.googleapis.com:generateServiceIdentity [none]
[debug] [2025-02-02T14:11:24.846Z] >>> [apiv2][query] POST https://serviceusage.googleapis.com/v1beta1/projects/480943047907/services/eventarc.googleapis.com:generateServiceIdentity [none]
[debug] [2025-02-02T14:11:25.381Z] <<< [apiv2][status] POST https://serviceusage.googleapis.com/v1beta1/projects/480943047907/services/pubsub.googleapis.com:generateServiceIdentity 200
[debug] [2025-02-02T14:11:25.381Z] <<< [apiv2][body] POST https://serviceusage.googleapis.com/v1beta1/projects/480943047907/services/pubsub.googleapis.com:generateServiceIdentity {"name":"operations/finished.DONE_OPERATION","done":true,"response":{"@type":"type.googleapis.com/google.api.serviceusage.v1beta1.ServiceIdentity","email":"service-480943047907@gcp-sa-pubsub.iam.gserviceaccount.com","uniqueId":"111059154368690082860"}}
[debug] [2025-02-02T14:11:26.396Z] <<< [apiv2][status] POST https://serviceusage.googleapis.com/v1beta1/projects/480943047907/services/eventarc.googleapis.com:generateServiceIdentity 200
[debug] [2025-02-02T14:11:26.396Z] <<< [apiv2][body] POST https://serviceusage.googleapis.com/v1beta1/projects/480943047907/services/eventarc.googleapis.com:generateServiceIdentity {"name":"operations/finished.DONE_OPERATION","done":true,"response":{"@type":"type.googleapis.com/google.api.serviceusage.v1beta1.ServiceIdentity","email":"service-480943047907@gcp-sa-eventarc.iam.gserviceaccount.com","uniqueId":"114309558779355088215"}}
[debug] [2025-02-02T14:11:26.400Z] Checked if tokens are valid: true, expires at: 1738508970616
[debug] [2025-02-02T14:11:26.400Z] Checked if tokens are valid: true, expires at: 1738508970616
[debug] [2025-02-02T14:11:26.400Z] Checked if tokens are valid: true, expires at: 1738508970616
[debug] [2025-02-02T14:11:26.401Z] Checked if tokens are valid: true, expires at: 1738508970616
[debug] [2025-02-02T14:11:26.401Z] Checked if tokens are valid: true, expires at: 1738508970616
[debug] [2025-02-02T14:11:26.401Z] Checked if tokens are valid: true, expires at: 1738508970616
[debug] [2025-02-02T14:11:26.401Z] Checked if tokens are valid: true, expires at: 1738508970616
[debug] [2025-02-02T14:11:26.401Z] Checked if tokens are valid: true, expires at: 1738508970616
[debug] [2025-02-02T14:11:26.402Z] >>> [apiv2][query] GET https://secretmanager.googleapis.com/v1/projects/tirigist-comrades/secrets/INTASEND_SECRET_API_KEY/versions/latest [none]
[debug] [2025-02-02T14:11:26.405Z] >>> [apiv2][query] GET https://secretmanager.googleapis.com/v1/projects/tirigist-comrades/secrets/AUTH_FIREBASE_PRIVATE_KEY/versions/latest [none]
[debug] [2025-02-02T14:11:26.409Z] >>> [apiv2][query] GET https://secretmanager.googleapis.com/v1/projects/tirigist-comrades/secrets/AUTH_FIREBASE_CLIENT_EMAIL/versions/latest [none]
[debug] [2025-02-02T14:11:26.413Z] >>> [apiv2][query] GET https://secretmanager.googleapis.com/v1/projects/tirigist-comrades/secrets/AUTH_FIREBASE_PROJECT_ID/versions/latest [none]
[debug] [2025-02-02T14:11:27.218Z] <<< [apiv2][status] GET https://secretmanager.googleapis.com/v1/projects/tirigist-comrades/secrets/INTASEND_SECRET_API_KEY/versions/latest 200
[debug] [2025-02-02T14:11:27.218Z] <<< [apiv2][body] GET https://secretmanager.googleapis.com/v1/projects/tirigist-comrades/secrets/INTASEND_SECRET_API_KEY/versions/latest {"name":"projects/480943047907/secrets/INTASEND_SECRET_API_KEY/versions/1","createTime":"2025-01-01T06:26:16.168658Z","state":"ENABLED","replicationStatus":{"automatic":{}},"etag":"\"162a9f1f74a4d2\""}
[debug] [2025-02-02T14:11:27.218Z] Resolved secret version of INTASEND_SECRET_API_KEY to 1.
[debug] [2025-02-02T14:11:27.242Z] <<< [apiv2][status] GET https://secretmanager.googleapis.com/v1/projects/tirigist-comrades/secrets/AUTH_FIREBASE_CLIENT_EMAIL/versions/latest 200
[debug] [2025-02-02T14:11:27.243Z] <<< [apiv2][body] GET https://secretmanager.googleapis.com/v1/projects/tirigist-comrades/secrets/AUTH_FIREBASE_CLIENT_EMAIL/versions/latest {"name":"projects/480943047907/secrets/AUTH_FIREBASE_CLIENT_EMAIL/versions/1","createTime":"2025-01-31T06:18:15.123574Z","state":"ENABLED","replicationStatus":{"automatic":{}},"etag":"\"162cfa8205ba76\""}
[debug] [2025-02-02T14:11:27.243Z] Resolved secret version of AUTH_FIREBASE_CLIENT_EMAIL to 1.
[debug] [2025-02-02T14:11:27.298Z] <<< [apiv2][status] GET https://secretmanager.googleapis.com/v1/projects/tirigist-comrades/secrets/AUTH_FIREBASE_PRIVATE_KEY/versions/latest 200
[debug] [2025-02-02T14:11:27.298Z] <<< [apiv2][body] GET https://secretmanager.googleapis.com/v1/projects/tirigist-comrades/secrets/AUTH_FIREBASE_PRIVATE_KEY/versions/latest {"name":"projects/480943047907/secrets/AUTH_FIREBASE_PRIVATE_KEY/versions/1","createTime":"2025-01-31T06:17:42.732460Z","state":"ENABLED","replicationStatus":{"automatic":{}},"etag":"\"162cfa80177aac\""}
[debug] [2025-02-02T14:11:27.298Z] Resolved secret version of AUTH_FIREBASE_PRIVATE_KEY to 1.
[debug] [2025-02-02T14:11:27.346Z] <<< [apiv2][status] GET https://secretmanager.googleapis.com/v1/projects/tirigist-comrades/secrets/AUTH_FIREBASE_PROJECT_ID/versions/latest 200
[debug] [2025-02-02T14:11:27.346Z] <<< [apiv2][body] GET https://secretmanager.googleapis.com/v1/projects/tirigist-comrades/secrets/AUTH_FIREBASE_PROJECT_ID/versions/latest {"name":"projects/480943047907/secrets/AUTH_FIREBASE_PROJECT_ID/versions/1","createTime":"2025-01-31T06:18:41.618549Z","state":"ENABLED","replicationStatus":{"automatic":{}},"etag":"\"162cfa839a0275\""}
[debug] [2025-02-02T14:11:27.346Z] Resolved secret version of AUTH_FIREBASE_PROJECT_ID to 1.
[debug] [2025-02-02T14:11:27.347Z] Checked if tokens are valid: true, expires at: 1738508970616
[debug] [2025-02-02T14:11:27.347Z] Checked if tokens are valid: true, expires at: 1738508970616
[debug] [2025-02-02T14:11:27.347Z] >>> [apiv2][query] GET https://cloudresourcemanager.googleapis.com/v1/projects/tirigist-comrades [none]
[debug] [2025-02-02T14:11:28.974Z] <<< [apiv2][status] GET https://cloudresourcemanager.googleapis.com/v1/projects/tirigist-comrades 200
[debug] [2025-02-02T14:11:28.975Z] <<< [apiv2][body] GET https://cloudresourcemanager.googleapis.com/v1/projects/tirigist-comrades {"projectNumber":"480943047907","projectId":"tirigist-comrades","lifecycleState":"ACTIVE","name":"tirigist-comrades","labels":{"firebase":"enabled","firebase-core":"disabled"},"createTime":"2024-12-24T07:41:37.636727Z"}
[debug] [2025-02-02T14:11:28.979Z] Checked if tokens are valid: true, expires at: 1738508970616
[debug] [2025-02-02T14:11:28.979Z] Checked if tokens are valid: true, expires at: 1738508970616
[debug] [2025-02-02T14:11:28.979Z] >>> [apiv2][query] GET https://cloudbilling.googleapis.com/v1/projects/tirigist-comrades/billingInfo [none]
[debug] [2025-02-02T14:11:29.843Z] <<< [apiv2][status] GET https://cloudbilling.googleapis.com/v1/projects/tirigist-comrades/billingInfo 200
[debug] [2025-02-02T14:11:29.843Z] <<< [apiv2][body] GET https://cloudbilling.googleapis.com/v1/projects/tirigist-comrades/billingInfo {"name":"projects/tirigist-comrades/billingInfo","projectId":"tirigist-comrades","billingAccountName":"billingAccounts/017ED9-9FFDE7-630754","billingEnabled":true}
[debug] [2025-02-02T14:11:29.847Z] Checked if tokens are valid: true, expires at: 1738508970616
[debug] [2025-02-02T14:11:29.848Z] Checked if tokens are valid: true, expires at: 1738508970616
[debug] [2025-02-02T14:11:29.849Z] Checked if tokens are valid: true, expires at: 1738508970616
[debug] [2025-02-02T14:11:29.849Z] Checked if tokens are valid: true, expires at: 1738508970616
[debug] [2025-02-02T14:11:29.849Z] >>> [apiv2][query] POST https://cloudfunctions.googleapis.com/v1/projects/tirigist-comrades/locations/us-central1/functions:generateUploadUrl [none]
[debug] [2025-02-02T14:11:29.849Z] >>> [apiv2][body] POST https://cloudfunctions.googleapis.com/v1/projects/tirigist-comrades/locations/us-central1/functions:generateUploadUrl {}
[debug] [2025-02-02T14:11:29.853Z] >>> [apiv2][query] POST https://cloudfunctions.googleapis.com/v2/projects/tirigist-comrades/locations/us-central1/functions:generateUploadUrl [none]
[debug] [2025-02-02T14:11:30.791Z] <<< [apiv2][status] POST https://cloudfunctions.googleapis.com/v1/projects/tirigist-comrades/locations/us-central1/functions:generateUploadUrl 200
[debug] [2025-02-02T14:11:30.792Z] <<< [apiv2][body] POST https://cloudfunctions.googleapis.com/v1/projects/tirigist-comrades/locations/us-central1/functions:generateUploadUrl {"uploadUrl":"https://storage.googleapis.com/uploads-925032658726.us-central1.cloudfunctions.appspot.com/843b87dc-6581-41c5-8d25-39de45809cba.zip?GoogleAccessId=service-480943047907@gcf-admin-robot.iam.gserviceaccount.com&Expires=1738507291&Signature=XKixh5cqK2EJPYxvGF1LkmrJ6AYn19baTk41ujRcWkRYsFNACY4ThO%2Ba%2BXtff2n7WU%2Bg25wzCB6NHEl7PqvNoZ1KJnyvo7oYucfk%2Bj2JJ2dRiO7m0m1NRGqQMl0Jx9yIURC72a5rxb0u8%2FpRm%2FfQorEBqicQitUap2u3RuwejQmcvAj6KMzhh%2BgxPSEtT3Y55ACvH0a2G6lbjJN54EYpBAt778XoD%2F9qG36OcE4Om0p9vyqCxNXlwKPHr5DQskcVGC0n8O03rbTfAcHjwK0%2FXxiNDSlxqgmLBQ6RGL3CJ4nRabUqbtgLCto%2FajBYjXM4%2BcOtL7Tqb6DfWyi4rBwV2w%3D%3D"}
[debug] [2025-02-02T14:11:30.793Z] >>> [apiv2][query] PUT https://storage.googleapis.com/uploads-925032658726.us-central1.cloudfunctions.appspot.com/843b87dc-6581-41c5-8d25-39de45809cba.zip GoogleAccessId=service-480943047907%40gcf-admin-robot.iam.gserviceaccount.com&Expires=1738507291&Signature=XKixh5cqK2EJPYxvGF1LkmrJ6AYn19baTk41ujRcWkRYsFNACY4ThO%2Ba%2BXtff2n7WU%2Bg25wzCB6NHEl7PqvNoZ1KJnyvo7oYucfk%2Bj2JJ2dRiO7m0m1NRGqQMl0Jx9yIURC72a5rxb0u8%2FpRm%2FfQorEBqicQitUap2u3RuwejQmcvAj6KMzhh%2BgxPSEtT3Y55ACvH0a2G6lbjJN54EYpBAt778XoD%2F9qG36OcE4Om0p9vyqCxNXlwKPHr5DQskcVGC0n8O03rbTfAcHjwK0%2FXxiNDSlxqgmLBQ6RGL3CJ4nRabUqbtgLCto%2FajBYjXM4%2BcOtL7Tqb6DfWyi4rBwV2w%3D%3D
[debug] [2025-02-02T14:11:30.793Z] >>> [apiv2][body] PUT https://storage.googleapis.com/uploads-925032658726.us-central1.cloudfunctions.appspot.com/843b87dc-6581-41c5-8d25-39de45809cba.zip [stream]
[debug] [2025-02-02T14:11:30.953Z] <<< [apiv2][status] POST https://cloudfunctions.googleapis.com/v2/projects/tirigist-comrades/locations/us-central1/functions:generateUploadUrl 200
[debug] [2025-02-02T14:11:30.954Z] <<< [apiv2][body] POST https://cloudfunctions.googleapis.com/v2/projects/tirigist-comrades/locations/us-central1/functions:generateUploadUrl {"uploadUrl":"https://storage.googleapis.com/gcf-v2-uploads-480943047907.us-central1.cloudfunctions.appspot.com/7f1cd1d2-8190-47f2-a54b-f15a0399b5ec.zip?GoogleAccessId=service-480943047907@gcf-admin-robot.iam.gserviceaccount.com&Expires=1738507291&Signature=nj%2BYmer%2F%2B5nOwdIj%2BqHIGh0OD47jgMtHZTFkNfmdBfrfAf9BTYylSpdSolzN9C6us8zaEWYZMEarGRefa3GQ%2F%2BYLvPS4TVanTWhZ7Im4gu9Z3cKQdPVCAwQFTBKXsPpoKl3gB2CTCV0BdjGqgdMkwAh4mjnHlovwNYdrM5tT87KJwD077uTdQBy3fqr3f%2Btoo5yI9xA0hCRzC47HMVWIirqSgjL%2BMRkDOfrxuY1cCDhmUSQLsWBSuBSUs4KQvsMpB%2F7rMiB34pOu86fZPXFLcl1q9SKcWFb%2BiVXtyC1iG8ffQzawhqgFpWpbGac%2Fmd3zJ6vfR1liN9R3EQxdcbGEcA%3D%3D","storageSource":{"bucket":"gcf-v2-uploads-480943047907.us-central1.cloudfunctions.appspot.com","object":"7f1cd1d2-8190-47f2-a54b-f15a0399b5ec.zip"}}
[debug] [2025-02-02T14:11:30.954Z] >>> [apiv2][query] PUT https://storage.googleapis.com/gcf-v2-uploads-480943047907.us-central1.cloudfunctions.appspot.com/7f1cd1d2-8190-47f2-a54b-f15a0399b5ec.zip GoogleAccessId=service-480943047907%40gcf-admin-robot.iam.gserviceaccount.com&Expires=1738507291&Signature=nj%2BYmer%2F%2B5nOwdIj%2BqHIGh0OD47jgMtHZTFkNfmdBfrfAf9BTYylSpdSolzN9C6us8zaEWYZMEarGRefa3GQ%2F%2BYLvPS4TVanTWhZ7Im4gu9Z3cKQdPVCAwQFTBKXsPpoKl3gB2CTCV0BdjGqgdMkwAh4mjnHlovwNYdrM5tT87KJwD077uTdQBy3fqr3f%2Btoo5yI9xA0hCRzC47HMVWIirqSgjL%2BMRkDOfrxuY1cCDhmUSQLsWBSuBSUs4KQvsMpB%2F7rMiB34pOu86fZPXFLcl1q9SKcWFb%2BiVXtyC1iG8ffQzawhqgFpWpbGac%2Fmd3zJ6vfR1liN9R3EQxdcbGEcA%3D%3D
[debug] [2025-02-02T14:11:30.954Z] >>> [apiv2][body] PUT https://storage.googleapis.com/gcf-v2-uploads-480943047907.us-central1.cloudfunctions.appspot.com/7f1cd1d2-8190-47f2-a54b-f15a0399b5ec.zip [stream]
[debug] [2025-02-02T14:11:32.276Z] <<< [apiv2][status] PUT https://storage.googleapis.com/uploads-925032658726.us-central1.cloudfunctions.appspot.com/843b87dc-6581-41c5-8d25-39de45809cba.zip 200
[debug] [2025-02-02T14:11:32.276Z] <<< [apiv2][body] PUT https://storage.googleapis.com/uploads-925032658726.us-central1.cloudfunctions.appspot.com/843b87dc-6581-41c5-8d25-39de45809cba.zip [omitted]
[debug] [2025-02-02T14:11:32.308Z] <<< [apiv2][status] PUT https://storage.googleapis.com/gcf-v2-uploads-480943047907.us-central1.cloudfunctions.appspot.com/7f1cd1d2-8190-47f2-a54b-f15a0399b5ec.zip 200
[debug] [2025-02-02T14:11:32.308Z] <<< [apiv2][body] PUT https://storage.googleapis.com/gcf-v2-uploads-480943047907.us-central1.cloudfunctions.appspot.com/7f1cd1d2-8190-47f2-a54b-f15a0399b5ec.zip [omitted]
[info] +  functions: functions-ts folder uploaded successfully 
[info] i  functions: updating Node.js 22 (1st Gen) function tirigist-comrades:createUserDocument(us-central1)... 
[info] i  functions: updating Node.js 22 (2nd Gen) function tirigist-comrades:onUploadDocumentCreated(us-central1)... 
[info] i  functions: updating Node.js 22 (2nd Gen) function tirigist-comrades:onFileUploaded(us-central1)... 
[info] i  functions: updating Node.js 22 (2nd Gen) function tirigist-comrades:onFileDeleted(us-central1)... 
[info] i  functions: updating Node.js 22 (2nd Gen) function tirigist-comrades:onUploadDocumentUpdated(us-central1)... 
[debug] [2025-02-02T14:11:32.318Z] Checked if tokens are valid: true, expires at: 1738508970616
[debug] [2025-02-02T14:11:32.319Z] Checked if tokens are valid: true, expires at: 1738508970616
[debug] [2025-02-02T14:11:32.319Z] Checked if tokens are valid: true, expires at: 1738508970616
[debug] [2025-02-02T14:11:32.319Z] Checked if tokens are valid: true, expires at: 1738508970616
[debug] [2025-02-02T14:11:32.319Z] >>> [apiv2][query] PATCH https://cloudfunctions.googleapis.com/v1/projects/tirigist-comrades/locations/us-central1/functions/createUserDocument updateMask=name%2CsourceUploadUrl%2CentryPoint%2Cruntime%2CdockerRegistry%2Clabels%2CeventTrigger.eventType%2CeventTrigger.resource%2CeventTrigger.failurePolicy%2CminInstances%2CmaxInstances%2CingressSettings%2CenvironmentVariables%2CsecretEnvironmentVariables%2CserviceAccountEmail%2CavailableMemoryMb%2Ctimeout%2CvpcConnector%2CvpcConnectorEgressSettings%2CsourceToken%2CbuildEnvironmentVariables
[debug] [2025-02-02T14:11:32.319Z] >>> [apiv2][body] PATCH https://cloudfunctions.googleapis.com/v1/projects/tirigist-comrades/locations/us-central1/functions/createUserDocument {"name":"projects/tirigist-comrades/locations/us-central1/functions/createUserDocument","sourceUploadUrl":"https://storage.googleapis.com/uploads-925032658726.us-central1.cloudfunctions.appspot.com/843b87dc-6581-41c5-8d25-39de45809cba.zip?GoogleAccessId=service-480943047907@gcf-admin-robot.iam.gserviceaccount.com&Expires=1738507291&Signature=XKixh5cqK2EJPYxvGF1LkmrJ6AYn19baTk41ujRcWkRYsFNACY4ThO%2Ba%2BXtff2n7WU%2Bg25wzCB6NHEl7PqvNoZ1KJnyvo7oYucfk%2Bj2JJ2dRiO7m0m1NRGqQMl0Jx9yIURC72a5rxb0u8%2FpRm%2FfQorEBqicQitUap2u3RuwejQmcvAj6KMzhh%2BgxPSEtT3Y55ACvH0a2G6lbjJN54EYpBAt778XoD%2F9qG36OcE4Om0p9vyqCxNXlwKPHr5DQskcVGC0n8O03rbTfAcHjwK0%2FXxiNDSlxqgmLBQ6RGL3CJ4nRabUqbtgLCto%2FajBYjXM4%2BcOtL7Tqb6DfWyi4rBwV2w%3D%3D","entryPoint":"createUserDocument","runtime":"nodejs22","dockerRegistry":"ARTIFACT_REGISTRY","labels":{"deployment-tool":"cli-firebase","firebase-functions-codebase":"tirigist-comrades","firebase-functions-hash":"3b49749894483f75c4720c67e50cb3eeb713a931"},"eventTrigger":{"eventType":"providers/firebase.auth/eventTypes/user.create","resource":"projects/tirigist-comrades"},"minInstances":null,"maxInstances":null,"ingressSettings":null,"environmentVariables":{"FIREBASE_CONFIG":"{\"projectId\":\"tirigist-comrades\",\"storageBucket\":\"tirigist-comrades.firebasestorage.app\"}","GCLOUD_PROJECT":"tirigist-comrades","EVENTARC_CLOUD_EVENT_SOURCE":"projects/tirigist-comrades/locations/us-central1/functions/createUserDocument"},"secretEnvironmentVariables":[{"key":"INTASEND_SECRET_API_KEY","secret":"INTASEND_SECRET_API_KEY","projectId":"tirigist-comrades","version":"1"}],"serviceAccountEmail":null,"availableMemoryMb":null,"timeout":null,"vpcConnector":null,"vpcConnectorEgressSettings":null,"buildEnvironmentVariables":{"GOOGLE_NODE_RUN_SCRIPTS":""}}
[debug] [2025-02-02T14:11:32.320Z] >>> [apiv2][query] PATCH https://cloudfunctions.googleapis.com/v2/projects/tirigist-comrades/locations/us-central1/functions/onUploadDocumentCreated updateMask=name%2CbuildConfig.runtime%2CbuildConfig.entryPoint%2CbuildConfig.source.storageSource.bucket%2CbuildConfig.source.storageSource.object%2CbuildConfig.environmentVariables%2CbuildConfig.sourceToken%2CserviceConfig.environmentVariables%2CserviceConfig.secretEnvironmentVariables%2CserviceConfig.ingressSettings%2CserviceConfig.timeoutSeconds%2CserviceConfig.serviceAccountEmail%2CserviceConfig.availableMemory%2CserviceConfig.minInstanceCount%2CserviceConfig.maxInstanceCount%2CserviceConfig.maxInstanceRequestConcurrency%2CserviceConfig.availableCpu%2CserviceConfig.vpcConnector%2CserviceConfig.vpcConnectorEgressSettings%2Clabels%2CeventTrigger.eventType%2CeventTrigger.retryPolicy%2CeventTrigger.eventFilters%2CeventTrigger.triggerRegion%2CbuildConfig.buildEnvironmentVariables
[debug] [2025-02-02T14:11:32.320Z] >>> [apiv2][body] PATCH https://cloudfunctions.googleapis.com/v2/projects/tirigist-comrades/locations/us-central1/functions/onUploadDocumentCreated {"name":"projects/tirigist-comrades/locations/us-central1/functions/onUploadDocumentCreated","buildConfig":{"runtime":"nodejs22","entryPoint":"onUploadDocumentCreated","source":{"storageSource":{"bucket":"gcf-v2-uploads-480943047907.us-central1.cloudfunctions.appspot.com","object":"7f1cd1d2-8190-47f2-a54b-f15a0399b5ec.zip"}},"environmentVariables":{"GOOGLE_NODE_RUN_SCRIPTS":""}},"serviceConfig":{"environmentVariables":{"FIREBASE_CONFIG":"{\"projectId\":\"tirigist-comrades\",\"storageBucket\":\"tirigist-comrades.firebasestorage.app\"}","GCLOUD_PROJECT":"tirigist-comrades","EVENTARC_CLOUD_EVENT_SOURCE":"projects/tirigist-comrades/locations/us-central1/services/onUploadDocumentCreated","FUNCTION_SIGNATURE_TYPE":"cloudevent","FUNCTION_TARGET":"onUploadDocumentCreated","LOG_EXECUTION_ID":"true"},"secretEnvironmentVariables":[{"key":"AUTH_FIREBASE_PRIVATE_KEY","secret":"AUTH_FIREBASE_PRIVATE_KEY","projectId":"tirigist-comrades","version":"1"},{"key":"AUTH_FIREBASE_CLIENT_EMAIL","secret":"AUTH_FIREBASE_CLIENT_EMAIL","projectId":"tirigist-comrades","version":"1"},{"key":"AUTH_FIREBASE_PROJECT_ID","secret":"AUTH_FIREBASE_PROJECT_ID","projectId":"tirigist-comrades","version":"1"}],"ingressSettings":null,"timeoutSeconds":null,"serviceAccountEmail":null,"availableMemory":"256Mi","minInstanceCount":null,"maxInstanceCount":null,"maxInstanceRequestConcurrency":80,"availableCpu":"1","vpcConnector":null,"vpcConnectorEgressSettings":null},"labels":{"deployment-tool":"cli-firebase","firebase-functions-codebase":"tirigist-comrades","firebase-functions-hash":"a92cc9ce5b892bf61b080835c8d85ac08ecaab52"},"eventTrigger":{"eventType":"google.cloud.firestore.document.v1.created","retryPolicy":"RETRY_POLICY_DO_NOT_RETRY","eventFilters":[{"attribute":"database","value":"(default)"},{"attribute":"namespace","value":"(default)"},{"attribute":"document","value":"uploads/{documentId}","operator":"match-path-pattern"}],"triggerRegion":"africa-south1"}}
[debug] [2025-02-02T14:11:33.055Z] <<< [apiv2][status] PATCH https://cloudfunctions.googleapis.com/v1/projects/tirigist-comrades/locations/us-central1/functions/createUserDocument 200
[debug] [2025-02-02T14:11:33.055Z] <<< [apiv2][body] PATCH https://cloudfunctions.googleapis.com/v1/projects/tirigist-comrades/locations/us-central1/functions/createUserDocument {"name":"operations/dGlyaWdpc3QtY29tcmFkZXMvdXMtY2VudHJhbDEvY3JlYXRlVXNlckRvY3VtZW50L3pZS09udFFHbERR","metadata":{"@type":"type.googleapis.com/google.cloud.functions.v1.OperationMetadataV1","target":"projects/tirigist-comrades/locations/us-central1/functions/createUserDocument","type":"UPDATE_FUNCTION","request":{"@type":"type.googleapis.com/google.cloud.functions.v1.CloudFunction","name":"projects/tirigist-comrades/locations/us-central1/functions/createUserDocument","eventTrigger":{"eventType":"providers/firebase.auth/eventTypes/user.create","resource":"projects/tirigist-comrades","service":"firebaseauth.googleapis.com"},"status":"ACTIVE","entryPoint":"createUserDocument","updateTime":"2025-02-02T11:51:49.872Z","versionId":"19","labels":{"deployment-tool":"cli-firebase","firebase-functions-codebase":"tirigist-comrades","firebase-functions-hash":"3b49749894483f75c4720c67e50cb3eeb713a931"},"sourceUploadUrl":"https://storage.googleapis.com/uploads-925032658726.us-central1.cloudfunctions.appspot.com/843b87dc-6581-41c5-8d25-39de45809cba.zip?GoogleAccessId=service-480943047907@gcf-admin-robot.iam.gserviceaccount.com&Expires=1738507291&Signature=XKixh5cqK2EJPYxvGF1LkmrJ6AYn19baTk41ujRcWkRYsFNACY4ThO%2Ba%2BXtff2n7WU%2Bg25wzCB6NHEl7PqvNoZ1KJnyvo7oYucfk%2Bj2JJ2dRiO7m0m1NRGqQMl0Jx9yIURC72a5rxb0u8%2FpRm%2FfQorEBqicQitUap2u3RuwejQmcvAj6KMzhh%2BgxPSEtT3Y55ACvH0a2G6lbjJN54EYpBAt778XoD%2F9qG36OcE4Om0p9vyqCxNXlwKPHr5DQskcVGC0n8O03rbTfAcHjwK0%2FXxiNDSlxqgmLBQ6RGL3CJ4nRabUqbtgLCto%2FajBYjXM4%2BcOtL7Tqb6DfWyi4rBwV2w%3D%3D","environmentVariables":{"FIREBASE_CONFIG":"{\"projectId\":\"tirigist-comrades\",\"storageBucket\":\"tirigist-comrades.firebasestorage.app\"}","GCLOUD_PROJECT":"tirigist-comrades","EVENTARC_CLOUD_EVENT_SOURCE":"projects/tirigist-comrades/locations/us-central1/functions/createUserDocument"},"runtime":"nodejs22","buildId":"5f626cfc-8888-4d10-b3e9-b2f451f29a92","buildEnvironmentVariables":{"GOOGLE_NODE_RUN_SCRIPTS":""},"secretEnvironmentVariables":[{"key":"INTASEND_SECRET_API_KEY","projectId":"tirigist-comrades","secret":"INTASEND_SECRET_API_KEY","version":"1"}],"buildName":"projects/480943047907/locations/us-central1/builds/5f626cfc-8888-4d10-b3e9-b2f451f29a92","dockerRegistry":"ARTIFACT_REGISTRY","automaticUpdatePolicy":{},"buildServiceAccount":"projects/tirigist-comrades/serviceAccounts/480943047907-compute@developer.gserviceaccount.com"},"versionId":"20","updateTime":"2025-02-02T14:11:33Z"}}
[debug] [2025-02-02T14:11:33.057Z] Checked if tokens are valid: true, expires at: 1738508970616
[debug] [2025-02-02T14:11:33.057Z] Checked if tokens are valid: true, expires at: 1738508970616
[debug] [2025-02-02T14:11:33.058Z] >>> [apiv2][query] GET https://cloudfunctions.googleapis.com/v1/operations/dGlyaWdpc3QtY29tcmFkZXMvdXMtY2VudHJhbDEvY3JlYXRlVXNlckRvY3VtZW50L3pZS09udFFHbERR [none]
[debug] [2025-02-02T14:11:33.401Z] <<< [apiv2][status] GET https://cloudfunctions.googleapis.com/v1/operations/dGlyaWdpc3QtY29tcmFkZXMvdXMtY2VudHJhbDEvY3JlYXRlVXNlckRvY3VtZW50L3pZS09udFFHbERR 200
[debug] [2025-02-02T14:11:33.401Z] <<< [apiv2][body] GET https://cloudfunctions.googleapis.com/v1/operations/dGlyaWdpc3QtY29tcmFkZXMvdXMtY2VudHJhbDEvY3JlYXRlVXNlckRvY3VtZW50L3pZS09udFFHbERR {"name":"operations/dGlyaWdpc3QtY29tcmFkZXMvdXMtY2VudHJhbDEvY3JlYXRlVXNlckRvY3VtZW50L3pZS09udFFHbERR","metadata":{"@type":"type.googleapis.com/google.cloud.functions.v1.OperationMetadataV1","target":"projects/tirigist-comrades/locations/us-central1/functions/createUserDocument","type":"UPDATE_FUNCTION","request":{"@type":"type.googleapis.com/google.cloud.functions.v1.CloudFunction","name":"projects/tirigist-comrades/locations/us-central1/functions/createUserDocument","eventTrigger":{"eventType":"providers/firebase.auth/eventTypes/user.create","resource":"projects/tirigist-comrades","service":"firebaseauth.googleapis.com"},"status":"ACTIVE","entryPoint":"createUserDocument","updateTime":"2025-02-02T11:51:49.872Z","versionId":"19","labels":{"deployment-tool":"cli-firebase","firebase-functions-codebase":"tirigist-comrades","firebase-functions-hash":"3b49749894483f75c4720c67e50cb3eeb713a931"},"sourceUploadUrl":"https://storage.googleapis.com/uploads-925032658726.us-central1.cloudfunctions.appspot.com/843b87dc-6581-41c5-8d25-39de45809cba.zip?GoogleAccessId=service-480943047907@gcf-admin-robot.iam.gserviceaccount.com&Expires=1738507291&Signature=XKixh5cqK2EJPYxvGF1LkmrJ6AYn19baTk41ujRcWkRYsFNACY4ThO%2Ba%2BXtff2n7WU%2Bg25wzCB6NHEl7PqvNoZ1KJnyvo7oYucfk%2Bj2JJ2dRiO7m0m1NRGqQMl0Jx9yIURC72a5rxb0u8%2FpRm%2FfQorEBqicQitUap2u3RuwejQmcvAj6KMzhh%2BgxPSEtT3Y55ACvH0a2G6lbjJN54EYpBAt778XoD%2F9qG36OcE4Om0p9vyqCxNXlwKPHr5DQskcVGC0n8O03rbTfAcHjwK0%2FXxiNDSlxqgmLBQ6RGL3CJ4nRabUqbtgLCto%2FajBYjXM4%2BcOtL7Tqb6DfWyi4rBwV2w%3D%3D","environmentVariables":{"FIREBASE_CONFIG":"{\"projectId\":\"tirigist-comrades\",\"storageBucket\":\"tirigist-comrades.firebasestorage.app\"}","GCLOUD_PROJECT":"tirigist-comrades","EVENTARC_CLOUD_EVENT_SOURCE":"projects/tirigist-comrades/locations/us-central1/functions/createUserDocument"},"runtime":"nodejs22","buildId":"5f626cfc-8888-4d10-b3e9-b2f451f29a92","buildEnvironmentVariables":{"GOOGLE_NODE_RUN_SCRIPTS":""},"secretEnvironmentVariables":[{"key":"INTASEND_SECRET_API_KEY","projectId":"tirigist-comrades","secret":"INTASEND_SECRET_API_KEY","version":"1"}],"buildName":"projects/480943047907/locations/us-central1/builds/5f626cfc-8888-4d10-b3e9-b2f451f29a92","dockerRegistry":"ARTIFACT_REGISTRY","automaticUpdatePolicy":{},"buildServiceAccount":"projects/tirigist-comrades/serviceAccounts/480943047907-compute@developer.gserviceaccount.com"},"versionId":"20","updateTime":"2025-02-02T14:11:33Z"}}
[debug] [2025-02-02T14:11:33.905Z] [update-tirigist-comrades-us-central1-createUserDocument] Retrying task index 0
[debug] [2025-02-02T14:11:33.906Z] Checked if tokens are valid: true, expires at: 1738508970616
[debug] [2025-02-02T14:11:33.906Z] Checked if tokens are valid: true, expires at: 1738508970616
[debug] [2025-02-02T14:11:33.906Z] >>> [apiv2][query] GET https://cloudfunctions.googleapis.com/v1/operations/dGlyaWdpc3QtY29tcmFkZXMvdXMtY2VudHJhbDEvY3JlYXRlVXNlckRvY3VtZW50L3pZS09udFFHbERR [none]
[debug] [2025-02-02T14:11:34.282Z] <<< [apiv2][status] GET https://cloudfunctions.googleapis.com/v1/operations/dGlyaWdpc3QtY29tcmFkZXMvdXMtY2VudHJhbDEvY3JlYXRlVXNlckRvY3VtZW50L3pZS09udFFHbERR 200
[debug] [2025-02-02T14:11:34.282Z] <<< [apiv2][body] GET https://cloudfunctions.googleapis.com/v1/operations/dGlyaWdpc3QtY29tcmFkZXMvdXMtY2VudHJhbDEvY3JlYXRlVXNlckRvY3VtZW50L3pZS09udFFHbERR {"name":"operations/dGlyaWdpc3QtY29tcmFkZXMvdXMtY2VudHJhbDEvY3JlYXRlVXNlckRvY3VtZW50L3pZS09udFFHbERR","metadata":{"@type":"type.googleapis.com/google.cloud.functions.v1.OperationMetadataV1","target":"projects/tirigist-comrades/locations/us-central1/functions/createUserDocument","type":"UPDATE_FUNCTION","request":{"@type":"type.googleapis.com/google.cloud.functions.v1.CloudFunction","name":"projects/tirigist-comrades/locations/us-central1/functions/createUserDocument","eventTrigger":{"eventType":"providers/firebase.auth/eventTypes/user.create","resource":"projects/tirigist-comrades","service":"firebaseauth.googleapis.com"},"status":"ACTIVE","entryPoint":"createUserDocument","updateTime":"2025-02-02T11:51:49.872Z","versionId":"19","labels":{"deployment-tool":"cli-firebase","firebase-functions-codebase":"tirigist-comrades","firebase-functions-hash":"3b49749894483f75c4720c67e50cb3eeb713a931"},"sourceUploadUrl":"https://storage.googleapis.com/uploads-925032658726.us-central1.cloudfunctions.appspot.com/843b87dc-6581-41c5-8d25-39de45809cba.zip?GoogleAccessId=service-480943047907@gcf-admin-robot.iam.gserviceaccount.com&Expires=1738507291&Signature=XKixh5cqK2EJPYxvGF1LkmrJ6AYn19baTk41ujRcWkRYsFNACY4ThO%2Ba%2BXtff2n7WU%2Bg25wzCB6NHEl7PqvNoZ1KJnyvo7oYucfk%2Bj2JJ2dRiO7m0m1NRGqQMl0Jx9yIURC72a5rxb0u8%2FpRm%2FfQorEBqicQitUap2u3RuwejQmcvAj6KMzhh%2BgxPSEtT3Y55ACvH0a2G6lbjJN54EYpBAt778XoD%2F9qG36OcE4Om0p9vyqCxNXlwKPHr5DQskcVGC0n8O03rbTfAcHjwK0%2FXxiNDSlxqgmLBQ6RGL3CJ4nRabUqbtgLCto%2FajBYjXM4%2BcOtL7Tqb6DfWyi4rBwV2w%3D%3D","environmentVariables":{"FIREBASE_CONFIG":"{\"projectId\":\"tirigist-comrades\",\"storageBucket\":\"tirigist-comrades.firebasestorage.app\"}","GCLOUD_PROJECT":"tirigist-comrades","EVENTARC_CLOUD_EVENT_SOURCE":"projects/tirigist-comrades/locations/us-central1/functions/createUserDocument"},"runtime":"nodejs22","buildId":"5f626cfc-8888-4d10-b3e9-b2f451f29a92","buildEnvironmentVariables":{"GOOGLE_NODE_RUN_SCRIPTS":""},"secretEnvironmentVariables":[{"key":"INTASEND_SECRET_API_KEY","projectId":"tirigist-comrades","secret":"INTASEND_SECRET_API_KEY","version":"1"}],"buildName":"projects/480943047907/locations/us-central1/builds/5f626cfc-8888-4d10-b3e9-b2f451f29a92","dockerRegistry":"ARTIFACT_REGISTRY","automaticUpdatePolicy":{},"buildServiceAccount":"projects/tirigist-comrades/serviceAccounts/480943047907-compute@developer.gserviceaccount.com"},"versionId":"20","updateTime":"2025-02-02T14:11:33Z","buildId":"567e861d-5dfd-4ab8-9d5c-f7f436675005","buildName":"projects/480943047907/locations/us-central1/builds/567e861d-5dfd-4ab8-9d5c-f7f436675005"}}
[debug] [2025-02-02T14:11:35.285Z] [update-tirigist-comrades-us-central1-createUserDocument] Retrying task index 0
[debug] [2025-02-02T14:11:35.285Z] Checked if tokens are valid: true, expires at: 1738508970616
[debug] [2025-02-02T14:11:35.285Z] Checked if tokens are valid: true, expires at: 1738508970616
[debug] [2025-02-02T14:11:35.285Z] >>> [apiv2][query] GET https://cloudfunctions.googleapis.com/v1/operations/dGlyaWdpc3QtY29tcmFkZXMvdXMtY2VudHJhbDEvY3JlYXRlVXNlckRvY3VtZW50L3pZS09udFFHbERR [none]
[debug] [2025-02-02T14:11:35.683Z] <<< [apiv2][status] GET https://cloudfunctions.googleapis.com/v1/operations/dGlyaWdpc3QtY29tcmFkZXMvdXMtY2VudHJhbDEvY3JlYXRlVXNlckRvY3VtZW50L3pZS09udFFHbERR 200
[debug] [2025-02-02T14:11:35.684Z] <<< [apiv2][body] GET https://cloudfunctions.googleapis.com/v1/operations/dGlyaWdpc3QtY29tcmFkZXMvdXMtY2VudHJhbDEvY3JlYXRlVXNlckRvY3VtZW50L3pZS09udFFHbERR {"name":"operations/dGlyaWdpc3QtY29tcmFkZXMvdXMtY2VudHJhbDEvY3JlYXRlVXNlckRvY3VtZW50L3pZS09udFFHbERR","metadata":{"@type":"type.googleapis.com/google.cloud.functions.v1.OperationMetadataV1","target":"projects/tirigist-comrades/locations/us-central1/functions/createUserDocument","type":"UPDATE_FUNCTION","request":{"@type":"type.googleapis.com/google.cloud.functions.v1.CloudFunction","name":"projects/tirigist-comrades/locations/us-central1/functions/createUserDocument","eventTrigger":{"eventType":"providers/firebase.auth/eventTypes/user.create","resource":"projects/tirigist-comrades","service":"firebaseauth.googleapis.com"},"status":"ACTIVE","entryPoint":"createUserDocument","updateTime":"2025-02-02T11:51:49.872Z","versionId":"19","labels":{"deployment-tool":"cli-firebase","firebase-functions-codebase":"tirigist-comrades","firebase-functions-hash":"3b49749894483f75c4720c67e50cb3eeb713a931"},"sourceUploadUrl":"https://storage.googleapis.com/uploads-925032658726.us-central1.cloudfunctions.appspot.com/843b87dc-6581-41c5-8d25-39de45809cba.zip?GoogleAccessId=service-480943047907@gcf-admin-robot.iam.gserviceaccount.com&Expires=1738507291&Signature=XKixh5cqK2EJPYxvGF1LkmrJ6AYn19baTk41ujRcWkRYsFNACY4ThO%2Ba%2BXtff2n7WU%2Bg25wzCB6NHEl7PqvNoZ1KJnyvo7oYucfk%2Bj2JJ2dRiO7m0m1NRGqQMl0Jx9yIURC72a5rxb0u8%2FpRm%2FfQorEBqicQitUap2u3RuwejQmcvAj6KMzhh%2BgxPSEtT3Y55ACvH0a2G6lbjJN54EYpBAt778XoD%2F9qG36OcE4Om0p9vyqCxNXlwKPHr5DQskcVGC0n8O03rbTfAcHjwK0%2FXxiNDSlxqgmLBQ6RGL3CJ4nRabUqbtgLCto%2FajBYjXM4%2BcOtL7Tqb6DfWyi4rBwV2w%3D%3D","environmentVariables":{"FIREBASE_CONFIG":"{\"projectId\":\"tirigist-comrades\",\"storageBucket\":\"tirigist-comrades.firebasestorage.app\"}","GCLOUD_PROJECT":"tirigist-comrades","EVENTARC_CLOUD_EVENT_SOURCE":"projects/tirigist-comrades/locations/us-central1/functions/createUserDocument"},"runtime":"nodejs22","buildId":"5f626cfc-8888-4d10-b3e9-b2f451f29a92","buildEnvironmentVariables":{"GOOGLE_NODE_RUN_SCRIPTS":""},"secretEnvironmentVariables":[{"key":"INTASEND_SECRET_API_KEY","projectId":"tirigist-comrades","secret":"INTASEND_SECRET_API_KEY","version":"1"}],"buildName":"projects/480943047907/locations/us-central1/builds/5f626cfc-8888-4d10-b3e9-b2f451f29a92","dockerRegistry":"ARTIFACT_REGISTRY","automaticUpdatePolicy":{},"buildServiceAccount":"projects/tirigist-comrades/serviceAccounts/480943047907-compute@developer.gserviceaccount.com"},"versionId":"20","updateTime":"2025-02-02T14:11:33Z","buildId":"567e861d-5dfd-4ab8-9d5c-f7f436675005","buildName":"projects/480943047907/locations/us-central1/builds/567e861d-5dfd-4ab8-9d5c-f7f436675005"}}
[debug] [2025-02-02T14:11:35.759Z] <<< [apiv2][status] PATCH https://cloudfunctions.googleapis.com/v2/projects/tirigist-comrades/locations/us-central1/functions/onUploadDocumentCreated 200
[debug] [2025-02-02T14:11:35.760Z] <<< [apiv2][body] PATCH https://cloudfunctions.googleapis.com/v2/projects/tirigist-comrades/locations/us-central1/functions/onUploadDocumentCreated {"name":"projects/tirigist-comrades/locations/us-central1/operations/operation-1738505493502-62d295a6158ca-f42f3ff6-0de27eae","metadata":{"@type":"type.googleapis.com/google.cloud.functions.v2.OperationMetadata","createTime":"2025-02-02T14:11:36.061002454Z","target":"projects/tirigist-comrades/locations/us-central1/functions/onUploadDocumentCreated","verb":"update","cancelRequested":false,"apiVersion":"v2"},"done":false}
[debug] [2025-02-02T14:11:35.760Z] Checked if tokens are valid: true, expires at: 1738508970616
[debug] [2025-02-02T14:11:35.761Z] Checked if tokens are valid: true, expires at: 1738508970616
[debug] [2025-02-02T14:11:35.761Z] >>> [apiv2][query] GET https://cloudfunctions.googleapis.com/v2/projects/tirigist-comrades/locations/us-central1/operations/operation-1738505493502-62d295a6158ca-f42f3ff6-0de27eae [none]
[debug] [2025-02-02T14:11:36.635Z] <<< [apiv2][status] GET https://cloudfunctions.googleapis.com/v2/projects/tirigist-comrades/locations/us-central1/operations/operation-1738505493502-62d295a6158ca-f42f3ff6-0de27eae 200
[debug] [2025-02-02T14:11:36.636Z] <<< [apiv2][body] GET https://cloudfunctions.googleapis.com/v2/projects/tirigist-comrades/locations/us-central1/operations/operation-1738505493502-62d295a6158ca-f42f3ff6-0de27eae {"name":"projects/tirigist-comrades/locations/us-central1/operations/operation-1738505493502-62d295a6158ca-f42f3ff6-0de27eae","metadata":{"@type":"type.googleapis.com/google.cloud.functions.v2.OperationMetadata","createTime":"2025-02-02T14:11:36.061002454Z","target":"projects/tirigist-comrades/locations/us-central1/functions/onUploadDocumentCreated","verb":"update","cancelRequested":false,"apiVersion":"v2","requestResource":{"@type":"type.googleapis.com/google.cloud.functions.v2.Function","name":"projects/tirigist-comrades/locations/us-central1/functions/onUploadDocumentCreated","buildConfig":{"runtime":"nodejs22","entryPoint":"onUploadDocumentCreated","source":{"storageSource":{"bucket":"gcf-v2-sources-480943047907-us-central1","object":"onUploadDocumentCreated/function-source.zip","generation":"1738505495961407"}},"environmentVariables":{"GOOGLE_NODE_RUN_SCRIPTS":""},"dockerRepository":"projects/tirigist-comrades/locations/us-central1/repositories/gcf-artifacts","sourceProvenance":{"resolvedStorageSource":{"bucket":"gcf-v2-sources-480943047907-us-central1","object":"onUploadDocumentCreated/function-source.zip","generation":"1738497016108902"}},"dockerRegistry":"ARTIFACT_REGISTRY","serviceAccount":"projects/tirigist-comrades/serviceAccounts/480943047907-compute@developer.gserviceaccount.com","automaticUpdatePolicy":{}},"serviceConfig":{"service":"projects/tirigist-comrades/locations/us-central1/services/onuploaddocumentcreated","timeoutSeconds":60,"environmentVariables":{"FIREBASE_CONFIG":"{\"projectId\":\"tirigist-comrades\",\"storageBucket\":\"tirigist-comrades.firebasestorage.app\"}","GCLOUD_PROJECT":"tirigist-comrades","EVENTARC_CLOUD_EVENT_SOURCE":"projects/tirigist-comrades/locations/us-central1/services/onUploadDocumentCreated","FUNCTION_SIGNATURE_TYPE":"cloudevent","FUNCTION_TARGET":"onUploadDocumentCreated","LOG_EXECUTION_ID":"true"},"ingressSettings":"ALLOW_ALL","uri":"https://onuploaddocumentcreated-6nlgdij53q-uc.a.run.app","serviceAccountEmail":"480943047907-compute@developer.gserviceaccount.com","availableMemory":"256Mi","allTrafficOnLatestRevision":true,"secretEnvironmentVariables":[{"key":"AUTH_FIREBASE_PRIVATE_KEY","projectId":"tirigist-comrades","secret":"AUTH_FIREBASE_PRIVATE_KEY","version":"1"},{"key":"AUTH_FIREBASE_CLIENT_EMAIL","projectId":"tirigist-comrades","secret":"AUTH_FIREBASE_CLIENT_EMAIL","version":"1"},{"key":"AUTH_FIREBASE_PROJECT_ID","projectId":"tirigist-comrades","secret":"AUTH_FIREBASE_PROJECT_ID","version":"1"}],"revision":"onuploaddocumentcreated-00019-dor","maxInstanceRequestConcurrency":80,"availableCpu":"1"},"eventTrigger":{"trigger":"projects/tirigist-comrades/locations/africa-south1/triggers/onuploaddocumentcreated-582218","triggerRegion":"africa-south1","eventType":"google.cloud.firestore.document.v1.created","eventFilters":[{"attribute":"database","value":"(default)"},{"attribute":"namespace","value":"(default)"},{"attribute":"document","value":"uploads/{documentId}","operator":"match-path-pattern"}],"pubsubTopic":"projects/tirigist-comrades/topics/eventarc-africa-south1-onuploaddocumentcreated-582218-445","serviceAccountEmail":"480943047907-compute@developer.gserviceaccount.com","retryPolicy":"RETRY_POLICY_DO_NOT_RETRY"},"state":"ACTIVE","labels":{"deployment-tool":"cli-firebase","firebase-functions-codebase":"tirigist-comrades","firebase-functions-hash":"a92cc9ce5b892bf61b080835c8d85ac08ecaab52"},"environment":"GEN_2","url":"https://us-central1-tirigist-comrades.cloudfunctions.net/onUploadDocumentCreated"},"stages":[{"name":"BUILD","message":"Build in progress","state":"IN_PROGRESS","resource":"projects/480943047907/locations/us-central1/builds/45afafb2-2ad5-48c7-a765-a74ea0c2d53f","resourceUri":"https://console.cloud.google.com/cloud-build/builds;region=us-central1/45afafb2-2ad5-48c7-a765-a74ea0c2d53f?project=480943047907"},{"name":"SERVICE","state":"NOT_STARTED"},{"name":"TRIGGER","state":"NOT_STARTED"}],"operationType":"UPDATE_FUNCTION","buildName":"projects/480943047907/locations/us-central1/builds/45afafb2-2ad5-48c7-a765-a74ea0c2d53f"},"done":false}
[debug] [2025-02-02T14:11:37.151Z] [update-tirigist-comrades-us-central1-onUploadDocumentCreated] Retrying task index 0
[debug] [2025-02-02T14:11:37.152Z] Checked if tokens are valid: true, expires at: 1738508970616
[debug] [2025-02-02T14:11:37.152Z] Checked if tokens are valid: true, expires at: 1738508970616
[debug] [2025-02-02T14:11:37.152Z] >>> [apiv2][query] GET https://cloudfunctions.googleapis.com/v2/projects/tirigist-comrades/locations/us-central1/operations/operation-1738505493502-62d295a6158ca-f42f3ff6-0de27eae [none]
[debug] [2025-02-02T14:11:37.689Z] [update-tirigist-comrades-us-central1-createUserDocument] Retrying task index 0
[debug] [2025-02-02T14:11:37.689Z] Checked if tokens are valid: true, expires at: 1738508970616
[debug] [2025-02-02T14:11:37.689Z] Checked if tokens are valid: true, expires at: 1738508970616
[debug] [2025-02-02T14:11:37.689Z] >>> [apiv2][query] GET https://cloudfunctions.googleapis.com/v1/operations/dGlyaWdpc3QtY29tcmFkZXMvdXMtY2VudHJhbDEvY3JlYXRlVXNlckRvY3VtZW50L3pZS09udFFHbERR [none]
[debug] [2025-02-02T14:11:38.011Z] <<< [apiv2][status] GET https://cloudfunctions.googleapis.com/v1/operations/dGlyaWdpc3QtY29tcmFkZXMvdXMtY2VudHJhbDEvY3JlYXRlVXNlckRvY3VtZW50L3pZS09udFFHbERR 200
[debug] [2025-02-02T14:11:38.011Z] <<< [apiv2][body] GET https://cloudfunctions.googleapis.com/v1/operations/dGlyaWdpc3QtY29tcmFkZXMvdXMtY2VudHJhbDEvY3JlYXRlVXNlckRvY3VtZW50L3pZS09udFFHbERR {"name":"operations/dGlyaWdpc3QtY29tcmFkZXMvdXMtY2VudHJhbDEvY3JlYXRlVXNlckRvY3VtZW50L3pZS09udFFHbERR","metadata":{"@type":"type.googleapis.com/google.cloud.functions.v1.OperationMetadataV1","target":"projects/tirigist-comrades/locations/us-central1/functions/createUserDocument","type":"UPDATE_FUNCTION","request":{"@type":"type.googleapis.com/google.cloud.functions.v1.CloudFunction","name":"projects/tirigist-comrades/locations/us-central1/functions/createUserDocument","eventTrigger":{"eventType":"providers/firebase.auth/eventTypes/user.create","resource":"projects/tirigist-comrades","service":"firebaseauth.googleapis.com"},"status":"ACTIVE","entryPoint":"createUserDocument","updateTime":"2025-02-02T11:51:49.872Z","versionId":"19","labels":{"deployment-tool":"cli-firebase","firebase-functions-codebase":"tirigist-comrades","firebase-functions-hash":"3b49749894483f75c4720c67e50cb3eeb713a931"},"sourceUploadUrl":"https://storage.googleapis.com/uploads-925032658726.us-central1.cloudfunctions.appspot.com/843b87dc-6581-41c5-8d25-39de45809cba.zip?GoogleAccessId=service-480943047907@gcf-admin-robot.iam.gserviceaccount.com&Expires=1738507291&Signature=XKixh5cqK2EJPYxvGF1LkmrJ6AYn19baTk41ujRcWkRYsFNACY4ThO%2Ba%2BXtff2n7WU%2Bg25wzCB6NHEl7PqvNoZ1KJnyvo7oYucfk%2Bj2JJ2dRiO7m0m1NRGqQMl0Jx9yIURC72a5rxb0u8%2FpRm%2FfQorEBqicQitUap2u3RuwejQmcvAj6KMzhh%2BgxPSEtT3Y55ACvH0a2G6lbjJN54EYpBAt778XoD%2F9qG36OcE4Om0p9vyqCxNXlwKPHr5DQskcVGC0n8O03rbTfAcHjwK0%2FXxiNDSlxqgmLBQ6RGL3CJ4nRabUqbtgLCto%2FajBYjXM4%2BcOtL7Tqb6DfWyi4rBwV2w%3D%3D","environmentVariables":{"FIREBASE_CONFIG":"{\"projectId\":\"tirigist-comrades\",\"storageBucket\":\"tirigist-comrades.firebasestorage.app\"}","GCLOUD_PROJECT":"tirigist-comrades","EVENTARC_CLOUD_EVENT_SOURCE":"projects/tirigist-comrades/locations/us-central1/functions/createUserDocument"},"runtime":"nodejs22","buildId":"5f626cfc-8888-4d10-b3e9-b2f451f29a92","buildEnvironmentVariables":{"GOOGLE_NODE_RUN_SCRIPTS":""},"secretEnvironmentVariables":[{"key":"INTASEND_SECRET_API_KEY","projectId":"tirigist-comrades","secret":"INTASEND_SECRET_API_KEY","version":"1"}],"buildName":"projects/480943047907/locations/us-central1/builds/5f626cfc-8888-4d10-b3e9-b2f451f29a92","dockerRegistry":"ARTIFACT_REGISTRY","automaticUpdatePolicy":{},"buildServiceAccount":"projects/tirigist-comrades/serviceAccounts/480943047907-compute@developer.gserviceaccount.com"},"versionId":"20","updateTime":"2025-02-02T14:11:33Z","buildId":"567e861d-5dfd-4ab8-9d5c-f7f436675005","buildName":"projects/480943047907/locations/us-central1/builds/567e861d-5dfd-4ab8-9d5c-f7f436675005"}}
[debug] [2025-02-02T14:11:38.081Z] <<< [apiv2][status] GET https://cloudfunctions.googleapis.com/v2/projects/tirigist-comrades/locations/us-central1/operations/operation-1738505493502-62d295a6158ca-f42f3ff6-0de27eae 200
[debug] [2025-02-02T14:11:38.082Z] <<< [apiv2][body] GET https://cloudfunctions.googleapis.com/v2/projects/tirigist-comrades/locations/us-central1/operations/operation-1738505493502-62d295a6158ca-f42f3ff6-0de27eae {"name":"projects/tirigist-comrades/locations/us-central1/operations/operation-1738505493502-62d295a6158ca-f42f3ff6-0de27eae","metadata":{"@type":"type.googleapis.com/google.cloud.functions.v2.OperationMetadata","createTime":"2025-02-02T14:11:36.061002454Z","target":"projects/tirigist-comrades/locations/us-central1/functions/onUploadDocumentCreated","verb":"update","cancelRequested":false,"apiVersion":"v2","requestResource":{"@type":"type.googleapis.com/google.cloud.functions.v2.Function","name":"projects/tirigist-comrades/locations/us-central1/functions/onUploadDocumentCreated","buildConfig":{"runtime":"nodejs22","entryPoint":"onUploadDocumentCreated","source":{"storageSource":{"bucket":"gcf-v2-sources-480943047907-us-central1","object":"onUploadDocumentCreated/function-source.zip","generation":"1738505495961407"}},"environmentVariables":{"GOOGLE_NODE_RUN_SCRIPTS":""},"dockerRepository":"projects/tirigist-comrades/locations/us-central1/repositories/gcf-artifacts","sourceProvenance":{"resolvedStorageSource":{"bucket":"gcf-v2-sources-480943047907-us-central1","object":"onUploadDocumentCreated/function-source.zip","generation":"1738497016108902"}},"dockerRegistry":"ARTIFACT_REGISTRY","serviceAccount":"projects/tirigist-comrades/serviceAccounts/480943047907-compute@developer.gserviceaccount.com","automaticUpdatePolicy":{}},"serviceConfig":{"service":"projects/tirigist-comrades/locations/us-central1/services/onuploaddocumentcreated","timeoutSeconds":60,"environmentVariables":{"FIREBASE_CONFIG":"{\"projectId\":\"tirigist-comrades\",\"storageBucket\":\"tirigist-comrades.firebasestorage.app\"}","GCLOUD_PROJECT":"tirigist-comrades","EVENTARC_CLOUD_EVENT_SOURCE":"projects/tirigist-comrades/locations/us-central1/services/onUploadDocumentCreated","FUNCTION_SIGNATURE_TYPE":"cloudevent","FUNCTION_TARGET":"onUploadDocumentCreated","LOG_EXECUTION_ID":"true"},"ingressSettings":"ALLOW_ALL","uri":"https://onuploaddocumentcreated-6nlgdij53q-uc.a.run.app","serviceAccountEmail":"480943047907-compute@developer.gserviceaccount.com","availableMemory":"256Mi","allTrafficOnLatestRevision":true,"secretEnvironmentVariables":[{"key":"AUTH_FIREBASE_PRIVATE_KEY","projectId":"tirigist-comrades","secret":"AUTH_FIREBASE_PRIVATE_KEY","version":"1"},{"key":"AUTH_FIREBASE_CLIENT_EMAIL","projectId":"tirigist-comrades","secret":"AUTH_FIREBASE_CLIENT_EMAIL","version":"1"},{"key":"AUTH_FIREBASE_PROJECT_ID","projectId":"tirigist-comrades","secret":"AUTH_FIREBASE_PROJECT_ID","version":"1"}],"revision":"onuploaddocumentcreated-00019-dor","maxInstanceRequestConcurrency":80,"availableCpu":"1"},"eventTrigger":{"trigger":"projects/tirigist-comrades/locations/africa-south1/triggers/onuploaddocumentcreated-582218","triggerRegion":"africa-south1","eventType":"google.cloud.firestore.document.v1.created","eventFilters":[{"attribute":"database","value":"(default)"},{"attribute":"namespace","value":"(default)"},{"attribute":"document","value":"uploads/{documentId}","operator":"match-path-pattern"}],"pubsubTopic":"projects/tirigist-comrades/topics/eventarc-africa-south1-onuploaddocumentcreated-582218-445","serviceAccountEmail":"480943047907-compute@developer.gserviceaccount.com","retryPolicy":"RETRY_POLICY_DO_NOT_RETRY"},"state":"ACTIVE","labels":{"deployment-tool":"cli-firebase","firebase-functions-codebase":"tirigist-comrades","firebase-functions-hash":"a92cc9ce5b892bf61b080835c8d85ac08ecaab52"},"environment":"GEN_2","url":"https://us-central1-tirigist-comrades.cloudfunctions.net/onUploadDocumentCreated"},"stages":[{"name":"BUILD","message":"Build in progress","state":"IN_PROGRESS","resource":"projects/480943047907/locations/us-central1/builds/45afafb2-2ad5-48c7-a765-a74ea0c2d53f","resourceUri":"https://console.cloud.google.com/cloud-build/builds;region=us-central1/45afafb2-2ad5-48c7-a765-a74ea0c2d53f?project=480943047907"},{"name":"SERVICE","state":"NOT_STARTED"},{"name":"TRIGGER","state":"NOT_STARTED"}],"operationType":"UPDATE_FUNCTION","buildName":"projects/480943047907/locations/us-central1/builds/45afafb2-2ad5-48c7-a765-a74ea0c2d53f"},"done":false}
[debug] [2025-02-02T14:11:39.091Z] [update-tirigist-comrades-us-central1-onUploadDocumentCreated] Retrying task index 0
[debug] [2025-02-02T14:11:39.092Z] Checked if tokens are valid: true, expires at: 1738508970616
[debug] [2025-02-02T14:11:39.092Z] Checked if tokens are valid: true, expires at: 1738508970616
[debug] [2025-02-02T14:11:39.092Z] >>> [apiv2][query] GET https://cloudfunctions.googleapis.com/v2/projects/tirigist-comrades/locations/us-central1/operations/operation-1738505493502-62d295a6158ca-f42f3ff6-0de27eae [none]
[debug] [2025-02-02T14:11:39.933Z] <<< [apiv2][status] GET https://cloudfunctions.googleapis.com/v2/projects/tirigist-comrades/locations/us-central1/operations/operation-1738505493502-62d295a6158ca-f42f3ff6-0de27eae 200
[debug] [2025-02-02T14:11:39.934Z] <<< [apiv2][body] GET https://cloudfunctions.googleapis.com/v2/projects/tirigist-comrades/locations/us-central1/operations/operation-1738505493502-62d295a6158ca-f42f3ff6-0de27eae {"name":"projects/tirigist-comrades/locations/us-central1/operations/operation-1738505493502-62d295a6158ca-f42f3ff6-0de27eae","metadata":{"@type":"type.googleapis.com/google.cloud.functions.v2.OperationMetadata","createTime":"2025-02-02T14:11:36.061002454Z","target":"projects/tirigist-comrades/locations/us-central1/functions/onUploadDocumentCreated","verb":"update","cancelRequested":false,"apiVersion":"v2","requestResource":{"@type":"type.googleapis.com/google.cloud.functions.v2.Function","name":"projects/tirigist-comrades/locations/us-central1/functions/onUploadDocumentCreated","buildConfig":{"runtime":"nodejs22","entryPoint":"onUploadDocumentCreated","source":{"storageSource":{"bucket":"gcf-v2-sources-480943047907-us-central1","object":"onUploadDocumentCreated/function-source.zip","generation":"1738505495961407"}},"environmentVariables":{"GOOGLE_NODE_RUN_SCRIPTS":""},"dockerRepository":"projects/tirigist-comrades/locations/us-central1/repositories/gcf-artifacts","sourceProvenance":{"resolvedStorageSource":{"bucket":"gcf-v2-sources-480943047907-us-central1","object":"onUploadDocumentCreated/function-source.zip","generation":"1738497016108902"}},"dockerRegistry":"ARTIFACT_REGISTRY","serviceAccount":"projects/tirigist-comrades/serviceAccounts/480943047907-compute@developer.gserviceaccount.com","automaticUpdatePolicy":{}},"serviceConfig":{"service":"projects/tirigist-comrades/locations/us-central1/services/onuploaddocumentcreated","timeoutSeconds":60,"environmentVariables":{"FIREBASE_CONFIG":"{\"projectId\":\"tirigist-comrades\",\"storageBucket\":\"tirigist-comrades.firebasestorage.app\"}","GCLOUD_PROJECT":"tirigist-comrades","EVENTARC_CLOUD_EVENT_SOURCE":"projects/tirigist-comrades/locations/us-central1/services/onUploadDocumentCreated","FUNCTION_SIGNATURE_TYPE":"cloudevent","FUNCTION_TARGET":"onUploadDocumentCreated","LOG_EXECUTION_ID":"true"},"ingressSettings":"ALLOW_ALL","uri":"https://onuploaddocumentcreated-6nlgdij53q-uc.a.run.app","serviceAccountEmail":"480943047907-compute@developer.gserviceaccount.com","availableMemory":"256Mi","allTrafficOnLatestRevision":true,"secretEnvironmentVariables":[{"key":"AUTH_FIREBASE_PRIVATE_KEY","projectId":"tirigist-comrades","secret":"AUTH_FIREBASE_PRIVATE_KEY","version":"1"},{"key":"AUTH_FIREBASE_CLIENT_EMAIL","projectId":"tirigist-comrades","secret":"AUTH_FIREBASE_CLIENT_EMAIL","version":"1"},{"key":"AUTH_FIREBASE_PROJECT_ID","projectId":"tirigist-comrades","secret":"AUTH_FIREBASE_PROJECT_ID","version":"1"}],"revision":"onuploaddocumentcreated-00019-dor","maxInstanceRequestConcurrency":80,"availableCpu":"1"},"eventTrigger":{"trigger":"projects/tirigist-comrades/locations/africa-south1/triggers/onuploaddocumentcreated-582218","triggerRegion":"africa-south1","eventType":"google.cloud.firestore.document.v1.created","eventFilters":[{"attribute":"database","value":"(default)"},{"attribute":"namespace","value":"(default)"},{"attribute":"document","value":"uploads/{documentId}","operator":"match-path-pattern"}],"pubsubTopic":"projects/tirigist-comrades/topics/eventarc-africa-south1-onuploaddocumentcreated-582218-445","serviceAccountEmail":"480943047907-compute@developer.gserviceaccount.com","retryPolicy":"RETRY_POLICY_DO_NOT_RETRY"},"state":"ACTIVE","labels":{"deployment-tool":"cli-firebase","firebase-functions-codebase":"tirigist-comrades","firebase-functions-hash":"a92cc9ce5b892bf61b080835c8d85ac08ecaab52"},"environment":"GEN_2","url":"https://us-central1-tirigist-comrades.cloudfunctions.net/onUploadDocumentCreated"},"stages":[{"name":"BUILD","message":"Build in progress","state":"IN_PROGRESS","resource":"projects/480943047907/locations/us-central1/builds/45afafb2-2ad5-48c7-a765-a74ea0c2d53f","resourceUri":"https://console.cloud.google.com/cloud-build/builds;region=us-central1/45afafb2-2ad5-48c7-a765-a74ea0c2d53f?project=480943047907"},{"name":"SERVICE","state":"NOT_STARTED"},{"name":"TRIGGER","state":"NOT_STARTED"}],"operationType":"UPDATE_FUNCTION","buildName":"projects/480943047907/locations/us-central1/builds/45afafb2-2ad5-48c7-a765-a74ea0c2d53f"},"done":false}
[debug] [2025-02-02T14:11:41.945Z] [update-tirigist-comrades-us-central1-onUploadDocumentCreated] Retrying task index 0
[debug] [2025-02-02T14:11:41.946Z] Checked if tokens are valid: true, expires at: 1738508970616
[debug] [2025-02-02T14:11:41.946Z] Checked if tokens are valid: true, expires at: 1738508970616
[debug] [2025-02-02T14:11:41.946Z] >>> [apiv2][query] GET https://cloudfunctions.googleapis.com/v2/projects/tirigist-comrades/locations/us-central1/operations/operation-1738505493502-62d295a6158ca-f42f3ff6-0de27eae [none]
[debug] [2025-02-02T14:11:42.025Z] [update-tirigist-comrades-us-central1-createUserDocument] Retrying task index 0
[debug] [2025-02-02T14:11:42.026Z] Checked if tokens are valid: true, expires at: 1738508970616
[debug] [2025-02-02T14:11:42.026Z] Checked if tokens are valid: true, expires at: 1738508970616
[debug] [2025-02-02T14:11:42.026Z] >>> [apiv2][query] GET https://cloudfunctions.googleapis.com/v1/operations/dGlyaWdpc3QtY29tcmFkZXMvdXMtY2VudHJhbDEvY3JlYXRlVXNlckRvY3VtZW50L3pZS09udFFHbERR [none]
[debug] [2025-02-02T14:11:42.380Z] <<< [apiv2][status] GET https://cloudfunctions.googleapis.com/v1/operations/dGlyaWdpc3QtY29tcmFkZXMvdXMtY2VudHJhbDEvY3JlYXRlVXNlckRvY3VtZW50L3pZS09udFFHbERR 200
[debug] [2025-02-02T14:11:42.381Z] <<< [apiv2][body] GET https://cloudfunctions.googleapis.com/v1/operations/dGlyaWdpc3QtY29tcmFkZXMvdXMtY2VudHJhbDEvY3JlYXRlVXNlckRvY3VtZW50L3pZS09udFFHbERR {"name":"operations/dGlyaWdpc3QtY29tcmFkZXMvdXMtY2VudHJhbDEvY3JlYXRlVXNlckRvY3VtZW50L3pZS09udFFHbERR","metadata":{"@type":"type.googleapis.com/google.cloud.functions.v1.OperationMetadataV1","target":"projects/tirigist-comrades/locations/us-central1/functions/createUserDocument","type":"UPDATE_FUNCTION","request":{"@type":"type.googleapis.com/google.cloud.functions.v1.CloudFunction","name":"projects/tirigist-comrades/locations/us-central1/functions/createUserDocument","eventTrigger":{"eventType":"providers/firebase.auth/eventTypes/user.create","resource":"projects/tirigist-comrades","service":"firebaseauth.googleapis.com"},"status":"ACTIVE","entryPoint":"createUserDocument","updateTime":"2025-02-02T11:51:49.872Z","versionId":"19","labels":{"deployment-tool":"cli-firebase","firebase-functions-codebase":"tirigist-comrades","firebase-functions-hash":"3b49749894483f75c4720c67e50cb3eeb713a931"},"sourceUploadUrl":"https://storage.googleapis.com/uploads-925032658726.us-central1.cloudfunctions.appspot.com/843b87dc-6581-41c5-8d25-39de45809cba.zip?GoogleAccessId=service-480943047907@gcf-admin-robot.iam.gserviceaccount.com&Expires=1738507291&Signature=XKixh5cqK2EJPYxvGF1LkmrJ6AYn19baTk41ujRcWkRYsFNACY4ThO%2Ba%2BXtff2n7WU%2Bg25wzCB6NHEl7PqvNoZ1KJnyvo7oYucfk%2Bj2JJ2dRiO7m0m1NRGqQMl0Jx9yIURC72a5rxb0u8%2FpRm%2FfQorEBqicQitUap2u3RuwejQmcvAj6KMzhh%2BgxPSEtT3Y55ACvH0a2G6lbjJN54EYpBAt778XoD%2F9qG36OcE4Om0p9vyqCxNXlwKPHr5DQskcVGC0n8O03rbTfAcHjwK0%2FXxiNDSlxqgmLBQ6RGL3CJ4nRabUqbtgLCto%2FajBYjXM4%2BcOtL7Tqb6DfWyi4rBwV2w%3D%3D","environmentVariables":{"FIREBASE_CONFIG":"{\"projectId\":\"tirigist-comrades\",\"storageBucket\":\"tirigist-comrades.firebasestorage.app\"}","GCLOUD_PROJECT":"tirigist-comrades","EVENTARC_CLOUD_EVENT_SOURCE":"projects/tirigist-comrades/locations/us-central1/functions/createUserDocument"},"runtime":"nodejs22","buildId":"5f626cfc-8888-4d10-b3e9-b2f451f29a92","buildEnvironmentVariables":{"GOOGLE_NODE_RUN_SCRIPTS":""},"secretEnvironmentVariables":[{"key":"INTASEND_SECRET_API_KEY","projectId":"tirigist-comrades","secret":"INTASEND_SECRET_API_KEY","version":"1"}],"buildName":"projects/480943047907/locations/us-central1/builds/5f626cfc-8888-4d10-b3e9-b2f451f29a92","dockerRegistry":"ARTIFACT_REGISTRY","automaticUpdatePolicy":{},"buildServiceAccount":"projects/tirigist-comrades/serviceAccounts/480943047907-compute@developer.gserviceaccount.com"},"versionId":"20","updateTime":"2025-02-02T14:11:33Z","buildId":"567e861d-5dfd-4ab8-9d5c-f7f436675005","buildName":"projects/480943047907/locations/us-central1/builds/567e861d-5dfd-4ab8-9d5c-f7f436675005"}}
[debug] [2025-02-02T14:11:42.780Z] <<< [apiv2][status] GET https://cloudfunctions.googleapis.com/v2/projects/tirigist-comrades/locations/us-central1/operations/operation-1738505493502-62d295a6158ca-f42f3ff6-0de27eae 200
[debug] [2025-02-02T14:11:42.780Z] <<< [apiv2][body] GET https://cloudfunctions.googleapis.com/v2/projects/tirigist-comrades/locations/us-central1/operations/operation-1738505493502-62d295a6158ca-f42f3ff6-0de27eae {"name":"projects/tirigist-comrades/locations/us-central1/operations/operation-1738505493502-62d295a6158ca-f42f3ff6-0de27eae","metadata":{"@type":"type.googleapis.com/google.cloud.functions.v2.OperationMetadata","createTime":"2025-02-02T14:11:36.061002454Z","target":"projects/tirigist-comrades/locations/us-central1/functions/onUploadDocumentCreated","verb":"update","cancelRequested":false,"apiVersion":"v2","requestResource":{"@type":"type.googleapis.com/google.cloud.functions.v2.Function","name":"projects/tirigist-comrades/locations/us-central1/functions/onUploadDocumentCreated","buildConfig":{"runtime":"nodejs22","entryPoint":"onUploadDocumentCreated","source":{"storageSource":{"bucket":"gcf-v2-sources-480943047907-us-central1","object":"onUploadDocumentCreated/function-source.zip","generation":"1738505495961407"}},"environmentVariables":{"GOOGLE_NODE_RUN_SCRIPTS":""},"dockerRepository":"projects/tirigist-comrades/locations/us-central1/repositories/gcf-artifacts","sourceProvenance":{"resolvedStorageSource":{"bucket":"gcf-v2-sources-480943047907-us-central1","object":"onUploadDocumentCreated/function-source.zip","generation":"1738497016108902"}},"dockerRegistry":"ARTIFACT_REGISTRY","serviceAccount":"projects/tirigist-comrades/serviceAccounts/480943047907-compute@developer.gserviceaccount.com","automaticUpdatePolicy":{}},"serviceConfig":{"service":"projects/tirigist-comrades/locations/us-central1/services/onuploaddocumentcreated","timeoutSeconds":60,"environmentVariables":{"FIREBASE_CONFIG":"{\"projectId\":\"tirigist-comrades\",\"storageBucket\":\"tirigist-comrades.firebasestorage.app\"}","GCLOUD_PROJECT":"tirigist-comrades","EVENTARC_CLOUD_EVENT_SOURCE":"projects/tirigist-comrades/locations/us-central1/services/onUploadDocumentCreated","FUNCTION_SIGNATURE_TYPE":"cloudevent","FUNCTION_TARGET":"onUploadDocumentCreated","LOG_EXECUTION_ID":"true"},"ingressSettings":"ALLOW_ALL","uri":"https://onuploaddocumentcreated-6nlgdij53q-uc.a.run.app","serviceAccountEmail":"480943047907-compute@developer.gserviceaccount.com","availableMemory":"256Mi","allTrafficOnLatestRevision":true,"secretEnvironmentVariables":[{"key":"AUTH_FIREBASE_PRIVATE_KEY","projectId":"tirigist-comrades","secret":"AUTH_FIREBASE_PRIVATE_KEY","version":"1"},{"key":"AUTH_FIREBASE_CLIENT_EMAIL","projectId":"tirigist-comrades","secret":"AUTH_FIREBASE_CLIENT_EMAIL","version":"1"},{"key":"AUTH_FIREBASE_PROJECT_ID","projectId":"tirigist-comrades","secret":"AUTH_FIREBASE_PROJECT_ID","version":"1"}],"revision":"onuploaddocumentcreated-00019-dor","maxInstanceRequestConcurrency":80,"availableCpu":"1"},"eventTrigger":{"trigger":"projects/tirigist-comrades/locations/africa-south1/triggers/onuploaddocumentcreated-582218","triggerRegion":"africa-south1","eventType":"google.cloud.firestore.document.v1.created","eventFilters":[{"attribute":"database","value":"(default)"},{"attribute":"namespace","value":"(default)"},{"attribute":"document","value":"uploads/{documentId}","operator":"match-path-pattern"}],"pubsubTopic":"projects/tirigist-comrades/topics/eventarc-africa-south1-onuploaddocumentcreated-582218-445","serviceAccountEmail":"480943047907-compute@developer.gserviceaccount.com","retryPolicy":"RETRY_POLICY_DO_NOT_RETRY"},"state":"ACTIVE","labels":{"deployment-tool":"cli-firebase","firebase-functions-codebase":"tirigist-comrades","firebase-functions-hash":"a92cc9ce5b892bf61b080835c8d85ac08ecaab52"},"environment":"GEN_2","url":"https://us-central1-tirigist-comrades.cloudfunctions.net/onUploadDocumentCreated"},"stages":[{"name":"BUILD","message":"Build in progress","state":"IN_PROGRESS","resource":"projects/480943047907/locations/us-central1/builds/45afafb2-2ad5-48c7-a765-a74ea0c2d53f","resourceUri":"https://console.cloud.google.com/cloud-build/builds;region=us-central1/45afafb2-2ad5-48c7-a765-a74ea0c2d53f?project=480943047907"},{"name":"SERVICE","state":"NOT_STARTED"},{"name":"TRIGGER","state":"NOT_STARTED"}],"operationType":"UPDATE_FUNCTION","buildName":"projects/480943047907/locations/us-central1/builds/45afafb2-2ad5-48c7-a765-a74ea0c2d53f"},"done":false}
[debug] [2025-02-02T14:11:46.789Z] [update-tirigist-comrades-us-central1-onUploadDocumentCreated] Retrying task index 0
[debug] [2025-02-02T14:11:46.789Z] Checked if tokens are valid: true, expires at: 1738508970616
[debug] [2025-02-02T14:11:46.789Z] Checked if tokens are valid: true, expires at: 1738508970616
[debug] [2025-02-02T14:11:46.789Z] >>> [apiv2][query] GET https://cloudfunctions.googleapis.com/v2/projects/tirigist-comrades/locations/us-central1/operations/operation-1738505493502-62d295a6158ca-f42f3ff6-0de27eae [none]
[debug] [2025-02-02T14:11:47.606Z] <<< [apiv2][status] GET https://cloudfunctions.googleapis.com/v2/projects/tirigist-comrades/locations/us-central1/operations/operation-1738505493502-62d295a6158ca-f42f3ff6-0de27eae 200
[debug] [2025-02-02T14:11:47.607Z] <<< [apiv2][body] GET https://cloudfunctions.googleapis.com/v2/projects/tirigist-comrades/locations/us-central1/operations/operation-1738505493502-62d295a6158ca-f42f3ff6-0de27eae {"name":"projects/tirigist-comrades/locations/us-central1/operations/operation-1738505493502-62d295a6158ca-f42f3ff6-0de27eae","metadata":{"@type":"type.googleapis.com/google.cloud.functions.v2.OperationMetadata","createTime":"2025-02-02T14:11:36.061002454Z","target":"projects/tirigist-comrades/locations/us-central1/functions/onUploadDocumentCreated","verb":"update","cancelRequested":false,"apiVersion":"v2","requestResource":{"@type":"type.googleapis.com/google.cloud.functions.v2.Function","name":"projects/tirigist-comrades/locations/us-central1/functions/onUploadDocumentCreated","buildConfig":{"runtime":"nodejs22","entryPoint":"onUploadDocumentCreated","source":{"storageSource":{"bucket":"gcf-v2-sources-480943047907-us-central1","object":"onUploadDocumentCreated/function-source.zip","generation":"1738505495961407"}},"environmentVariables":{"GOOGLE_NODE_RUN_SCRIPTS":""},"dockerRepository":"projects/tirigist-comrades/locations/us-central1/repositories/gcf-artifacts","sourceProvenance":{"resolvedStorageSource":{"bucket":"gcf-v2-sources-480943047907-us-central1","object":"onUploadDocumentCreated/function-source.zip","generation":"1738497016108902"}},"dockerRegistry":"ARTIFACT_REGISTRY","serviceAccount":"projects/tirigist-comrades/serviceAccounts/480943047907-compute@developer.gserviceaccount.com","automaticUpdatePolicy":{}},"serviceConfig":{"service":"projects/tirigist-comrades/locations/us-central1/services/onuploaddocumentcreated","timeoutSeconds":60,"environmentVariables":{"FIREBASE_CONFIG":"{\"projectId\":\"tirigist-comrades\",\"storageBucket\":\"tirigist-comrades.firebasestorage.app\"}","GCLOUD_PROJECT":"tirigist-comrades","EVENTARC_CLOUD_EVENT_SOURCE":"projects/tirigist-comrades/locations/us-central1/services/onUploadDocumentCreated","FUNCTION_SIGNATURE_TYPE":"cloudevent","FUNCTION_TARGET":"onUploadDocumentCreated","LOG_EXECUTION_ID":"true"},"ingressSettings":"ALLOW_ALL","uri":"https://onuploaddocumentcreated-6nlgdij53q-uc.a.run.app","serviceAccountEmail":"480943047907-compute@developer.gserviceaccount.com","availableMemory":"256Mi","allTrafficOnLatestRevision":true,"secretEnvironmentVariables":[{"key":"AUTH_FIREBASE_PRIVATE_KEY","projectId":"tirigist-comrades","secret":"AUTH_FIREBASE_PRIVATE_KEY","version":"1"},{"key":"AUTH_FIREBASE_CLIENT_EMAIL","projectId":"tirigist-comrades","secret":"AUTH_FIREBASE_CLIENT_EMAIL","version":"1"},{"key":"AUTH_FIREBASE_PROJECT_ID","projectId":"tirigist-comrades","secret":"AUTH_FIREBASE_PROJECT_ID","version":"1"}],"revision":"onuploaddocumentcreated-00019-dor","maxInstanceRequestConcurrency":80,"availableCpu":"1"},"eventTrigger":{"trigger":"projects/tirigist-comrades/locations/africa-south1/triggers/onuploaddocumentcreated-582218","triggerRegion":"africa-south1","eventType":"google.cloud.firestore.document.v1.created","eventFilters":[{"attribute":"database","value":"(default)"},{"attribute":"namespace","value":"(default)"},{"attribute":"document","value":"uploads/{documentId}","operator":"match-path-pattern"}],"pubsubTopic":"projects/tirigist-comrades/topics/eventarc-africa-south1-onuploaddocumentcreated-582218-445","serviceAccountEmail":"480943047907-compute@developer.gserviceaccount.com","retryPolicy":"RETRY_POLICY_DO_NOT_RETRY"},"state":"ACTIVE","labels":{"deployment-tool":"cli-firebase","firebase-functions-codebase":"tirigist-comrades","firebase-functions-hash":"a92cc9ce5b892bf61b080835c8d85ac08ecaab52"},"environment":"GEN_2","url":"https://us-central1-tirigist-comrades.cloudfunctions.net/onUploadDocumentCreated"},"stages":[{"name":"BUILD","message":"Build in progress","state":"IN_PROGRESS","resource":"projects/480943047907/locations/us-central1/builds/45afafb2-2ad5-48c7-a765-a74ea0c2d53f","resourceUri":"https://console.cloud.google.com/cloud-build/builds;region=us-central1/45afafb2-2ad5-48c7-a765-a74ea0c2d53f?project=480943047907"},{"name":"SERVICE","state":"NOT_STARTED"},{"name":"TRIGGER","state":"NOT_STARTED"}],"operationType":"UPDATE_FUNCTION","buildName":"projects/480943047907/locations/us-central1/builds/45afafb2-2ad5-48c7-a765-a74ea0c2d53f"},"done":false}
[debug] [2025-02-02T14:11:50.391Z] [update-tirigist-comrades-us-central1-createUserDocument] Retrying task index 0
[debug] [2025-02-02T14:11:50.392Z] Checked if tokens are valid: true, expires at: 1738508970616
[debug] [2025-02-02T14:11:50.392Z] Checked if tokens are valid: true, expires at: 1738508970616
[debug] [2025-02-02T14:11:50.392Z] >>> [apiv2][query] GET https://cloudfunctions.googleapis.com/v1/operations/dGlyaWdpc3QtY29tcmFkZXMvdXMtY2VudHJhbDEvY3JlYXRlVXNlckRvY3VtZW50L3pZS09udFFHbERR [none]
[debug] [2025-02-02T14:11:50.737Z] <<< [apiv2][status] GET https://cloudfunctions.googleapis.com/v1/operations/dGlyaWdpc3QtY29tcmFkZXMvdXMtY2VudHJhbDEvY3JlYXRlVXNlckRvY3VtZW50L3pZS09udFFHbERR 200
[debug] [2025-02-02T14:11:50.738Z] <<< [apiv2][body] GET https://cloudfunctions.googleapis.com/v1/operations/dGlyaWdpc3QtY29tcmFkZXMvdXMtY2VudHJhbDEvY3JlYXRlVXNlckRvY3VtZW50L3pZS09udFFHbERR {"name":"operations/dGlyaWdpc3QtY29tcmFkZXMvdXMtY2VudHJhbDEvY3JlYXRlVXNlckRvY3VtZW50L3pZS09udFFHbERR","metadata":{"@type":"type.googleapis.com/google.cloud.functions.v1.OperationMetadataV1","target":"projects/tirigist-comrades/locations/us-central1/functions/createUserDocument","type":"UPDATE_FUNCTION","request":{"@type":"type.googleapis.com/google.cloud.functions.v1.CloudFunction","name":"projects/tirigist-comrades/locations/us-central1/functions/createUserDocument","eventTrigger":{"eventType":"providers/firebase.auth/eventTypes/user.create","resource":"projects/tirigist-comrades","service":"firebaseauth.googleapis.com"},"status":"ACTIVE","entryPoint":"createUserDocument","updateTime":"2025-02-02T11:51:49.872Z","versionId":"19","labels":{"deployment-tool":"cli-firebase","firebase-functions-codebase":"tirigist-comrades","firebase-functions-hash":"3b49749894483f75c4720c67e50cb3eeb713a931"},"sourceUploadUrl":"https://storage.googleapis.com/uploads-925032658726.us-central1.cloudfunctions.appspot.com/843b87dc-6581-41c5-8d25-39de45809cba.zip?GoogleAccessId=service-480943047907@gcf-admin-robot.iam.gserviceaccount.com&Expires=1738507291&Signature=XKixh5cqK2EJPYxvGF1LkmrJ6AYn19baTk41ujRcWkRYsFNACY4ThO%2Ba%2BXtff2n7WU%2Bg25wzCB6NHEl7PqvNoZ1KJnyvo7oYucfk%2Bj2JJ2dRiO7m0m1NRGqQMl0Jx9yIURC72a5rxb0u8%2FpRm%2FfQorEBqicQitUap2u3RuwejQmcvAj6KMzhh%2BgxPSEtT3Y55ACvH0a2G6lbjJN54EYpBAt778XoD%2F9qG36OcE4Om0p9vyqCxNXlwKPHr5DQskcVGC0n8O03rbTfAcHjwK0%2FXxiNDSlxqgmLBQ6RGL3CJ4nRabUqbtgLCto%2FajBYjXM4%2BcOtL7Tqb6DfWyi4rBwV2w%3D%3D","environmentVariables":{"FIREBASE_CONFIG":"{\"projectId\":\"tirigist-comrades\",\"storageBucket\":\"tirigist-comrades.firebasestorage.app\"}","GCLOUD_PROJECT":"tirigist-comrades","EVENTARC_CLOUD_EVENT_SOURCE":"projects/tirigist-comrades/locations/us-central1/functions/createUserDocument"},"runtime":"nodejs22","buildId":"5f626cfc-8888-4d10-b3e9-b2f451f29a92","buildEnvironmentVariables":{"GOOGLE_NODE_RUN_SCRIPTS":""},"secretEnvironmentVariables":[{"key":"INTASEND_SECRET_API_KEY","projectId":"tirigist-comrades","secret":"INTASEND_SECRET_API_KEY","version":"1"}],"buildName":"projects/480943047907/locations/us-central1/builds/5f626cfc-8888-4d10-b3e9-b2f451f29a92","dockerRegistry":"ARTIFACT_REGISTRY","automaticUpdatePolicy":{},"buildServiceAccount":"projects/tirigist-comrades/serviceAccounts/480943047907-compute@developer.gserviceaccount.com"},"versionId":"20","updateTime":"2025-02-02T14:11:33Z","buildId":"567e861d-5dfd-4ab8-9d5c-f7f436675005","buildName":"projects/480943047907/locations/us-central1/builds/567e861d-5dfd-4ab8-9d5c-f7f436675005"}}
[debug] [2025-02-02T14:11:55.613Z] [update-tirigist-comrades-us-central1-onUploadDocumentCreated] Retrying task index 0
[debug] [2025-02-02T14:11:55.614Z] Checked if tokens are valid: true, expires at: 1738508970616
[debug] [2025-02-02T14:11:55.614Z] Checked if tokens are valid: true, expires at: 1738508970616
[debug] [2025-02-02T14:11:55.614Z] >>> [apiv2][query] GET https://cloudfunctions.googleapis.com/v2/projects/tirigist-comrades/locations/us-central1/operations/operation-1738505493502-62d295a6158ca-f42f3ff6-0de27eae [none]
[debug] [2025-02-02T14:11:56.446Z] <<< [apiv2][status] GET https://cloudfunctions.googleapis.com/v2/projects/tirigist-comrades/locations/us-central1/operations/operation-1738505493502-62d295a6158ca-f42f3ff6-0de27eae 200
[debug] [2025-02-02T14:11:56.447Z] <<< [apiv2][body] GET https://cloudfunctions.googleapis.com/v2/projects/tirigist-comrades/locations/us-central1/operations/operation-1738505493502-62d295a6158ca-f42f3ff6-0de27eae {"name":"projects/tirigist-comrades/locations/us-central1/operations/operation-1738505493502-62d295a6158ca-f42f3ff6-0de27eae","metadata":{"@type":"type.googleapis.com/google.cloud.functions.v2.OperationMetadata","createTime":"2025-02-02T14:11:36.061002454Z","target":"projects/tirigist-comrades/locations/us-central1/functions/onUploadDocumentCreated","verb":"update","cancelRequested":false,"apiVersion":"v2","requestResource":{"@type":"type.googleapis.com/google.cloud.functions.v2.Function","name":"projects/tirigist-comrades/locations/us-central1/functions/onUploadDocumentCreated","buildConfig":{"runtime":"nodejs22","entryPoint":"onUploadDocumentCreated","source":{"storageSource":{"bucket":"gcf-v2-sources-480943047907-us-central1","object":"onUploadDocumentCreated/function-source.zip","generation":"1738505495961407"}},"environmentVariables":{"GOOGLE_NODE_RUN_SCRIPTS":""},"dockerRepository":"projects/tirigist-comrades/locations/us-central1/repositories/gcf-artifacts","sourceProvenance":{"resolvedStorageSource":{"bucket":"gcf-v2-sources-480943047907-us-central1","object":"onUploadDocumentCreated/function-source.zip","generation":"1738497016108902"}},"dockerRegistry":"ARTIFACT_REGISTRY","serviceAccount":"projects/tirigist-comrades/serviceAccounts/480943047907-compute@developer.gserviceaccount.com","automaticUpdatePolicy":{}},"serviceConfig":{"service":"projects/tirigist-comrades/locations/us-central1/services/onuploaddocumentcreated","timeoutSeconds":60,"environmentVariables":{"FIREBASE_CONFIG":"{\"projectId\":\"tirigist-comrades\",\"storageBucket\":\"tirigist-comrades.firebasestorage.app\"}","GCLOUD_PROJECT":"tirigist-comrades","EVENTARC_CLOUD_EVENT_SOURCE":"projects/tirigist-comrades/locations/us-central1/services/onUploadDocumentCreated","FUNCTION_SIGNATURE_TYPE":"cloudevent","FUNCTION_TARGET":"onUploadDocumentCreated","LOG_EXECUTION_ID":"true"},"ingressSettings":"ALLOW_ALL","uri":"https://onuploaddocumentcreated-6nlgdij53q-uc.a.run.app","serviceAccountEmail":"480943047907-compute@developer.gserviceaccount.com","availableMemory":"256Mi","allTrafficOnLatestRevision":true,"secretEnvironmentVariables":[{"key":"AUTH_FIREBASE_PRIVATE_KEY","projectId":"tirigist-comrades","secret":"AUTH_FIREBASE_PRIVATE_KEY","version":"1"},{"key":"AUTH_FIREBASE_CLIENT_EMAIL","projectId":"tirigist-comrades","secret":"AUTH_FIREBASE_CLIENT_EMAIL","version":"1"},{"key":"AUTH_FIREBASE_PROJECT_ID","projectId":"tirigist-comrades","secret":"AUTH_FIREBASE_PROJECT_ID","version":"1"}],"revision":"onuploaddocumentcreated-00019-dor","maxInstanceRequestConcurrency":80,"availableCpu":"1"},"eventTrigger":{"trigger":"projects/tirigist-comrades/locations/africa-south1/triggers/onuploaddocumentcreated-582218","triggerRegion":"africa-south1","eventType":"google.cloud.firestore.document.v1.created","eventFilters":[{"attribute":"database","value":"(default)"},{"attribute":"namespace","value":"(default)"},{"attribute":"document","value":"uploads/{documentId}","operator":"match-path-pattern"}],"pubsubTopic":"projects/tirigist-comrades/topics/eventarc-africa-south1-onuploaddocumentcreated-582218-445","serviceAccountEmail":"480943047907-compute@developer.gserviceaccount.com","retryPolicy":"RETRY_POLICY_DO_NOT_RETRY"},"state":"ACTIVE","labels":{"deployment-tool":"cli-firebase","firebase-functions-codebase":"tirigist-comrades","firebase-functions-hash":"a92cc9ce5b892bf61b080835c8d85ac08ecaab52"},"environment":"GEN_2","url":"https://us-central1-tirigist-comrades.cloudfunctions.net/onUploadDocumentCreated"},"stages":[{"name":"BUILD","message":"Build in progress","state":"IN_PROGRESS","resource":"projects/480943047907/locations/us-central1/builds/45afafb2-2ad5-48c7-a765-a74ea0c2d53f","resourceUri":"https://console.cloud.google.com/cloud-build/builds;region=us-central1/45afafb2-2ad5-48c7-a765-a74ea0c2d53f?project=480943047907"},{"name":"SERVICE","state":"NOT_STARTED"},{"name":"TRIGGER","state":"NOT_STARTED"}],"operationType":"UPDATE_FUNCTION","buildName":"projects/480943047907/locations/us-central1/builds/45afafb2-2ad5-48c7-a765-a74ea0c2d53f"},"done":false}
[debug] [2025-02-02T14:12:00.749Z] [update-tirigist-comrades-us-central1-createUserDocument] Retrying task index 0
[debug] [2025-02-02T14:12:00.749Z] Checked if tokens are valid: true, expires at: 1738508970616
[debug] [2025-02-02T14:12:00.749Z] Checked if tokens are valid: true, expires at: 1738508970616
[debug] [2025-02-02T14:12:00.749Z] >>> [apiv2][query] GET https://cloudfunctions.googleapis.com/v1/operations/dGlyaWdpc3QtY29tcmFkZXMvdXMtY2VudHJhbDEvY3JlYXRlVXNlckRvY3VtZW50L3pZS09udFFHbERR [none]
[debug] [2025-02-02T14:12:01.205Z] <<< [apiv2][status] GET https://cloudfunctions.googleapis.com/v1/operations/dGlyaWdpc3QtY29tcmFkZXMvdXMtY2VudHJhbDEvY3JlYXRlVXNlckRvY3VtZW50L3pZS09udFFHbERR 200
[debug] [2025-02-02T14:12:01.206Z] <<< [apiv2][body] GET https://cloudfunctions.googleapis.com/v1/operations/dGlyaWdpc3QtY29tcmFkZXMvdXMtY2VudHJhbDEvY3JlYXRlVXNlckRvY3VtZW50L3pZS09udFFHbERR {"name":"operations/dGlyaWdpc3QtY29tcmFkZXMvdXMtY2VudHJhbDEvY3JlYXRlVXNlckRvY3VtZW50L3pZS09udFFHbERR","metadata":{"@type":"type.googleapis.com/google.cloud.functions.v1.OperationMetadataV1","target":"projects/tirigist-comrades/locations/us-central1/functions/createUserDocument","type":"UPDATE_FUNCTION","request":{"@type":"type.googleapis.com/google.cloud.functions.v1.CloudFunction","name":"projects/tirigist-comrades/locations/us-central1/functions/createUserDocument","eventTrigger":{"eventType":"providers/firebase.auth/eventTypes/user.create","resource":"projects/tirigist-comrades","service":"firebaseauth.googleapis.com"},"status":"ACTIVE","entryPoint":"createUserDocument","updateTime":"2025-02-02T11:51:49.872Z","versionId":"19","labels":{"deployment-tool":"cli-firebase","firebase-functions-codebase":"tirigist-comrades","firebase-functions-hash":"3b49749894483f75c4720c67e50cb3eeb713a931"},"sourceUploadUrl":"https://storage.googleapis.com/uploads-925032658726.us-central1.cloudfunctions.appspot.com/843b87dc-6581-41c5-8d25-39de45809cba.zip?GoogleAccessId=service-480943047907@gcf-admin-robot.iam.gserviceaccount.com&Expires=1738507291&Signature=XKixh5cqK2EJPYxvGF1LkmrJ6AYn19baTk41ujRcWkRYsFNACY4ThO%2Ba%2BXtff2n7WU%2Bg25wzCB6NHEl7PqvNoZ1KJnyvo7oYucfk%2Bj2JJ2dRiO7m0m1NRGqQMl0Jx9yIURC72a5rxb0u8%2FpRm%2FfQorEBqicQitUap2u3RuwejQmcvAj6KMzhh%2BgxPSEtT3Y55ACvH0a2G6lbjJN54EYpBAt778XoD%2F9qG36OcE4Om0p9vyqCxNXlwKPHr5DQskcVGC0n8O03rbTfAcHjwK0%2FXxiNDSlxqgmLBQ6RGL3CJ4nRabUqbtgLCto%2FajBYjXM4%2BcOtL7Tqb6DfWyi4rBwV2w%3D%3D","environmentVariables":{"FIREBASE_CONFIG":"{\"projectId\":\"tirigist-comrades\",\"storageBucket\":\"tirigist-comrades.firebasestorage.app\"}","GCLOUD_PROJECT":"tirigist-comrades","EVENTARC_CLOUD_EVENT_SOURCE":"projects/tirigist-comrades/locations/us-central1/functions/createUserDocument"},"runtime":"nodejs22","buildId":"5f626cfc-8888-4d10-b3e9-b2f451f29a92","buildEnvironmentVariables":{"GOOGLE_NODE_RUN_SCRIPTS":""},"secretEnvironmentVariables":[{"key":"INTASEND_SECRET_API_KEY","projectId":"tirigist-comrades","secret":"INTASEND_SECRET_API_KEY","version":"1"}],"buildName":"projects/480943047907/locations/us-central1/builds/5f626cfc-8888-4d10-b3e9-b2f451f29a92","dockerRegistry":"ARTIFACT_REGISTRY","automaticUpdatePolicy":{},"buildServiceAccount":"projects/tirigist-comrades/serviceAccounts/480943047907-compute@developer.gserviceaccount.com"},"versionId":"20","updateTime":"2025-02-02T14:11:33Z","buildId":"567e861d-5dfd-4ab8-9d5c-f7f436675005","buildName":"projects/480943047907/locations/us-central1/builds/567e861d-5dfd-4ab8-9d5c-f7f436675005"}}
[debug] [2025-02-02T14:12:06.451Z] [update-tirigist-comrades-us-central1-onUploadDocumentCreated] Retrying task index 0
[debug] [2025-02-02T14:12:06.452Z] Checked if tokens are valid: true, expires at: 1738508970616
[debug] [2025-02-02T14:12:06.452Z] Checked if tokens are valid: true, expires at: 1738508970616
[debug] [2025-02-02T14:12:06.452Z] >>> [apiv2][query] GET https://cloudfunctions.googleapis.com/v2/projects/tirigist-comrades/locations/us-central1/operations/operation-1738505493502-62d295a6158ca-f42f3ff6-0de27eae [none]
[debug] [2025-02-02T14:12:07.475Z] <<< [apiv2][status] GET https://cloudfunctions.googleapis.com/v2/projects/tirigist-comrades/locations/us-central1/operations/operation-1738505493502-62d295a6158ca-f42f3ff6-0de27eae 200
[debug] [2025-02-02T14:12:07.475Z] <<< [apiv2][body] GET https://cloudfunctions.googleapis.com/v2/projects/tirigist-comrades/locations/us-central1/operations/operation-1738505493502-62d295a6158ca-f42f3ff6-0de27eae {"name":"projects/tirigist-comrades/locations/us-central1/operations/operation-1738505493502-62d295a6158ca-f42f3ff6-0de27eae","metadata":{"@type":"type.googleapis.com/google.cloud.functions.v2.OperationMetadata","createTime":"2025-02-02T14:11:36.061002454Z","target":"projects/tirigist-comrades/locations/us-central1/functions/onUploadDocumentCreated","verb":"update","cancelRequested":false,"apiVersion":"v2","requestResource":{"@type":"type.googleapis.com/google.cloud.functions.v2.Function","name":"projects/tirigist-comrades/locations/us-central1/functions/onUploadDocumentCreated","buildConfig":{"runtime":"nodejs22","entryPoint":"onUploadDocumentCreated","source":{"storageSource":{"bucket":"gcf-v2-sources-480943047907-us-central1","object":"onUploadDocumentCreated/function-source.zip","generation":"1738505495961407"}},"environmentVariables":{"GOOGLE_NODE_RUN_SCRIPTS":""},"dockerRepository":"projects/tirigist-comrades/locations/us-central1/repositories/gcf-artifacts","sourceProvenance":{"resolvedStorageSource":{"bucket":"gcf-v2-sources-480943047907-us-central1","object":"onUploadDocumentCreated/function-source.zip","generation":"1738497016108902"}},"dockerRegistry":"ARTIFACT_REGISTRY","serviceAccount":"projects/tirigist-comrades/serviceAccounts/480943047907-compute@developer.gserviceaccount.com","automaticUpdatePolicy":{}},"serviceConfig":{"service":"projects/tirigist-comrades/locations/us-central1/services/onuploaddocumentcreated","timeoutSeconds":60,"environmentVariables":{"FIREBASE_CONFIG":"{\"projectId\":\"tirigist-comrades\",\"storageBucket\":\"tirigist-comrades.firebasestorage.app\"}","GCLOUD_PROJECT":"tirigist-comrades","EVENTARC_CLOUD_EVENT_SOURCE":"projects/tirigist-comrades/locations/us-central1/services/onUploadDocumentCreated","FUNCTION_SIGNATURE_TYPE":"cloudevent","FUNCTION_TARGET":"onUploadDocumentCreated","LOG_EXECUTION_ID":"true"},"ingressSettings":"ALLOW_ALL","uri":"https://onuploaddocumentcreated-6nlgdij53q-uc.a.run.app","serviceAccountEmail":"480943047907-compute@developer.gserviceaccount.com","availableMemory":"256Mi","allTrafficOnLatestRevision":true,"secretEnvironmentVariables":[{"key":"AUTH_FIREBASE_PRIVATE_KEY","projectId":"tirigist-comrades","secret":"AUTH_FIREBASE_PRIVATE_KEY","version":"1"},{"key":"AUTH_FIREBASE_CLIENT_EMAIL","projectId":"tirigist-comrades","secret":"AUTH_FIREBASE_CLIENT_EMAIL","version":"1"},{"key":"AUTH_FIREBASE_PROJECT_ID","projectId":"tirigist-comrades","secret":"AUTH_FIREBASE_PROJECT_ID","version":"1"}],"revision":"onuploaddocumentcreated-00019-dor","maxInstanceRequestConcurrency":80,"availableCpu":"1"},"eventTrigger":{"trigger":"projects/tirigist-comrades/locations/africa-south1/triggers/onuploaddocumentcreated-582218","triggerRegion":"africa-south1","eventType":"google.cloud.firestore.document.v1.created","eventFilters":[{"attribute":"database","value":"(default)"},{"attribute":"namespace","value":"(default)"},{"attribute":"document","value":"uploads/{documentId}","operator":"match-path-pattern"}],"pubsubTopic":"projects/tirigist-comrades/topics/eventarc-africa-south1-onuploaddocumentcreated-582218-445","serviceAccountEmail":"480943047907-compute@developer.gserviceaccount.com","retryPolicy":"RETRY_POLICY_DO_NOT_RETRY"},"state":"ACTIVE","labels":{"deployment-tool":"cli-firebase","firebase-functions-codebase":"tirigist-comrades","firebase-functions-hash":"a92cc9ce5b892bf61b080835c8d85ac08ecaab52"},"environment":"GEN_2","url":"https://us-central1-tirigist-comrades.cloudfunctions.net/onUploadDocumentCreated"},"stages":[{"name":"BUILD","message":"Build in progress","state":"IN_PROGRESS","resource":"projects/480943047907/locations/us-central1/builds/45afafb2-2ad5-48c7-a765-a74ea0c2d53f","resourceUri":"https://console.cloud.google.com/cloud-build/builds;region=us-central1/45afafb2-2ad5-48c7-a765-a74ea0c2d53f?project=480943047907"},{"name":"SERVICE","state":"NOT_STARTED"},{"name":"TRIGGER","state":"NOT_STARTED"}],"operationType":"UPDATE_FUNCTION","buildName":"projects/480943047907/locations/us-central1/builds/45afafb2-2ad5-48c7-a765-a74ea0c2d53f"},"done":false}
[debug] [2025-02-02T14:12:11.206Z] [update-tirigist-comrades-us-central1-createUserDocument] Retrying task index 0
[debug] [2025-02-02T14:12:11.206Z] Checked if tokens are valid: true, expires at: 1738508970616
[debug] [2025-02-02T14:12:11.206Z] Checked if tokens are valid: true, expires at: 1738508970616
[debug] [2025-02-02T14:12:11.207Z] >>> [apiv2][query] GET https://cloudfunctions.googleapis.com/v1/operations/dGlyaWdpc3QtY29tcmFkZXMvdXMtY2VudHJhbDEvY3JlYXRlVXNlckRvY3VtZW50L3pZS09udFFHbERR [none]
[debug] [2025-02-02T14:12:11.590Z] <<< [apiv2][status] GET https://cloudfunctions.googleapis.com/v1/operations/dGlyaWdpc3QtY29tcmFkZXMvdXMtY2VudHJhbDEvY3JlYXRlVXNlckRvY3VtZW50L3pZS09udFFHbERR 200
[debug] [2025-02-02T14:12:11.590Z] <<< [apiv2][body] GET https://cloudfunctions.googleapis.com/v1/operations/dGlyaWdpc3QtY29tcmFkZXMvdXMtY2VudHJhbDEvY3JlYXRlVXNlckRvY3VtZW50L3pZS09udFFHbERR {"name":"operations/dGlyaWdpc3QtY29tcmFkZXMvdXMtY2VudHJhbDEvY3JlYXRlVXNlckRvY3VtZW50L3pZS09udFFHbERR","metadata":{"@type":"type.googleapis.com/google.cloud.functions.v1.OperationMetadataV1","target":"projects/tirigist-comrades/locations/us-central1/functions/createUserDocument","type":"UPDATE_FUNCTION","request":{"@type":"type.googleapis.com/google.cloud.functions.v1.CloudFunction","name":"projects/tirigist-comrades/locations/us-central1/functions/createUserDocument","eventTrigger":{"eventType":"providers/firebase.auth/eventTypes/user.create","resource":"projects/tirigist-comrades","service":"firebaseauth.googleapis.com"},"status":"ACTIVE","entryPoint":"createUserDocument","updateTime":"2025-02-02T11:51:49.872Z","versionId":"19","labels":{"deployment-tool":"cli-firebase","firebase-functions-codebase":"tirigist-comrades","firebase-functions-hash":"3b49749894483f75c4720c67e50cb3eeb713a931"},"sourceUploadUrl":"https://storage.googleapis.com/uploads-925032658726.us-central1.cloudfunctions.appspot.com/843b87dc-6581-41c5-8d25-39de45809cba.zip?GoogleAccessId=service-480943047907@gcf-admin-robot.iam.gserviceaccount.com&Expires=1738507291&Signature=XKixh5cqK2EJPYxvGF1LkmrJ6AYn19baTk41ujRcWkRYsFNACY4ThO%2Ba%2BXtff2n7WU%2Bg25wzCB6NHEl7PqvNoZ1KJnyvo7oYucfk%2Bj2JJ2dRiO7m0m1NRGqQMl0Jx9yIURC72a5rxb0u8%2FpRm%2FfQorEBqicQitUap2u3RuwejQmcvAj6KMzhh%2BgxPSEtT3Y55ACvH0a2G6lbjJN54EYpBAt778XoD%2F9qG36OcE4Om0p9vyqCxNXlwKPHr5DQskcVGC0n8O03rbTfAcHjwK0%2FXxiNDSlxqgmLBQ6RGL3CJ4nRabUqbtgLCto%2FajBYjXM4%2BcOtL7Tqb6DfWyi4rBwV2w%3D%3D","environmentVariables":{"FIREBASE_CONFIG":"{\"projectId\":\"tirigist-comrades\",\"storageBucket\":\"tirigist-comrades.firebasestorage.app\"}","GCLOUD_PROJECT":"tirigist-comrades","EVENTARC_CLOUD_EVENT_SOURCE":"projects/tirigist-comrades/locations/us-central1/functions/createUserDocument"},"runtime":"nodejs22","buildId":"5f626cfc-8888-4d10-b3e9-b2f451f29a92","buildEnvironmentVariables":{"GOOGLE_NODE_RUN_SCRIPTS":""},"secretEnvironmentVariables":[{"key":"INTASEND_SECRET_API_KEY","projectId":"tirigist-comrades","secret":"INTASEND_SECRET_API_KEY","version":"1"}],"buildName":"projects/480943047907/locations/us-central1/builds/5f626cfc-8888-4d10-b3e9-b2f451f29a92","dockerRegistry":"ARTIFACT_REGISTRY","automaticUpdatePolicy":{},"buildServiceAccount":"projects/tirigist-comrades/serviceAccounts/480943047907-compute@developer.gserviceaccount.com"},"versionId":"20","updateTime":"2025-02-02T14:11:33Z","buildId":"567e861d-5dfd-4ab8-9d5c-f7f436675005","buildName":"projects/480943047907/locations/us-central1/builds/567e861d-5dfd-4ab8-9d5c-f7f436675005"}}
[debug] [2025-02-02T14:12:17.477Z] [update-tirigist-comrades-us-central1-onUploadDocumentCreated] Retrying task index 0
[debug] [2025-02-02T14:12:17.477Z] Checked if tokens are valid: true, expires at: 1738508970616
[debug] [2025-02-02T14:12:17.478Z] Checked if tokens are valid: true, expires at: 1738508970616
[debug] [2025-02-02T14:12:17.478Z] >>> [apiv2][query] GET https://cloudfunctions.googleapis.com/v2/projects/tirigist-comrades/locations/us-central1/operations/operation-1738505493502-62d295a6158ca-f42f3ff6-0de27eae [none]
[debug] [2025-02-02T14:12:18.543Z] <<< [apiv2][status] GET https://cloudfunctions.googleapis.com/v2/projects/tirigist-comrades/locations/us-central1/operations/operation-1738505493502-62d295a6158ca-f42f3ff6-0de27eae 200
[debug] [2025-02-02T14:12:18.543Z] <<< [apiv2][body] GET https://cloudfunctions.googleapis.com/v2/projects/tirigist-comrades/locations/us-central1/operations/operation-1738505493502-62d295a6158ca-f42f3ff6-0de27eae {"name":"projects/tirigist-comrades/locations/us-central1/operations/operation-1738505493502-62d295a6158ca-f42f3ff6-0de27eae","metadata":{"@type":"type.googleapis.com/google.cloud.functions.v2.OperationMetadata","createTime":"2025-02-02T14:11:36.061002454Z","target":"projects/tirigist-comrades/locations/us-central1/functions/onUploadDocumentCreated","verb":"update","cancelRequested":false,"apiVersion":"v2","requestResource":{"@type":"type.googleapis.com/google.cloud.functions.v2.Function","name":"projects/tirigist-comrades/locations/us-central1/functions/onUploadDocumentCreated","buildConfig":{"runtime":"nodejs22","entryPoint":"onUploadDocumentCreated","source":{"storageSource":{"bucket":"gcf-v2-sources-480943047907-us-central1","object":"onUploadDocumentCreated/function-source.zip","generation":"1738505495961407"}},"environmentVariables":{"GOOGLE_NODE_RUN_SCRIPTS":""},"dockerRepository":"projects/tirigist-comrades/locations/us-central1/repositories/gcf-artifacts","sourceProvenance":{"resolvedStorageSource":{"bucket":"gcf-v2-sources-480943047907-us-central1","object":"onUploadDocumentCreated/function-source.zip","generation":"1738497016108902"}},"dockerRegistry":"ARTIFACT_REGISTRY","serviceAccount":"projects/tirigist-comrades/serviceAccounts/480943047907-compute@developer.gserviceaccount.com","automaticUpdatePolicy":{}},"serviceConfig":{"service":"projects/tirigist-comrades/locations/us-central1/services/onuploaddocumentcreated","timeoutSeconds":60,"environmentVariables":{"FIREBASE_CONFIG":"{\"projectId\":\"tirigist-comrades\",\"storageBucket\":\"tirigist-comrades.firebasestorage.app\"}","GCLOUD_PROJECT":"tirigist-comrades","EVENTARC_CLOUD_EVENT_SOURCE":"projects/tirigist-comrades/locations/us-central1/services/onUploadDocumentCreated","FUNCTION_SIGNATURE_TYPE":"cloudevent","FUNCTION_TARGET":"onUploadDocumentCreated","LOG_EXECUTION_ID":"true"},"ingressSettings":"ALLOW_ALL","uri":"https://onuploaddocumentcreated-6nlgdij53q-uc.a.run.app","serviceAccountEmail":"480943047907-compute@developer.gserviceaccount.com","availableMemory":"256Mi","allTrafficOnLatestRevision":true,"secretEnvironmentVariables":[{"key":"AUTH_FIREBASE_PRIVATE_KEY","projectId":"tirigist-comrades","secret":"AUTH_FIREBASE_PRIVATE_KEY","version":"1"},{"key":"AUTH_FIREBASE_CLIENT_EMAIL","projectId":"tirigist-comrades","secret":"AUTH_FIREBASE_CLIENT_EMAIL","version":"1"},{"key":"AUTH_FIREBASE_PROJECT_ID","projectId":"tirigist-comrades","secret":"AUTH_FIREBASE_PROJECT_ID","version":"1"}],"revision":"onuploaddocumentcreated-00019-dor","maxInstanceRequestConcurrency":80,"availableCpu":"1"},"eventTrigger":{"trigger":"projects/tirigist-comrades/locations/africa-south1/triggers/onuploaddocumentcreated-582218","triggerRegion":"africa-south1","eventType":"google.cloud.firestore.document.v1.created","eventFilters":[{"attribute":"database","value":"(default)"},{"attribute":"namespace","value":"(default)"},{"attribute":"document","value":"uploads/{documentId}","operator":"match-path-pattern"}],"pubsubTopic":"projects/tirigist-comrades/topics/eventarc-africa-south1-onuploaddocumentcreated-582218-445","serviceAccountEmail":"480943047907-compute@developer.gserviceaccount.com","retryPolicy":"RETRY_POLICY_DO_NOT_RETRY"},"state":"ACTIVE","labels":{"deployment-tool":"cli-firebase","firebase-functions-codebase":"tirigist-comrades","firebase-functions-hash":"a92cc9ce5b892bf61b080835c8d85ac08ecaab52"},"environment":"GEN_2","url":"https://us-central1-tirigist-comrades.cloudfunctions.net/onUploadDocumentCreated"},"stages":[{"name":"BUILD","message":"Build in progress","state":"IN_PROGRESS","resource":"projects/480943047907/locations/us-central1/builds/45afafb2-2ad5-48c7-a765-a74ea0c2d53f","resourceUri":"https://console.cloud.google.com/cloud-build/builds;region=us-central1/45afafb2-2ad5-48c7-a765-a74ea0c2d53f?project=480943047907"},{"name":"SERVICE","state":"NOT_STARTED"},{"name":"TRIGGER","state":"NOT_STARTED"}],"operationType":"UPDATE_FUNCTION","buildName":"projects/480943047907/locations/us-central1/builds/45afafb2-2ad5-48c7-a765-a74ea0c2d53f"},"done":false}
[debug] [2025-02-02T14:12:21.606Z] [update-tirigist-comrades-us-central1-createUserDocument] Retrying task index 0
[debug] [2025-02-02T14:12:21.606Z] Checked if tokens are valid: true, expires at: 1738508970616
[debug] [2025-02-02T14:12:21.606Z] Checked if tokens are valid: true, expires at: 1738508970616
[debug] [2025-02-02T14:12:21.606Z] >>> [apiv2][query] GET https://cloudfunctions.googleapis.com/v1/operations/dGlyaWdpc3QtY29tcmFkZXMvdXMtY2VudHJhbDEvY3JlYXRlVXNlckRvY3VtZW50L3pZS09udFFHbERR [none]
[debug] [2025-02-02T14:12:21.994Z] <<< [apiv2][status] GET https://cloudfunctions.googleapis.com/v1/operations/dGlyaWdpc3QtY29tcmFkZXMvdXMtY2VudHJhbDEvY3JlYXRlVXNlckRvY3VtZW50L3pZS09udFFHbERR 200
[debug] [2025-02-02T14:12:21.994Z] <<< [apiv2][body] GET https://cloudfunctions.googleapis.com/v1/operations/dGlyaWdpc3QtY29tcmFkZXMvdXMtY2VudHJhbDEvY3JlYXRlVXNlckRvY3VtZW50L3pZS09udFFHbERR {"name":"operations/dGlyaWdpc3QtY29tcmFkZXMvdXMtY2VudHJhbDEvY3JlYXRlVXNlckRvY3VtZW50L3pZS09udFFHbERR","metadata":{"@type":"type.googleapis.com/google.cloud.functions.v1.OperationMetadataV1","target":"projects/tirigist-comrades/locations/us-central1/functions/createUserDocument","type":"UPDATE_FUNCTION","request":{"@type":"type.googleapis.com/google.cloud.functions.v1.CloudFunction","name":"projects/tirigist-comrades/locations/us-central1/functions/createUserDocument","eventTrigger":{"eventType":"providers/firebase.auth/eventTypes/user.create","resource":"projects/tirigist-comrades","service":"firebaseauth.googleapis.com"},"status":"ACTIVE","entryPoint":"createUserDocument","updateTime":"2025-02-02T11:51:49.872Z","versionId":"19","labels":{"deployment-tool":"cli-firebase","firebase-functions-codebase":"tirigist-comrades","firebase-functions-hash":"3b49749894483f75c4720c67e50cb3eeb713a931"},"sourceUploadUrl":"https://storage.googleapis.com/uploads-925032658726.us-central1.cloudfunctions.appspot.com/843b87dc-6581-41c5-8d25-39de45809cba.zip?GoogleAccessId=service-480943047907@gcf-admin-robot.iam.gserviceaccount.com&Expires=1738507291&Signature=XKixh5cqK2EJPYxvGF1LkmrJ6AYn19baTk41ujRcWkRYsFNACY4ThO%2Ba%2BXtff2n7WU%2Bg25wzCB6NHEl7PqvNoZ1KJnyvo7oYucfk%2Bj2JJ2dRiO7m0m1NRGqQMl0Jx9yIURC72a5rxb0u8%2FpRm%2FfQorEBqicQitUap2u3RuwejQmcvAj6KMzhh%2BgxPSEtT3Y55ACvH0a2G6lbjJN54EYpBAt778XoD%2F9qG36OcE4Om0p9vyqCxNXlwKPHr5DQskcVGC0n8O03rbTfAcHjwK0%2FXxiNDSlxqgmLBQ6RGL3CJ4nRabUqbtgLCto%2FajBYjXM4%2BcOtL7Tqb6DfWyi4rBwV2w%3D%3D","environmentVariables":{"FIREBASE_CONFIG":"{\"projectId\":\"tirigist-comrades\",\"storageBucket\":\"tirigist-comrades.firebasestorage.app\"}","GCLOUD_PROJECT":"tirigist-comrades","EVENTARC_CLOUD_EVENT_SOURCE":"projects/tirigist-comrades/locations/us-central1/functions/createUserDocument"},"runtime":"nodejs22","buildId":"5f626cfc-8888-4d10-b3e9-b2f451f29a92","buildEnvironmentVariables":{"GOOGLE_NODE_RUN_SCRIPTS":""},"secretEnvironmentVariables":[{"key":"INTASEND_SECRET_API_KEY","projectId":"tirigist-comrades","secret":"INTASEND_SECRET_API_KEY","version":"1"}],"buildName":"projects/480943047907/locations/us-central1/builds/5f626cfc-8888-4d10-b3e9-b2f451f29a92","dockerRegistry":"ARTIFACT_REGISTRY","automaticUpdatePolicy":{},"buildServiceAccount":"projects/tirigist-comrades/serviceAccounts/480943047907-compute@developer.gserviceaccount.com"},"versionId":"20","updateTime":"2025-02-02T14:11:33Z","buildId":"567e861d-5dfd-4ab8-9d5c-f7f436675005","buildName":"projects/480943047907/locations/us-central1/builds/567e861d-5dfd-4ab8-9d5c-f7f436675005"}}
[debug] [2025-02-02T14:12:28.547Z] [update-tirigist-comrades-us-central1-onUploadDocumentCreated] Retrying task index 0
[debug] [2025-02-02T14:12:28.548Z] Checked if tokens are valid: true, expires at: 1738508970616
[debug] [2025-02-02T14:12:28.548Z] Checked if tokens are valid: true, expires at: 1738508970616
[debug] [2025-02-02T14:12:28.548Z] >>> [apiv2][query] GET https://cloudfunctions.googleapis.com/v2/projects/tirigist-comrades/locations/us-central1/operations/operation-1738505493502-62d295a6158ca-f42f3ff6-0de27eae [none]
[debug] [2025-02-02T14:12:29.579Z] <<< [apiv2][status] GET https://cloudfunctions.googleapis.com/v2/projects/tirigist-comrades/locations/us-central1/operations/operation-1738505493502-62d295a6158ca-f42f3ff6-0de27eae 200
[debug] [2025-02-02T14:12:29.579Z] <<< [apiv2][body] GET https://cloudfunctions.googleapis.com/v2/projects/tirigist-comrades/locations/us-central1/operations/operation-1738505493502-62d295a6158ca-f42f3ff6-0de27eae {"name":"projects/tirigist-comrades/locations/us-central1/operations/operation-1738505493502-62d295a6158ca-f42f3ff6-0de27eae","metadata":{"@type":"type.googleapis.com/google.cloud.functions.v2.OperationMetadata","createTime":"2025-02-02T14:11:36.061002454Z","target":"projects/tirigist-comrades/locations/us-central1/functions/onUploadDocumentCreated","verb":"update","cancelRequested":false,"apiVersion":"v2","requestResource":{"@type":"type.googleapis.com/google.cloud.functions.v2.Function","name":"projects/tirigist-comrades/locations/us-central1/functions/onUploadDocumentCreated","buildConfig":{"runtime":"nodejs22","entryPoint":"onUploadDocumentCreated","source":{"storageSource":{"bucket":"gcf-v2-sources-480943047907-us-central1","object":"onUploadDocumentCreated/function-source.zip","generation":"1738505495961407"}},"environmentVariables":{"GOOGLE_NODE_RUN_SCRIPTS":""},"dockerRepository":"projects/tirigist-comrades/locations/us-central1/repositories/gcf-artifacts","sourceProvenance":{"resolvedStorageSource":{"bucket":"gcf-v2-sources-480943047907-us-central1","object":"onUploadDocumentCreated/function-source.zip","generation":"1738497016108902"}},"dockerRegistry":"ARTIFACT_REGISTRY","serviceAccount":"projects/tirigist-comrades/serviceAccounts/480943047907-compute@developer.gserviceaccount.com","automaticUpdatePolicy":{}},"serviceConfig":{"service":"projects/tirigist-comrades/locations/us-central1/services/onuploaddocumentcreated","timeoutSeconds":60,"environmentVariables":{"FIREBASE_CONFIG":"{\"projectId\":\"tirigist-comrades\",\"storageBucket\":\"tirigist-comrades.firebasestorage.app\"}","GCLOUD_PROJECT":"tirigist-comrades","EVENTARC_CLOUD_EVENT_SOURCE":"projects/tirigist-comrades/locations/us-central1/services/onUploadDocumentCreated","FUNCTION_SIGNATURE_TYPE":"cloudevent","FUNCTION_TARGET":"onUploadDocumentCreated","LOG_EXECUTION_ID":"true"},"ingressSettings":"ALLOW_ALL","uri":"https://onuploaddocumentcreated-6nlgdij53q-uc.a.run.app","serviceAccountEmail":"480943047907-compute@developer.gserviceaccount.com","availableMemory":"256Mi","allTrafficOnLatestRevision":true,"secretEnvironmentVariables":[{"key":"AUTH_FIREBASE_PRIVATE_KEY","projectId":"tirigist-comrades","secret":"AUTH_FIREBASE_PRIVATE_KEY","version":"1"},{"key":"AUTH_FIREBASE_CLIENT_EMAIL","projectId":"tirigist-comrades","secret":"AUTH_FIREBASE_CLIENT_EMAIL","version":"1"},{"key":"AUTH_FIREBASE_PROJECT_ID","projectId":"tirigist-comrades","secret":"AUTH_FIREBASE_PROJECT_ID","version":"1"}],"revision":"onuploaddocumentcreated-00019-dor","maxInstanceRequestConcurrency":80,"availableCpu":"1"},"eventTrigger":{"trigger":"projects/tirigist-comrades/locations/africa-south1/triggers/onuploaddocumentcreated-582218","triggerRegion":"africa-south1","eventType":"google.cloud.firestore.document.v1.created","eventFilters":[{"attribute":"database","value":"(default)"},{"attribute":"namespace","value":"(default)"},{"attribute":"document","value":"uploads/{documentId}","operator":"match-path-pattern"}],"pubsubTopic":"projects/tirigist-comrades/topics/eventarc-africa-south1-onuploaddocumentcreated-582218-445","serviceAccountEmail":"480943047907-compute@developer.gserviceaccount.com","retryPolicy":"RETRY_POLICY_DO_NOT_RETRY"},"state":"ACTIVE","labels":{"deployment-tool":"cli-firebase","firebase-functions-codebase":"tirigist-comrades","firebase-functions-hash":"a92cc9ce5b892bf61b080835c8d85ac08ecaab52"},"environment":"GEN_2","url":"https://us-central1-tirigist-comrades.cloudfunctions.net/onUploadDocumentCreated"},"stages":[{"name":"BUILD","message":"Build in progress","state":"IN_PROGRESS","resource":"projects/480943047907/locations/us-central1/builds/45afafb2-2ad5-48c7-a765-a74ea0c2d53f","resourceUri":"https://console.cloud.google.com/cloud-build/builds;region=us-central1/45afafb2-2ad5-48c7-a765-a74ea0c2d53f?project=480943047907"},{"name":"SERVICE","state":"NOT_STARTED"},{"name":"TRIGGER","state":"NOT_STARTED"}],"operationType":"UPDATE_FUNCTION","buildName":"projects/480943047907/locations/us-central1/builds/45afafb2-2ad5-48c7-a765-a74ea0c2d53f"},"done":false}
[debug] [2025-02-02T14:12:32.009Z] [update-tirigist-comrades-us-central1-createUserDocument] Retrying task index 0
[debug] [2025-02-02T14:12:32.010Z] Checked if tokens are valid: true, expires at: 1738508970616
[debug] [2025-02-02T14:12:32.010Z] Checked if tokens are valid: true, expires at: 1738508970616
[debug] [2025-02-02T14:12:32.011Z] >>> [apiv2][query] GET https://cloudfunctions.googleapis.com/v1/operations/dGlyaWdpc3QtY29tcmFkZXMvdXMtY2VudHJhbDEvY3JlYXRlVXNlckRvY3VtZW50L3pZS09udFFHbERR [none]
[debug] [2025-02-02T14:12:32.327Z] <<< [apiv2][status] GET https://cloudfunctions.googleapis.com/v1/operations/dGlyaWdpc3QtY29tcmFkZXMvdXMtY2VudHJhbDEvY3JlYXRlVXNlckRvY3VtZW50L3pZS09udFFHbERR 200
[debug] [2025-02-02T14:12:32.327Z] <<< [apiv2][body] GET https://cloudfunctions.googleapis.com/v1/operations/dGlyaWdpc3QtY29tcmFkZXMvdXMtY2VudHJhbDEvY3JlYXRlVXNlckRvY3VtZW50L3pZS09udFFHbERR {"name":"operations/dGlyaWdpc3QtY29tcmFkZXMvdXMtY2VudHJhbDEvY3JlYXRlVXNlckRvY3VtZW50L3pZS09udFFHbERR","metadata":{"@type":"type.googleapis.com/google.cloud.functions.v1.OperationMetadataV1","target":"projects/tirigist-comrades/locations/us-central1/functions/createUserDocument","type":"UPDATE_FUNCTION","request":{"@type":"type.googleapis.com/google.cloud.functions.v1.CloudFunction","name":"projects/tirigist-comrades/locations/us-central1/functions/createUserDocument","eventTrigger":{"eventType":"providers/firebase.auth/eventTypes/user.create","resource":"projects/tirigist-comrades","service":"firebaseauth.googleapis.com"},"status":"ACTIVE","entryPoint":"createUserDocument","updateTime":"2025-02-02T11:51:49.872Z","versionId":"19","labels":{"deployment-tool":"cli-firebase","firebase-functions-codebase":"tirigist-comrades","firebase-functions-hash":"3b49749894483f75c4720c67e50cb3eeb713a931"},"sourceUploadUrl":"https://storage.googleapis.com/uploads-925032658726.us-central1.cloudfunctions.appspot.com/843b87dc-6581-41c5-8d25-39de45809cba.zip?GoogleAccessId=service-480943047907@gcf-admin-robot.iam.gserviceaccount.com&Expires=1738507291&Signature=XKixh5cqK2EJPYxvGF1LkmrJ6AYn19baTk41ujRcWkRYsFNACY4ThO%2Ba%2BXtff2n7WU%2Bg25wzCB6NHEl7PqvNoZ1KJnyvo7oYucfk%2Bj2JJ2dRiO7m0m1NRGqQMl0Jx9yIURC72a5rxb0u8%2FpRm%2FfQorEBqicQitUap2u3RuwejQmcvAj6KMzhh%2BgxPSEtT3Y55ACvH0a2G6lbjJN54EYpBAt778XoD%2F9qG36OcE4Om0p9vyqCxNXlwKPHr5DQskcVGC0n8O03rbTfAcHjwK0%2FXxiNDSlxqgmLBQ6RGL3CJ4nRabUqbtgLCto%2FajBYjXM4%2BcOtL7Tqb6DfWyi4rBwV2w%3D%3D","environmentVariables":{"FIREBASE_CONFIG":"{\"projectId\":\"tirigist-comrades\",\"storageBucket\":\"tirigist-comrades.firebasestorage.app\"}","GCLOUD_PROJECT":"tirigist-comrades","EVENTARC_CLOUD_EVENT_SOURCE":"projects/tirigist-comrades/locations/us-central1/functions/createUserDocument"},"runtime":"nodejs22","buildId":"5f626cfc-8888-4d10-b3e9-b2f451f29a92","buildEnvironmentVariables":{"GOOGLE_NODE_RUN_SCRIPTS":""},"secretEnvironmentVariables":[{"key":"INTASEND_SECRET_API_KEY","projectId":"tirigist-comrades","secret":"INTASEND_SECRET_API_KEY","version":"1"}],"buildName":"projects/480943047907/locations/us-central1/builds/5f626cfc-8888-4d10-b3e9-b2f451f29a92","dockerRegistry":"ARTIFACT_REGISTRY","automaticUpdatePolicy":{},"buildServiceAccount":"projects/tirigist-comrades/serviceAccounts/480943047907-compute@developer.gserviceaccount.com"},"versionId":"20","updateTime":"2025-02-02T14:11:33Z","buildId":"567e861d-5dfd-4ab8-9d5c-f7f436675005","buildName":"projects/480943047907/locations/us-central1/builds/567e861d-5dfd-4ab8-9d5c-f7f436675005"}}
[debug] [2025-02-02T14:12:39.582Z] [update-tirigist-comrades-us-central1-onUploadDocumentCreated] Retrying task index 0
[debug] [2025-02-02T14:12:39.583Z] Checked if tokens are valid: true, expires at: 1738508970616
[debug] [2025-02-02T14:12:39.583Z] Checked if tokens are valid: true, expires at: 1738508970616
[debug] [2025-02-02T14:12:39.584Z] >>> [apiv2][query] GET https://cloudfunctions.googleapis.com/v2/projects/tirigist-comrades/locations/us-central1/operations/operation-1738505493502-62d295a6158ca-f42f3ff6-0de27eae [none]
[debug] [2025-02-02T14:12:40.661Z] <<< [apiv2][status] GET https://cloudfunctions.googleapis.com/v2/projects/tirigist-comrades/locations/us-central1/operations/operation-1738505493502-62d295a6158ca-f42f3ff6-0de27eae 200
[debug] [2025-02-02T14:12:40.661Z] <<< [apiv2][body] GET https://cloudfunctions.googleapis.com/v2/projects/tirigist-comrades/locations/us-central1/operations/operation-1738505493502-62d295a6158ca-f42f3ff6-0de27eae {"name":"projects/tirigist-comrades/locations/us-central1/operations/operation-1738505493502-62d295a6158ca-f42f3ff6-0de27eae","metadata":{"@type":"type.googleapis.com/google.cloud.functions.v2.OperationMetadata","createTime":"2025-02-02T14:11:36.061002454Z","target":"projects/tirigist-comrades/locations/us-central1/functions/onUploadDocumentCreated","verb":"update","cancelRequested":false,"apiVersion":"v2","requestResource":{"@type":"type.googleapis.com/google.cloud.functions.v2.Function","name":"projects/tirigist-comrades/locations/us-central1/functions/onUploadDocumentCreated","buildConfig":{"runtime":"nodejs22","entryPoint":"onUploadDocumentCreated","source":{"storageSource":{"bucket":"gcf-v2-sources-480943047907-us-central1","object":"onUploadDocumentCreated/function-source.zip","generation":"1738505495961407"}},"environmentVariables":{"GOOGLE_NODE_RUN_SCRIPTS":""},"dockerRepository":"projects/tirigist-comrades/locations/us-central1/repositories/gcf-artifacts","sourceProvenance":{"resolvedStorageSource":{"bucket":"gcf-v2-sources-480943047907-us-central1","object":"onUploadDocumentCreated/function-source.zip","generation":"1738497016108902"}},"dockerRegistry":"ARTIFACT_REGISTRY","serviceAccount":"projects/tirigist-comrades/serviceAccounts/480943047907-compute@developer.gserviceaccount.com","automaticUpdatePolicy":{}},"serviceConfig":{"service":"projects/tirigist-comrades/locations/us-central1/services/onuploaddocumentcreated","timeoutSeconds":60,"environmentVariables":{"FIREBASE_CONFIG":"{\"projectId\":\"tirigist-comrades\",\"storageBucket\":\"tirigist-comrades.firebasestorage.app\"}","GCLOUD_PROJECT":"tirigist-comrades","EVENTARC_CLOUD_EVENT_SOURCE":"projects/tirigist-comrades/locations/us-central1/services/onUploadDocumentCreated","FUNCTION_SIGNATURE_TYPE":"cloudevent","FUNCTION_TARGET":"onUploadDocumentCreated","LOG_EXECUTION_ID":"true"},"ingressSettings":"ALLOW_ALL","uri":"https://onuploaddocumentcreated-6nlgdij53q-uc.a.run.app","serviceAccountEmail":"480943047907-compute@developer.gserviceaccount.com","availableMemory":"256Mi","allTrafficOnLatestRevision":true,"secretEnvironmentVariables":[{"key":"AUTH_FIREBASE_PRIVATE_KEY","projectId":"tirigist-comrades","secret":"AUTH_FIREBASE_PRIVATE_KEY","version":"1"},{"key":"AUTH_FIREBASE_CLIENT_EMAIL","projectId":"tirigist-comrades","secret":"AUTH_FIREBASE_CLIENT_EMAIL","version":"1"},{"key":"AUTH_FIREBASE_PROJECT_ID","projectId":"tirigist-comrades","secret":"AUTH_FIREBASE_PROJECT_ID","version":"1"}],"revision":"onuploaddocumentcreated-00019-dor","maxInstanceRequestConcurrency":80,"availableCpu":"1"},"eventTrigger":{"trigger":"projects/tirigist-comrades/locations/africa-south1/triggers/onuploaddocumentcreated-582218","triggerRegion":"africa-south1","eventType":"google.cloud.firestore.document.v1.created","eventFilters":[{"attribute":"database","value":"(default)"},{"attribute":"namespace","value":"(default)"},{"attribute":"document","value":"uploads/{documentId}","operator":"match-path-pattern"}],"pubsubTopic":"projects/tirigist-comrades/topics/eventarc-africa-south1-onuploaddocumentcreated-582218-445","serviceAccountEmail":"480943047907-compute@developer.gserviceaccount.com","retryPolicy":"RETRY_POLICY_DO_NOT_RETRY"},"state":"ACTIVE","labels":{"deployment-tool":"cli-firebase","firebase-functions-codebase":"tirigist-comrades","firebase-functions-hash":"a92cc9ce5b892bf61b080835c8d85ac08ecaab52"},"environment":"GEN_2","url":"https://us-central1-tirigist-comrades.cloudfunctions.net/onUploadDocumentCreated"},"stages":[{"name":"BUILD","message":"Build in progress","state":"IN_PROGRESS","resource":"projects/480943047907/locations/us-central1/builds/45afafb2-2ad5-48c7-a765-a74ea0c2d53f","resourceUri":"https://console.cloud.google.com/cloud-build/builds;region=us-central1/45afafb2-2ad5-48c7-a765-a74ea0c2d53f?project=480943047907"},{"name":"SERVICE","state":"NOT_STARTED"},{"name":"TRIGGER","state":"NOT_STARTED"}],"operationType":"UPDATE_FUNCTION","buildName":"projects/480943047907/locations/us-central1/builds/45afafb2-2ad5-48c7-a765-a74ea0c2d53f"},"done":false}
[debug] [2025-02-02T14:12:42.339Z] [update-tirigist-comrades-us-central1-createUserDocument] Retrying task index 0
[debug] [2025-02-02T14:12:42.341Z] Checked if tokens are valid: true, expires at: 1738508970616
[debug] [2025-02-02T14:12:42.341Z] Checked if tokens are valid: true, expires at: 1738508970616
[debug] [2025-02-02T14:12:42.341Z] >>> [apiv2][query] GET https://cloudfunctions.googleapis.com/v1/operations/dGlyaWdpc3QtY29tcmFkZXMvdXMtY2VudHJhbDEvY3JlYXRlVXNlckRvY3VtZW50L3pZS09udFFHbERR [none]
[debug] [2025-02-02T14:12:42.675Z] <<< [apiv2][status] GET https://cloudfunctions.googleapis.com/v1/operations/dGlyaWdpc3QtY29tcmFkZXMvdXMtY2VudHJhbDEvY3JlYXRlVXNlckRvY3VtZW50L3pZS09udFFHbERR 200
[debug] [2025-02-02T14:12:42.675Z] <<< [apiv2][body] GET https://cloudfunctions.googleapis.com/v1/operations/dGlyaWdpc3QtY29tcmFkZXMvdXMtY2VudHJhbDEvY3JlYXRlVXNlckRvY3VtZW50L3pZS09udFFHbERR {"name":"operations/dGlyaWdpc3QtY29tcmFkZXMvdXMtY2VudHJhbDEvY3JlYXRlVXNlckRvY3VtZW50L3pZS09udFFHbERR","metadata":{"@type":"type.googleapis.com/google.cloud.functions.v1.OperationMetadataV1","target":"projects/tirigist-comrades/locations/us-central1/functions/createUserDocument","type":"UPDATE_FUNCTION","request":{"@type":"type.googleapis.com/google.cloud.functions.v1.CloudFunction","name":"projects/tirigist-comrades/locations/us-central1/functions/createUserDocument","eventTrigger":{"eventType":"providers/firebase.auth/eventTypes/user.create","resource":"projects/tirigist-comrades","service":"firebaseauth.googleapis.com"},"status":"ACTIVE","entryPoint":"createUserDocument","updateTime":"2025-02-02T11:51:49.872Z","versionId":"19","labels":{"deployment-tool":"cli-firebase","firebase-functions-codebase":"tirigist-comrades","firebase-functions-hash":"3b49749894483f75c4720c67e50cb3eeb713a931"},"sourceUploadUrl":"https://storage.googleapis.com/uploads-925032658726.us-central1.cloudfunctions.appspot.com/843b87dc-6581-41c5-8d25-39de45809cba.zip?GoogleAccessId=service-480943047907@gcf-admin-robot.iam.gserviceaccount.com&Expires=1738507291&Signature=XKixh5cqK2EJPYxvGF1LkmrJ6AYn19baTk41ujRcWkRYsFNACY4ThO%2Ba%2BXtff2n7WU%2Bg25wzCB6NHEl7PqvNoZ1KJnyvo7oYucfk%2Bj2JJ2dRiO7m0m1NRGqQMl0Jx9yIURC72a5rxb0u8%2FpRm%2FfQorEBqicQitUap2u3RuwejQmcvAj6KMzhh%2BgxPSEtT3Y55ACvH0a2G6lbjJN54EYpBAt778XoD%2F9qG36OcE4Om0p9vyqCxNXlwKPHr5DQskcVGC0n8O03rbTfAcHjwK0%2FXxiNDSlxqgmLBQ6RGL3CJ4nRabUqbtgLCto%2FajBYjXM4%2BcOtL7Tqb6DfWyi4rBwV2w%3D%3D","environmentVariables":{"FIREBASE_CONFIG":"{\"projectId\":\"tirigist-comrades\",\"storageBucket\":\"tirigist-comrades.firebasestorage.app\"}","GCLOUD_PROJECT":"tirigist-comrades","EVENTARC_CLOUD_EVENT_SOURCE":"projects/tirigist-comrades/locations/us-central1/functions/createUserDocument"},"runtime":"nodejs22","buildId":"5f626cfc-8888-4d10-b3e9-b2f451f29a92","buildEnvironmentVariables":{"GOOGLE_NODE_RUN_SCRIPTS":""},"secretEnvironmentVariables":[{"key":"INTASEND_SECRET_API_KEY","projectId":"tirigist-comrades","secret":"INTASEND_SECRET_API_KEY","version":"1"}],"buildName":"projects/480943047907/locations/us-central1/builds/5f626cfc-8888-4d10-b3e9-b2f451f29a92","dockerRegistry":"ARTIFACT_REGISTRY","automaticUpdatePolicy":{},"buildServiceAccount":"projects/tirigist-comrades/serviceAccounts/480943047907-compute@developer.gserviceaccount.com"},"versionId":"20","updateTime":"2025-02-02T14:11:33Z","buildId":"567e861d-5dfd-4ab8-9d5c-f7f436675005","buildName":"projects/480943047907/locations/us-central1/builds/567e861d-5dfd-4ab8-9d5c-f7f436675005"}}
[debug] [2025-02-02T14:12:50.661Z] [update-tirigist-comrades-us-central1-onUploadDocumentCreated] Retrying task index 0
[debug] [2025-02-02T14:12:50.661Z] Checked if tokens are valid: true, expires at: 1738508970616
[debug] [2025-02-02T14:12:50.661Z] Checked if tokens are valid: true, expires at: 1738508970616
[debug] [2025-02-02T14:12:50.661Z] >>> [apiv2][query] GET https://cloudfunctions.googleapis.com/v2/projects/tirigist-comrades/locations/us-central1/operations/operation-1738505493502-62d295a6158ca-f42f3ff6-0de27eae [none]
[debug] [2025-02-02T14:12:51.685Z] <<< [apiv2][status] GET https://cloudfunctions.googleapis.com/v2/projects/tirigist-comrades/locations/us-central1/operations/operation-1738505493502-62d295a6158ca-f42f3ff6-0de27eae 200
[debug] [2025-02-02T14:12:51.685Z] <<< [apiv2][body] GET https://cloudfunctions.googleapis.com/v2/projects/tirigist-comrades/locations/us-central1/operations/operation-1738505493502-62d295a6158ca-f42f3ff6-0de27eae {"name":"projects/tirigist-comrades/locations/us-central1/operations/operation-1738505493502-62d295a6158ca-f42f3ff6-0de27eae","metadata":{"@type":"type.googleapis.com/google.cloud.functions.v2.OperationMetadata","createTime":"2025-02-02T14:11:36.061002454Z","target":"projects/tirigist-comrades/locations/us-central1/functions/onUploadDocumentCreated","verb":"update","cancelRequested":false,"apiVersion":"v2","requestResource":{"@type":"type.googleapis.com/google.cloud.functions.v2.Function","name":"projects/tirigist-comrades/locations/us-central1/functions/onUploadDocumentCreated","buildConfig":{"runtime":"nodejs22","entryPoint":"onUploadDocumentCreated","source":{"storageSource":{"bucket":"gcf-v2-sources-480943047907-us-central1","object":"onUploadDocumentCreated/function-source.zip","generation":"1738505495961407"}},"environmentVariables":{"GOOGLE_NODE_RUN_SCRIPTS":""},"dockerRepository":"projects/tirigist-comrades/locations/us-central1/repositories/gcf-artifacts","sourceProvenance":{"resolvedStorageSource":{"bucket":"gcf-v2-sources-480943047907-us-central1","object":"onUploadDocumentCreated/function-source.zip","generation":"1738497016108902"}},"dockerRegistry":"ARTIFACT_REGISTRY","serviceAccount":"projects/tirigist-comrades/serviceAccounts/480943047907-compute@developer.gserviceaccount.com","automaticUpdatePolicy":{}},"serviceConfig":{"service":"projects/tirigist-comrades/locations/us-central1/services/onuploaddocumentcreated","timeoutSeconds":60,"environmentVariables":{"FIREBASE_CONFIG":"{\"projectId\":\"tirigist-comrades\",\"storageBucket\":\"tirigist-comrades.firebasestorage.app\"}","GCLOUD_PROJECT":"tirigist-comrades","EVENTARC_CLOUD_EVENT_SOURCE":"projects/tirigist-comrades/locations/us-central1/services/onUploadDocumentCreated","FUNCTION_SIGNATURE_TYPE":"cloudevent","FUNCTION_TARGET":"onUploadDocumentCreated","LOG_EXECUTION_ID":"true"},"ingressSettings":"ALLOW_ALL","uri":"https://onuploaddocumentcreated-6nlgdij53q-uc.a.run.app","serviceAccountEmail":"480943047907-compute@developer.gserviceaccount.com","availableMemory":"256Mi","allTrafficOnLatestRevision":true,"secretEnvironmentVariables":[{"key":"AUTH_FIREBASE_PRIVATE_KEY","projectId":"tirigist-comrades","secret":"AUTH_FIREBASE_PRIVATE_KEY","version":"1"},{"key":"AUTH_FIREBASE_CLIENT_EMAIL","projectId":"tirigist-comrades","secret":"AUTH_FIREBASE_CLIENT_EMAIL","version":"1"},{"key":"AUTH_FIREBASE_PROJECT_ID","projectId":"tirigist-comrades","secret":"AUTH_FIREBASE_PROJECT_ID","version":"1"}],"revision":"onuploaddocumentcreated-00019-dor","maxInstanceRequestConcurrency":80,"availableCpu":"1"},"eventTrigger":{"trigger":"projects/tirigist-comrades/locations/africa-south1/triggers/onuploaddocumentcreated-582218","triggerRegion":"africa-south1","eventType":"google.cloud.firestore.document.v1.created","eventFilters":[{"attribute":"database","value":"(default)"},{"attribute":"namespace","value":"(default)"},{"attribute":"document","value":"uploads/{documentId}","operator":"match-path-pattern"}],"pubsubTopic":"projects/tirigist-comrades/topics/eventarc-africa-south1-onuploaddocumentcreated-582218-445","serviceAccountEmail":"480943047907-compute@developer.gserviceaccount.com","retryPolicy":"RETRY_POLICY_DO_NOT_RETRY"},"state":"ACTIVE","labels":{"deployment-tool":"cli-firebase","firebase-functions-codebase":"tirigist-comrades","firebase-functions-hash":"a92cc9ce5b892bf61b080835c8d85ac08ecaab52"},"environment":"GEN_2","url":"https://us-central1-tirigist-comrades.cloudfunctions.net/onUploadDocumentCreated"},"stages":[{"name":"BUILD","message":"Build in progress","state":"IN_PROGRESS","resource":"projects/480943047907/locations/us-central1/builds/45afafb2-2ad5-48c7-a765-a74ea0c2d53f","resourceUri":"https://console.cloud.google.com/cloud-build/builds;region=us-central1/45afafb2-2ad5-48c7-a765-a74ea0c2d53f?project=480943047907"},{"name":"SERVICE","state":"NOT_STARTED"},{"name":"TRIGGER","state":"NOT_STARTED"}],"operationType":"UPDATE_FUNCTION","buildName":"projects/480943047907/locations/us-central1/builds/45afafb2-2ad5-48c7-a765-a74ea0c2d53f"},"done":false}
[debug] [2025-02-02T14:12:52.683Z] [update-tirigist-comrades-us-central1-createUserDocument] Retrying task index 0
[debug] [2025-02-02T14:12:52.683Z] Checked if tokens are valid: true, expires at: 1738508970616
[debug] [2025-02-02T14:12:52.683Z] Checked if tokens are valid: true, expires at: 1738508970616
[debug] [2025-02-02T14:12:52.683Z] >>> [apiv2][query] GET https://cloudfunctions.googleapis.com/v1/operations/dGlyaWdpc3QtY29tcmFkZXMvdXMtY2VudHJhbDEvY3JlYXRlVXNlckRvY3VtZW50L3pZS09udFFHbERR [none]
[debug] [2025-02-02T14:12:53.003Z] <<< [apiv2][status] GET https://cloudfunctions.googleapis.com/v1/operations/dGlyaWdpc3QtY29tcmFkZXMvdXMtY2VudHJhbDEvY3JlYXRlVXNlckRvY3VtZW50L3pZS09udFFHbERR 200
[debug] [2025-02-02T14:12:53.003Z] <<< [apiv2][body] GET https://cloudfunctions.googleapis.com/v1/operations/dGlyaWdpc3QtY29tcmFkZXMvdXMtY2VudHJhbDEvY3JlYXRlVXNlckRvY3VtZW50L3pZS09udFFHbERR {"name":"operations/dGlyaWdpc3QtY29tcmFkZXMvdXMtY2VudHJhbDEvY3JlYXRlVXNlckRvY3VtZW50L3pZS09udFFHbERR","metadata":{"@type":"type.googleapis.com/google.cloud.functions.v1.OperationMetadataV1","target":"projects/tirigist-comrades/locations/us-central1/functions/createUserDocument","type":"UPDATE_FUNCTION","request":{"@type":"type.googleapis.com/google.cloud.functions.v1.CloudFunction","name":"projects/tirigist-comrades/locations/us-central1/functions/createUserDocument","eventTrigger":{"eventType":"providers/firebase.auth/eventTypes/user.create","resource":"projects/tirigist-comrades","service":"firebaseauth.googleapis.com"},"status":"ACTIVE","entryPoint":"createUserDocument","updateTime":"2025-02-02T11:51:49.872Z","versionId":"19","labels":{"deployment-tool":"cli-firebase","firebase-functions-codebase":"tirigist-comrades","firebase-functions-hash":"3b49749894483f75c4720c67e50cb3eeb713a931"},"sourceUploadUrl":"https://storage.googleapis.com/uploads-925032658726.us-central1.cloudfunctions.appspot.com/843b87dc-6581-41c5-8d25-39de45809cba.zip?GoogleAccessId=service-480943047907@gcf-admin-robot.iam.gserviceaccount.com&Expires=1738507291&Signature=XKixh5cqK2EJPYxvGF1LkmrJ6AYn19baTk41ujRcWkRYsFNACY4ThO%2Ba%2BXtff2n7WU%2Bg25wzCB6NHEl7PqvNoZ1KJnyvo7oYucfk%2Bj2JJ2dRiO7m0m1NRGqQMl0Jx9yIURC72a5rxb0u8%2FpRm%2FfQorEBqicQitUap2u3RuwejQmcvAj6KMzhh%2BgxPSEtT3Y55ACvH0a2G6lbjJN54EYpBAt778XoD%2F9qG36OcE4Om0p9vyqCxNXlwKPHr5DQskcVGC0n8O03rbTfAcHjwK0%2FXxiNDSlxqgmLBQ6RGL3CJ4nRabUqbtgLCto%2FajBYjXM4%2BcOtL7Tqb6DfWyi4rBwV2w%3D%3D","environmentVariables":{"FIREBASE_CONFIG":"{\"projectId\":\"tirigist-comrades\",\"storageBucket\":\"tirigist-comrades.firebasestorage.app\"}","GCLOUD_PROJECT":"tirigist-comrades","EVENTARC_CLOUD_EVENT_SOURCE":"projects/tirigist-comrades/locations/us-central1/functions/createUserDocument"},"runtime":"nodejs22","buildId":"5f626cfc-8888-4d10-b3e9-b2f451f29a92","buildEnvironmentVariables":{"GOOGLE_NODE_RUN_SCRIPTS":""},"secretEnvironmentVariables":[{"key":"INTASEND_SECRET_API_KEY","projectId":"tirigist-comrades","secret":"INTASEND_SECRET_API_KEY","version":"1"}],"buildName":"projects/480943047907/locations/us-central1/builds/5f626cfc-8888-4d10-b3e9-b2f451f29a92","dockerRegistry":"ARTIFACT_REGISTRY","automaticUpdatePolicy":{},"buildServiceAccount":"projects/tirigist-comrades/serviceAccounts/480943047907-compute@developer.gserviceaccount.com"},"versionId":"20","updateTime":"2025-02-02T14:11:33Z","buildId":"567e861d-5dfd-4ab8-9d5c-f7f436675005","buildName":"projects/480943047907/locations/us-central1/builds/567e861d-5dfd-4ab8-9d5c-f7f436675005"}}
[debug] [2025-02-02T14:13:01.688Z] [update-tirigist-comrades-us-central1-onUploadDocumentCreated] Retrying task index 0
[debug] [2025-02-02T14:13:01.689Z] Checked if tokens are valid: true, expires at: 1738508970616
[debug] [2025-02-02T14:13:01.689Z] Checked if tokens are valid: true, expires at: 1738508970616
[debug] [2025-02-02T14:13:01.690Z] >>> [apiv2][query] GET https://cloudfunctions.googleapis.com/v2/projects/tirigist-comrades/locations/us-central1/operations/operation-1738505493502-62d295a6158ca-f42f3ff6-0de27eae [none]
[debug] [2025-02-02T14:13:02.768Z] <<< [apiv2][status] GET https://cloudfunctions.googleapis.com/v2/projects/tirigist-comrades/locations/us-central1/operations/operation-1738505493502-62d295a6158ca-f42f3ff6-0de27eae 200
[debug] [2025-02-02T14:13:02.769Z] <<< [apiv2][body] GET https://cloudfunctions.googleapis.com/v2/projects/tirigist-comrades/locations/us-central1/operations/operation-1738505493502-62d295a6158ca-f42f3ff6-0de27eae {"name":"projects/tirigist-comrades/locations/us-central1/operations/operation-1738505493502-62d295a6158ca-f42f3ff6-0de27eae","metadata":{"@type":"type.googleapis.com/google.cloud.functions.v2.OperationMetadata","createTime":"2025-02-02T14:11:36.061002454Z","target":"projects/tirigist-comrades/locations/us-central1/functions/onUploadDocumentCreated","verb":"update","cancelRequested":false,"apiVersion":"v2","requestResource":{"@type":"type.googleapis.com/google.cloud.functions.v2.Function","name":"projects/tirigist-comrades/locations/us-central1/functions/onUploadDocumentCreated","buildConfig":{"runtime":"nodejs22","entryPoint":"onUploadDocumentCreated","source":{"storageSource":{"bucket":"gcf-v2-sources-480943047907-us-central1","object":"onUploadDocumentCreated/function-source.zip","generation":"1738505495961407"}},"environmentVariables":{"GOOGLE_NODE_RUN_SCRIPTS":""},"dockerRepository":"projects/tirigist-comrades/locations/us-central1/repositories/gcf-artifacts","sourceProvenance":{"resolvedStorageSource":{"bucket":"gcf-v2-sources-480943047907-us-central1","object":"onUploadDocumentCreated/function-source.zip","generation":"1738497016108902"}},"dockerRegistry":"ARTIFACT_REGISTRY","serviceAccount":"projects/tirigist-comrades/serviceAccounts/480943047907-compute@developer.gserviceaccount.com","automaticUpdatePolicy":{}},"serviceConfig":{"service":"projects/tirigist-comrades/locations/us-central1/services/onuploaddocumentcreated","timeoutSeconds":60,"environmentVariables":{"FIREBASE_CONFIG":"{\"projectId\":\"tirigist-comrades\",\"storageBucket\":\"tirigist-comrades.firebasestorage.app\"}","GCLOUD_PROJECT":"tirigist-comrades","EVENTARC_CLOUD_EVENT_SOURCE":"projects/tirigist-comrades/locations/us-central1/services/onUploadDocumentCreated","FUNCTION_SIGNATURE_TYPE":"cloudevent","FUNCTION_TARGET":"onUploadDocumentCreated","LOG_EXECUTION_ID":"true"},"ingressSettings":"ALLOW_ALL","uri":"https://onuploaddocumentcreated-6nlgdij53q-uc.a.run.app","serviceAccountEmail":"480943047907-compute@developer.gserviceaccount.com","availableMemory":"256Mi","allTrafficOnLatestRevision":true,"secretEnvironmentVariables":[{"key":"AUTH_FIREBASE_PRIVATE_KEY","projectId":"tirigist-comrades","secret":"AUTH_FIREBASE_PRIVATE_KEY","version":"1"},{"key":"AUTH_FIREBASE_CLIENT_EMAIL","projectId":"tirigist-comrades","secret":"AUTH_FIREBASE_CLIENT_EMAIL","version":"1"},{"key":"AUTH_FIREBASE_PROJECT_ID","projectId":"tirigist-comrades","secret":"AUTH_FIREBASE_PROJECT_ID","version":"1"}],"revision":"onuploaddocumentcreated-00019-dor","maxInstanceRequestConcurrency":80,"availableCpu":"1"},"eventTrigger":{"trigger":"projects/tirigist-comrades/locations/africa-south1/triggers/onuploaddocumentcreated-582218","triggerRegion":"africa-south1","eventType":"google.cloud.firestore.document.v1.created","eventFilters":[{"attribute":"database","value":"(default)"},{"attribute":"namespace","value":"(default)"},{"attribute":"document","value":"uploads/{documentId}","operator":"match-path-pattern"}],"pubsubTopic":"projects/tirigist-comrades/topics/eventarc-africa-south1-onuploaddocumentcreated-582218-445","serviceAccountEmail":"480943047907-compute@developer.gserviceaccount.com","retryPolicy":"RETRY_POLICY_DO_NOT_RETRY"},"state":"ACTIVE","labels":{"deployment-tool":"cli-firebase","firebase-functions-codebase":"tirigist-comrades","firebase-functions-hash":"a92cc9ce5b892bf61b080835c8d85ac08ecaab52"},"environment":"GEN_2","url":"https://us-central1-tirigist-comrades.cloudfunctions.net/onUploadDocumentCreated"},"stages":[{"name":"BUILD","message":"Build in progress","state":"IN_PROGRESS","resource":"projects/480943047907/locations/us-central1/builds/45afafb2-2ad5-48c7-a765-a74ea0c2d53f","resourceUri":"https://console.cloud.google.com/cloud-build/builds;region=us-central1/45afafb2-2ad5-48c7-a765-a74ea0c2d53f?project=480943047907"},{"name":"SERVICE","state":"NOT_STARTED"},{"name":"TRIGGER","state":"NOT_STARTED"}],"operationType":"UPDATE_FUNCTION","buildName":"projects/480943047907/locations/us-central1/builds/45afafb2-2ad5-48c7-a765-a74ea0c2d53f"},"done":false}
[debug] [2025-02-02T14:13:03.015Z] [update-tirigist-comrades-us-central1-createUserDocument] Retrying task index 0
[debug] [2025-02-02T14:13:03.016Z] Checked if tokens are valid: true, expires at: 1738508970616
[debug] [2025-02-02T14:13:03.016Z] Checked if tokens are valid: true, expires at: 1738508970616
[debug] [2025-02-02T14:13:03.017Z] >>> [apiv2][query] GET https://cloudfunctions.googleapis.com/v1/operations/dGlyaWdpc3QtY29tcmFkZXMvdXMtY2VudHJhbDEvY3JlYXRlVXNlckRvY3VtZW50L3pZS09udFFHbERR [none]
[debug] [2025-02-02T14:13:03.343Z] <<< [apiv2][status] GET https://cloudfunctions.googleapis.com/v1/operations/dGlyaWdpc3QtY29tcmFkZXMvdXMtY2VudHJhbDEvY3JlYXRlVXNlckRvY3VtZW50L3pZS09udFFHbERR 200
[debug] [2025-02-02T14:13:03.344Z] <<< [apiv2][body] GET https://cloudfunctions.googleapis.com/v1/operations/dGlyaWdpc3QtY29tcmFkZXMvdXMtY2VudHJhbDEvY3JlYXRlVXNlckRvY3VtZW50L3pZS09udFFHbERR {"name":"operations/dGlyaWdpc3QtY29tcmFkZXMvdXMtY2VudHJhbDEvY3JlYXRlVXNlckRvY3VtZW50L3pZS09udFFHbERR","metadata":{"@type":"type.googleapis.com/google.cloud.functions.v1.OperationMetadataV1","target":"projects/tirigist-comrades/locations/us-central1/functions/createUserDocument","type":"UPDATE_FUNCTION","request":{"@type":"type.googleapis.com/google.cloud.functions.v1.CloudFunction","name":"projects/tirigist-comrades/locations/us-central1/functions/createUserDocument","eventTrigger":{"eventType":"providers/firebase.auth/eventTypes/user.create","resource":"projects/tirigist-comrades","service":"firebaseauth.googleapis.com"},"status":"ACTIVE","entryPoint":"createUserDocument","updateTime":"2025-02-02T11:51:49.872Z","versionId":"19","labels":{"deployment-tool":"cli-firebase","firebase-functions-codebase":"tirigist-comrades","firebase-functions-hash":"3b49749894483f75c4720c67e50cb3eeb713a931"},"sourceUploadUrl":"https://storage.googleapis.com/uploads-925032658726.us-central1.cloudfunctions.appspot.com/843b87dc-6581-41c5-8d25-39de45809cba.zip?GoogleAccessId=service-480943047907@gcf-admin-robot.iam.gserviceaccount.com&Expires=1738507291&Signature=XKixh5cqK2EJPYxvGF1LkmrJ6AYn19baTk41ujRcWkRYsFNACY4ThO%2Ba%2BXtff2n7WU%2Bg25wzCB6NHEl7PqvNoZ1KJnyvo7oYucfk%2Bj2JJ2dRiO7m0m1NRGqQMl0Jx9yIURC72a5rxb0u8%2FpRm%2FfQorEBqicQitUap2u3RuwejQmcvAj6KMzhh%2BgxPSEtT3Y55ACvH0a2G6lbjJN54EYpBAt778XoD%2F9qG36OcE4Om0p9vyqCxNXlwKPHr5DQskcVGC0n8O03rbTfAcHjwK0%2FXxiNDSlxqgmLBQ6RGL3CJ4nRabUqbtgLCto%2FajBYjXM4%2BcOtL7Tqb6DfWyi4rBwV2w%3D%3D","environmentVariables":{"FIREBASE_CONFIG":"{\"projectId\":\"tirigist-comrades\",\"storageBucket\":\"tirigist-comrades.firebasestorage.app\"}","GCLOUD_PROJECT":"tirigist-comrades","EVENTARC_CLOUD_EVENT_SOURCE":"projects/tirigist-comrades/locations/us-central1/functions/createUserDocument"},"runtime":"nodejs22","buildId":"5f626cfc-8888-4d10-b3e9-b2f451f29a92","buildEnvironmentVariables":{"GOOGLE_NODE_RUN_SCRIPTS":""},"secretEnvironmentVariables":[{"key":"INTASEND_SECRET_API_KEY","projectId":"tirigist-comrades","secret":"INTASEND_SECRET_API_KEY","version":"1"}],"buildName":"projects/480943047907/locations/us-central1/builds/5f626cfc-8888-4d10-b3e9-b2f451f29a92","dockerRegistry":"ARTIFACT_REGISTRY","automaticUpdatePolicy":{},"buildServiceAccount":"projects/tirigist-comrades/serviceAccounts/480943047907-compute@developer.gserviceaccount.com"},"versionId":"20","updateTime":"2025-02-02T14:11:33Z","buildId":"567e861d-5dfd-4ab8-9d5c-f7f436675005","buildName":"projects/480943047907/locations/us-central1/builds/567e861d-5dfd-4ab8-9d5c-f7f436675005"}}
[debug] [2025-02-02T14:13:12.783Z] [update-tirigist-comrades-us-central1-onUploadDocumentCreated] Retrying task index 0
[debug] [2025-02-02T14:13:12.784Z] Checked if tokens are valid: true, expires at: 1738508970616
[debug] [2025-02-02T14:13:12.784Z] Checked if tokens are valid: true, expires at: 1738508970616
[debug] [2025-02-02T14:13:12.785Z] >>> [apiv2][query] GET https://cloudfunctions.googleapis.com/v2/projects/tirigist-comrades/locations/us-central1/operations/operation-1738505493502-62d295a6158ca-f42f3ff6-0de27eae [none]
[debug] [2025-02-02T14:13:13.360Z] [update-tirigist-comrades-us-central1-createUserDocument] Retrying task index 0
[debug] [2025-02-02T14:13:13.360Z] Checked if tokens are valid: true, expires at: 1738508970616
[debug] [2025-02-02T14:13:13.361Z] Checked if tokens are valid: true, expires at: 1738508970616
[debug] [2025-02-02T14:13:13.361Z] >>> [apiv2][query] GET https://cloudfunctions.googleapis.com/v1/operations/dGlyaWdpc3QtY29tcmFkZXMvdXMtY2VudHJhbDEvY3JlYXRlVXNlckRvY3VtZW50L3pZS09udFFHbERR [none]
[debug] [2025-02-02T14:13:13.811Z] <<< [apiv2][status] GET https://cloudfunctions.googleapis.com/v2/projects/tirigist-comrades/locations/us-central1/operations/operation-1738505493502-62d295a6158ca-f42f3ff6-0de27eae 200
[debug] [2025-02-02T14:13:13.811Z] <<< [apiv2][body] GET https://cloudfunctions.googleapis.com/v2/projects/tirigist-comrades/locations/us-central1/operations/operation-1738505493502-62d295a6158ca-f42f3ff6-0de27eae {"name":"projects/tirigist-comrades/locations/us-central1/operations/operation-1738505493502-62d295a6158ca-f42f3ff6-0de27eae","metadata":{"@type":"type.googleapis.com/google.cloud.functions.v2.OperationMetadata","createTime":"2025-02-02T14:11:36.061002454Z","target":"projects/tirigist-comrades/locations/us-central1/functions/onUploadDocumentCreated","verb":"update","cancelRequested":false,"apiVersion":"v2","requestResource":{"@type":"type.googleapis.com/google.cloud.functions.v2.Function","name":"projects/tirigist-comrades/locations/us-central1/functions/onUploadDocumentCreated","buildConfig":{"runtime":"nodejs22","entryPoint":"onUploadDocumentCreated","source":{"storageSource":{"bucket":"gcf-v2-sources-480943047907-us-central1","object":"onUploadDocumentCreated/function-source.zip","generation":"1738505495961407"}},"environmentVariables":{"GOOGLE_NODE_RUN_SCRIPTS":""},"dockerRepository":"projects/tirigist-comrades/locations/us-central1/repositories/gcf-artifacts","sourceProvenance":{"resolvedStorageSource":{"bucket":"gcf-v2-sources-480943047907-us-central1","object":"onUploadDocumentCreated/function-source.zip","generation":"1738497016108902"}},"dockerRegistry":"ARTIFACT_REGISTRY","serviceAccount":"projects/tirigist-comrades/serviceAccounts/480943047907-compute@developer.gserviceaccount.com","automaticUpdatePolicy":{}},"serviceConfig":{"service":"projects/tirigist-comrades/locations/us-central1/services/onuploaddocumentcreated","timeoutSeconds":60,"environmentVariables":{"FIREBASE_CONFIG":"{\"projectId\":\"tirigist-comrades\",\"storageBucket\":\"tirigist-comrades.firebasestorage.app\"}","GCLOUD_PROJECT":"tirigist-comrades","EVENTARC_CLOUD_EVENT_SOURCE":"projects/tirigist-comrades/locations/us-central1/services/onUploadDocumentCreated","FUNCTION_SIGNATURE_TYPE":"cloudevent","FUNCTION_TARGET":"onUploadDocumentCreated","LOG_EXECUTION_ID":"true"},"ingressSettings":"ALLOW_ALL","uri":"https://onuploaddocumentcreated-6nlgdij53q-uc.a.run.app","serviceAccountEmail":"480943047907-compute@developer.gserviceaccount.com","availableMemory":"256Mi","allTrafficOnLatestRevision":true,"secretEnvironmentVariables":[{"key":"AUTH_FIREBASE_PRIVATE_KEY","projectId":"tirigist-comrades","secret":"AUTH_FIREBASE_PRIVATE_KEY","version":"1"},{"key":"AUTH_FIREBASE_CLIENT_EMAIL","projectId":"tirigist-comrades","secret":"AUTH_FIREBASE_CLIENT_EMAIL","version":"1"},{"key":"AUTH_FIREBASE_PROJECT_ID","projectId":"tirigist-comrades","secret":"AUTH_FIREBASE_PROJECT_ID","version":"1"}],"revision":"onuploaddocumentcreated-00019-dor","maxInstanceRequestConcurrency":80,"availableCpu":"1"},"eventTrigger":{"trigger":"projects/tirigist-comrades/locations/africa-south1/triggers/onuploaddocumentcreated-582218","triggerRegion":"africa-south1","eventType":"google.cloud.firestore.document.v1.created","eventFilters":[{"attribute":"database","value":"(default)"},{"attribute":"namespace","value":"(default)"},{"attribute":"document","value":"uploads/{documentId}","operator":"match-path-pattern"}],"pubsubTopic":"projects/tirigist-comrades/topics/eventarc-africa-south1-onuploaddocumentcreated-582218-445","serviceAccountEmail":"480943047907-compute@developer.gserviceaccount.com","retryPolicy":"RETRY_POLICY_DO_NOT_RETRY"},"state":"ACTIVE","labels":{"deployment-tool":"cli-firebase","firebase-functions-codebase":"tirigist-comrades","firebase-functions-hash":"a92cc9ce5b892bf61b080835c8d85ac08ecaab52"},"environment":"GEN_2","url":"https://us-central1-tirigist-comrades.cloudfunctions.net/onUploadDocumentCreated"},"stages":[{"name":"BUILD","message":"Build in progress","state":"IN_PROGRESS","resource":"projects/480943047907/locations/us-central1/builds/45afafb2-2ad5-48c7-a765-a74ea0c2d53f","resourceUri":"https://console.cloud.google.com/cloud-build/builds;region=us-central1/45afafb2-2ad5-48c7-a765-a74ea0c2d53f?project=480943047907"},{"name":"SERVICE","state":"NOT_STARTED"},{"name":"TRIGGER","state":"NOT_STARTED"}],"operationType":"UPDATE_FUNCTION","buildName":"projects/480943047907/locations/us-central1/builds/45afafb2-2ad5-48c7-a765-a74ea0c2d53f"},"done":false}
[debug] [2025-02-02T14:13:13.859Z] <<< [apiv2][status] GET https://cloudfunctions.googleapis.com/v1/operations/dGlyaWdpc3QtY29tcmFkZXMvdXMtY2VudHJhbDEvY3JlYXRlVXNlckRvY3VtZW50L3pZS09udFFHbERR 200
[debug] [2025-02-02T14:13:13.859Z] <<< [apiv2][body] GET https://cloudfunctions.googleapis.com/v1/operations/dGlyaWdpc3QtY29tcmFkZXMvdXMtY2VudHJhbDEvY3JlYXRlVXNlckRvY3VtZW50L3pZS09udFFHbERR {"name":"operations/dGlyaWdpc3QtY29tcmFkZXMvdXMtY2VudHJhbDEvY3JlYXRlVXNlckRvY3VtZW50L3pZS09udFFHbERR","metadata":{"@type":"type.googleapis.com/google.cloud.functions.v1.OperationMetadataV1","target":"projects/tirigist-comrades/locations/us-central1/functions/createUserDocument","type":"UPDATE_FUNCTION","request":{"@type":"type.googleapis.com/google.cloud.functions.v1.CloudFunction","name":"projects/tirigist-comrades/locations/us-central1/functions/createUserDocument","eventTrigger":{"eventType":"providers/firebase.auth/eventTypes/user.create","resource":"projects/tirigist-comrades","service":"firebaseauth.googleapis.com"},"status":"ACTIVE","entryPoint":"createUserDocument","updateTime":"2025-02-02T11:51:49.872Z","versionId":"19","labels":{"deployment-tool":"cli-firebase","firebase-functions-codebase":"tirigist-comrades","firebase-functions-hash":"3b49749894483f75c4720c67e50cb3eeb713a931"},"sourceUploadUrl":"https://storage.googleapis.com/uploads-925032658726.us-central1.cloudfunctions.appspot.com/843b87dc-6581-41c5-8d25-39de45809cba.zip?GoogleAccessId=service-480943047907@gcf-admin-robot.iam.gserviceaccount.com&Expires=1738507291&Signature=XKixh5cqK2EJPYxvGF1LkmrJ6AYn19baTk41ujRcWkRYsFNACY4ThO%2Ba%2BXtff2n7WU%2Bg25wzCB6NHEl7PqvNoZ1KJnyvo7oYucfk%2Bj2JJ2dRiO7m0m1NRGqQMl0Jx9yIURC72a5rxb0u8%2FpRm%2FfQorEBqicQitUap2u3RuwejQmcvAj6KMzhh%2BgxPSEtT3Y55ACvH0a2G6lbjJN54EYpBAt778XoD%2F9qG36OcE4Om0p9vyqCxNXlwKPHr5DQskcVGC0n8O03rbTfAcHjwK0%2FXxiNDSlxqgmLBQ6RGL3CJ4nRabUqbtgLCto%2FajBYjXM4%2BcOtL7Tqb6DfWyi4rBwV2w%3D%3D","environmentVariables":{"FIREBASE_CONFIG":"{\"projectId\":\"tirigist-comrades\",\"storageBucket\":\"tirigist-comrades.firebasestorage.app\"}","GCLOUD_PROJECT":"tirigist-comrades","EVENTARC_CLOUD_EVENT_SOURCE":"projects/tirigist-comrades/locations/us-central1/functions/createUserDocument"},"runtime":"nodejs22","buildId":"5f626cfc-8888-4d10-b3e9-b2f451f29a92","buildEnvironmentVariables":{"GOOGLE_NODE_RUN_SCRIPTS":""},"secretEnvironmentVariables":[{"key":"INTASEND_SECRET_API_KEY","projectId":"tirigist-comrades","secret":"INTASEND_SECRET_API_KEY","version":"1"}],"buildName":"projects/480943047907/locations/us-central1/builds/5f626cfc-8888-4d10-b3e9-b2f451f29a92","dockerRegistry":"ARTIFACT_REGISTRY","automaticUpdatePolicy":{},"buildServiceAccount":"projects/tirigist-comrades/serviceAccounts/480943047907-compute@developer.gserviceaccount.com"},"versionId":"20","updateTime":"2025-02-02T14:11:33Z","buildId":"567e861d-5dfd-4ab8-9d5c-f7f436675005","buildName":"projects/480943047907/locations/us-central1/builds/567e861d-5dfd-4ab8-9d5c-f7f436675005"}}
[debug] [2025-02-02T14:13:23.811Z] [update-tirigist-comrades-us-central1-onUploadDocumentCreated] Retrying task index 0
[debug] [2025-02-02T14:13:23.812Z] Checked if tokens are valid: true, expires at: 1738508970616
[debug] [2025-02-02T14:13:23.812Z] Checked if tokens are valid: true, expires at: 1738508970616
[debug] [2025-02-02T14:13:23.813Z] >>> [apiv2][query] GET https://cloudfunctions.googleapis.com/v2/projects/tirigist-comrades/locations/us-central1/operations/operation-1738505493502-62d295a6158ca-f42f3ff6-0de27eae [none]
[debug] [2025-02-02T14:13:23.859Z] [update-tirigist-comrades-us-central1-createUserDocument] Retrying task index 0
[debug] [2025-02-02T14:13:23.860Z] Checked if tokens are valid: true, expires at: 1738508970616
[debug] [2025-02-02T14:13:23.860Z] Checked if tokens are valid: true, expires at: 1738508970616
[debug] [2025-02-02T14:13:23.861Z] >>> [apiv2][query] GET https://cloudfunctions.googleapis.com/v1/operations/dGlyaWdpc3QtY29tcmFkZXMvdXMtY2VudHJhbDEvY3JlYXRlVXNlckRvY3VtZW50L3pZS09udFFHbERR [none]
[debug] [2025-02-02T14:13:24.427Z] <<< [apiv2][status] GET https://cloudfunctions.googleapis.com/v1/operations/dGlyaWdpc3QtY29tcmFkZXMvdXMtY2VudHJhbDEvY3JlYXRlVXNlckRvY3VtZW50L3pZS09udFFHbERR 200
[debug] [2025-02-02T14:13:24.427Z] <<< [apiv2][body] GET https://cloudfunctions.googleapis.com/v1/operations/dGlyaWdpc3QtY29tcmFkZXMvdXMtY2VudHJhbDEvY3JlYXRlVXNlckRvY3VtZW50L3pZS09udFFHbERR {"name":"operations/dGlyaWdpc3QtY29tcmFkZXMvdXMtY2VudHJhbDEvY3JlYXRlVXNlckRvY3VtZW50L3pZS09udFFHbERR","metadata":{"@type":"type.googleapis.com/google.cloud.functions.v1.OperationMetadataV1","target":"projects/tirigist-comrades/locations/us-central1/functions/createUserDocument","type":"UPDATE_FUNCTION","request":{"@type":"type.googleapis.com/google.cloud.functions.v1.CloudFunction","name":"projects/tirigist-comrades/locations/us-central1/functions/createUserDocument","eventTrigger":{"eventType":"providers/firebase.auth/eventTypes/user.create","resource":"projects/tirigist-comrades","service":"firebaseauth.googleapis.com"},"status":"ACTIVE","entryPoint":"createUserDocument","updateTime":"2025-02-02T11:51:49.872Z","versionId":"19","labels":{"deployment-tool":"cli-firebase","firebase-functions-codebase":"tirigist-comrades","firebase-functions-hash":"3b49749894483f75c4720c67e50cb3eeb713a931"},"sourceUploadUrl":"https://storage.googleapis.com/uploads-925032658726.us-central1.cloudfunctions.appspot.com/843b87dc-6581-41c5-8d25-39de45809cba.zip?GoogleAccessId=service-480943047907@gcf-admin-robot.iam.gserviceaccount.com&Expires=1738507291&Signature=XKixh5cqK2EJPYxvGF1LkmrJ6AYn19baTk41ujRcWkRYsFNACY4ThO%2Ba%2BXtff2n7WU%2Bg25wzCB6NHEl7PqvNoZ1KJnyvo7oYucfk%2Bj2JJ2dRiO7m0m1NRGqQMl0Jx9yIURC72a5rxb0u8%2FpRm%2FfQorEBqicQitUap2u3RuwejQmcvAj6KMzhh%2BgxPSEtT3Y55ACvH0a2G6lbjJN54EYpBAt778XoD%2F9qG36OcE4Om0p9vyqCxNXlwKPHr5DQskcVGC0n8O03rbTfAcHjwK0%2FXxiNDSlxqgmLBQ6RGL3CJ4nRabUqbtgLCto%2FajBYjXM4%2BcOtL7Tqb6DfWyi4rBwV2w%3D%3D","environmentVariables":{"FIREBASE_CONFIG":"{\"projectId\":\"tirigist-comrades\",\"storageBucket\":\"tirigist-comrades.firebasestorage.app\"}","GCLOUD_PROJECT":"tirigist-comrades","EVENTARC_CLOUD_EVENT_SOURCE":"projects/tirigist-comrades/locations/us-central1/functions/createUserDocument"},"runtime":"nodejs22","buildId":"5f626cfc-8888-4d10-b3e9-b2f451f29a92","buildEnvironmentVariables":{"GOOGLE_NODE_RUN_SCRIPTS":""},"secretEnvironmentVariables":[{"key":"INTASEND_SECRET_API_KEY","projectId":"tirigist-comrades","secret":"INTASEND_SECRET_API_KEY","version":"1"}],"buildName":"projects/480943047907/locations/us-central1/builds/5f626cfc-8888-4d10-b3e9-b2f451f29a92","dockerRegistry":"ARTIFACT_REGISTRY","automaticUpdatePolicy":{},"buildServiceAccount":"projects/tirigist-comrades/serviceAccounts/480943047907-compute@developer.gserviceaccount.com"},"versionId":"20","updateTime":"2025-02-02T14:11:33Z","buildId":"567e861d-5dfd-4ab8-9d5c-f7f436675005","sourceToken":"9c69286c-8813-4839-a7bc-24514ed68024","buildName":"projects/480943047907/locations/us-central1/builds/567e861d-5dfd-4ab8-9d5c-f7f436675005"}}
[debug] [2025-02-02T14:13:24.427Z] Got source token 9c69286c-8813-4839-a7bc-24514ed68024 for region us-central1
[debug] [2025-02-02T14:13:24.908Z] <<< [apiv2][status] GET https://cloudfunctions.googleapis.com/v2/projects/tirigist-comrades/locations/us-central1/operations/operation-1738505493502-62d295a6158ca-f42f3ff6-0de27eae 200
[debug] [2025-02-02T14:13:24.909Z] <<< [apiv2][body] GET https://cloudfunctions.googleapis.com/v2/projects/tirigist-comrades/locations/us-central1/operations/operation-1738505493502-62d295a6158ca-f42f3ff6-0de27eae {"name":"projects/tirigist-comrades/locations/us-central1/operations/operation-1738505493502-62d295a6158ca-f42f3ff6-0de27eae","metadata":{"@type":"type.googleapis.com/google.cloud.functions.v2.OperationMetadata","createTime":"2025-02-02T14:11:36.061002454Z","target":"projects/tirigist-comrades/locations/us-central1/functions/onUploadDocumentCreated","verb":"update","cancelRequested":false,"apiVersion":"v2","requestResource":{"@type":"type.googleapis.com/google.cloud.functions.v2.Function","name":"projects/tirigist-comrades/locations/us-central1/functions/onUploadDocumentCreated","buildConfig":{"runtime":"nodejs22","entryPoint":"onUploadDocumentCreated","source":{"storageSource":{"bucket":"gcf-v2-sources-480943047907-us-central1","object":"onUploadDocumentCreated/function-source.zip","generation":"1738505495961407"}},"environmentVariables":{"GOOGLE_NODE_RUN_SCRIPTS":""},"dockerRepository":"projects/tirigist-comrades/locations/us-central1/repositories/gcf-artifacts","sourceProvenance":{"resolvedStorageSource":{"bucket":"gcf-v2-sources-480943047907-us-central1","object":"onUploadDocumentCreated/function-source.zip","generation":"1738497016108902"}},"dockerRegistry":"ARTIFACT_REGISTRY","serviceAccount":"projects/tirigist-comrades/serviceAccounts/480943047907-compute@developer.gserviceaccount.com","automaticUpdatePolicy":{}},"serviceConfig":{"service":"projects/tirigist-comrades/locations/us-central1/services/onuploaddocumentcreated","timeoutSeconds":60,"environmentVariables":{"FIREBASE_CONFIG":"{\"projectId\":\"tirigist-comrades\",\"storageBucket\":\"tirigist-comrades.firebasestorage.app\"}","GCLOUD_PROJECT":"tirigist-comrades","EVENTARC_CLOUD_EVENT_SOURCE":"projects/tirigist-comrades/locations/us-central1/services/onUploadDocumentCreated","FUNCTION_SIGNATURE_TYPE":"cloudevent","FUNCTION_TARGET":"onUploadDocumentCreated","LOG_EXECUTION_ID":"true"},"ingressSettings":"ALLOW_ALL","uri":"https://onuploaddocumentcreated-6nlgdij53q-uc.a.run.app","serviceAccountEmail":"480943047907-compute@developer.gserviceaccount.com","availableMemory":"256Mi","allTrafficOnLatestRevision":true,"secretEnvironmentVariables":[{"key":"AUTH_FIREBASE_PRIVATE_KEY","projectId":"tirigist-comrades","secret":"AUTH_FIREBASE_PRIVATE_KEY","version":"1"},{"key":"AUTH_FIREBASE_CLIENT_EMAIL","projectId":"tirigist-comrades","secret":"AUTH_FIREBASE_CLIENT_EMAIL","version":"1"},{"key":"AUTH_FIREBASE_PROJECT_ID","projectId":"tirigist-comrades","secret":"AUTH_FIREBASE_PROJECT_ID","version":"1"}],"revision":"onuploaddocumentcreated-00019-dor","maxInstanceRequestConcurrency":80,"availableCpu":"1"},"eventTrigger":{"trigger":"projects/tirigist-comrades/locations/africa-south1/triggers/onuploaddocumentcreated-582218","triggerRegion":"africa-south1","eventType":"google.cloud.firestore.document.v1.created","eventFilters":[{"attribute":"database","value":"(default)"},{"attribute":"namespace","value":"(default)"},{"attribute":"document","value":"uploads/{documentId}","operator":"match-path-pattern"}],"pubsubTopic":"projects/tirigist-comrades/topics/eventarc-africa-south1-onuploaddocumentcreated-582218-445","serviceAccountEmail":"480943047907-compute@developer.gserviceaccount.com","retryPolicy":"RETRY_POLICY_DO_NOT_RETRY"},"state":"ACTIVE","labels":{"deployment-tool":"cli-firebase","firebase-functions-codebase":"tirigist-comrades","firebase-functions-hash":"a92cc9ce5b892bf61b080835c8d85ac08ecaab52"},"environment":"GEN_2","url":"https://us-central1-tirigist-comrades.cloudfunctions.net/onUploadDocumentCreated"},"stages":[{"name":"BUILD","message":"Build finished","state":"COMPLETE","resource":"projects/480943047907/locations/us-central1/builds/45afafb2-2ad5-48c7-a765-a74ea0c2d53f","resourceUri":"https://console.cloud.google.com/cloud-build/builds;region=us-central1/45afafb2-2ad5-48c7-a765-a74ea0c2d53f?project=480943047907"},{"name":"SERVICE","message":"Updating Cloud Run service","state":"IN_PROGRESS","resource":"projects/tirigist-comrades/locations/us-central1/services/onuploaddocumentcreated","resourceUri":"https://console.cloud.google.com/run/detail/us-central1/onuploaddocumentcreated?project=tirigist-comrades","stateMessages":[{"severity":"INFO","type":"CloudRunServiceNewRevisionTrafficInfo","message":"A new revision will be deployed serving with 100% traffic."}]},{"name":"TRIGGER","state":"NOT_STARTED"}],"sourceToken":"Cldwcm9qZWN0cy80ODA5NDMwNDc5MDcvbG9jYXRpb25zL3VzLWNlbnRyYWwxL2J1aWxkcy80NWFmYWZiMi0yYWQ1LTQ4YzctYTc2NS1hNzRlYTBjMmQ1M2YSgQF1cy1jZW50cmFsMS1kb2NrZXIucGtnLmRldi90aXJpZ2lzdC1jb21yYWRlcy9nY2YtYXJ0aWZhY3RzL3RpcmlnaXN0LS1jb21yYWRlc19fdXMtLWNlbnRyYWwxX19vbl91cGxvYWRfZG9jdW1lbnRfY3JlYXRlZDp2ZXJzaW9uXzEY44nC0/8NIlJwcm9qZWN0cy90aXJpZ2lzdC1jb21yYWRlcy9sb2NhdGlvbnMvdXMtY2VudHJhbDEvZnVuY3Rpb25zL29uVXBsb2FkRG9jdW1lbnRDcmVhdGVkKgwIgPv9vAYQ8Pj5/gIyCG5vZGVqczIyOnYKI2djci5pby9nYWUtcnVudGltZXMvbm9kZWpzMjI6c3RhYmxlEk91cy1jZW50cmFsMS1kb2NrZXIucGtnLmRldi9zZXJ2ZXJsZXNzLXJ1bnRpbWVzL2dvb2dsZS0yMi1mdWxsL3J1bnRpbWVzL25vZGVqczIyQAE=","operationType":"UPDATE_FUNCTION","buildName":"projects/480943047907/locations/us-central1/builds/45afafb2-2ad5-48c7-a765-a74ea0c2d53f"},"done":false}
[debug] [2025-02-02T14:13:24.909Z] Got source token Cldwcm9qZWN0cy80ODA5NDMwNDc5MDcvbG9jYXRpb25zL3VzLWNlbnRyYWwxL2J1aWxkcy80NWFmYWZiMi0yYWQ1LTQ4YzctYTc2NS1hNzRlYTBjMmQ1M2YSgQF1cy1jZW50cmFsMS1kb2NrZXIucGtnLmRldi90aXJpZ2lzdC1jb21yYWRlcy9nY2YtYXJ0aWZhY3RzL3RpcmlnaXN0LS1jb21yYWRlc19fdXMtLWNlbnRyYWwxX19vbl91cGxvYWRfZG9jdW1lbnRfY3JlYXRlZDp2ZXJzaW9uXzEY44nC0/8NIlJwcm9qZWN0cy90aXJpZ2lzdC1jb21yYWRlcy9sb2NhdGlvbnMvdXMtY2VudHJhbDEvZnVuY3Rpb25zL29uVXBsb2FkRG9jdW1lbnRDcmVhdGVkKgwIgPv9vAYQ8Pj5/gIyCG5vZGVqczIyOnYKI2djci5pby9nYWUtcnVudGltZXMvbm9kZWpzMjI6c3RhYmxlEk91cy1jZW50cmFsMS1kb2NrZXIucGtnLmRldi9zZXJ2ZXJsZXNzLXJ1bnRpbWVzL2dvb2dsZS0yMi1mdWxsL3J1bnRpbWVzL25vZGVqczIyQAE= for region us-central1
[debug] [2025-02-02T14:13:24.910Z] Checked if tokens are valid: true, expires at: 1738508970616
[debug] [2025-02-02T14:13:24.910Z] Checked if tokens are valid: true, expires at: 1738508970616
[debug] [2025-02-02T14:13:24.910Z] Checked if tokens are valid: true, expires at: 1738508970616
[debug] [2025-02-02T14:13:24.911Z] Checked if tokens are valid: true, expires at: 1738508970616
[debug] [2025-02-02T14:13:24.911Z] Checked if tokens are valid: true, expires at: 1738508970616
[debug] [2025-02-02T14:13:24.911Z] Checked if tokens are valid: true, expires at: 1738508970616
[debug] [2025-02-02T14:13:24.912Z] >>> [apiv2][query] PATCH https://cloudfunctions.googleapis.com/v2/projects/tirigist-comrades/locations/us-central1/functions/onFileUploaded updateMask=name%2CbuildConfig.runtime%2CbuildConfig.entryPoint%2CbuildConfig.source.storageSource.bucket%2CbuildConfig.source.storageSource.object%2CbuildConfig.environmentVariables%2CbuildConfig.sourceToken%2CserviceConfig.environmentVariables%2CserviceConfig.ingressSettings%2CserviceConfig.timeoutSeconds%2CserviceConfig.serviceAccountEmail%2CserviceConfig.availableMemory%2CserviceConfig.minInstanceCount%2CserviceConfig.maxInstanceCount%2CserviceConfig.maxInstanceRequestConcurrency%2CserviceConfig.availableCpu%2CserviceConfig.vpcConnector%2CserviceConfig.vpcConnectorEgressSettings%2Clabels%2CeventTrigger.eventType%2CeventTrigger.retryPolicy%2CeventTrigger.eventFilters%2CeventTrigger.triggerRegion%2CbuildConfig.buildEnvironmentVariables
[debug] [2025-02-02T14:13:24.912Z] >>> [apiv2][body] PATCH https://cloudfunctions.googleapis.com/v2/projects/tirigist-comrades/locations/us-central1/functions/onFileUploaded {"name":"projects/tirigist-comrades/locations/us-central1/functions/onFileUploaded","buildConfig":{"runtime":"nodejs22","entryPoint":"onFileUploaded","source":{"storageSource":{"bucket":"gcf-v2-uploads-480943047907.us-central1.cloudfunctions.appspot.com","object":"7f1cd1d2-8190-47f2-a54b-f15a0399b5ec.zip"}},"environmentVariables":{"GOOGLE_NODE_RUN_SCRIPTS":""},"sourceToken":"Cldwcm9qZWN0cy80ODA5NDMwNDc5MDcvbG9jYXRpb25zL3VzLWNlbnRyYWwxL2J1aWxkcy80NWFmYWZiMi0yYWQ1LTQ4YzctYTc2NS1hNzRlYTBjMmQ1M2YSgQF1cy1jZW50cmFsMS1kb2NrZXIucGtnLmRldi90aXJpZ2lzdC1jb21yYWRlcy9nY2YtYXJ0aWZhY3RzL3RpcmlnaXN0LS1jb21yYWRlc19fdXMtLWNlbnRyYWwxX19vbl91cGxvYWRfZG9jdW1lbnRfY3JlYXRlZDp2ZXJzaW9uXzEY44nC0/8NIlJwcm9qZWN0cy90aXJpZ2lzdC1jb21yYWRlcy9sb2NhdGlvbnMvdXMtY2VudHJhbDEvZnVuY3Rpb25zL29uVXBsb2FkRG9jdW1lbnRDcmVhdGVkKgwIgPv9vAYQ8Pj5/gIyCG5vZGVqczIyOnYKI2djci5pby9nYWUtcnVudGltZXMvbm9kZWpzMjI6c3RhYmxlEk91cy1jZW50cmFsMS1kb2NrZXIucGtnLmRldi9zZXJ2ZXJsZXNzLXJ1bnRpbWVzL2dvb2dsZS0yMi1mdWxsL3J1bnRpbWVzL25vZGVqczIyQAE="},"serviceConfig":{"environmentVariables":{"FIREBASE_CONFIG":"{\"projectId\":\"tirigist-comrades\",\"storageBucket\":\"tirigist-comrades.firebasestorage.app\"}","GCLOUD_PROJECT":"tirigist-comrades","EVENTARC_CLOUD_EVENT_SOURCE":"projects/tirigist-comrades/locations/us-central1/services/onFileUploaded","FUNCTION_SIGNATURE_TYPE":"cloudevent","FUNCTION_TARGET":"onFileUploaded","LOG_EXECUTION_ID":"true"},"ingressSettings":null,"timeoutSeconds":null,"serviceAccountEmail":null,"availableMemory":"256Mi","minInstanceCount":null,"maxInstanceCount":null,"maxInstanceRequestConcurrency":80,"availableCpu":"1","vpcConnector":null,"vpcConnectorEgressSettings":null},"labels":{"deployment-tool":"cli-firebase","firebase-functions-codebase":"tirigist-comrades","firebase-functions-hash":"e1c2db94df2dd073b4cb168a1f1d0df8c91effe0"},"eventTrigger":{"eventType":"google.cloud.storage.object.v1.finalized","retryPolicy":"RETRY_POLICY_DO_NOT_RETRY","eventFilters":[{"attribute":"bucket","value":"tirigist-comrades.firebasestorage.app"}],"triggerRegion":"us-central1"}}
[debug] [2025-02-02T14:13:24.914Z] >>> [apiv2][query] PATCH https://cloudfunctions.googleapis.com/v2/projects/tirigist-comrades/locations/us-central1/functions/onFileDeleted updateMask=name%2CbuildConfig.runtime%2CbuildConfig.entryPoint%2CbuildConfig.source.storageSource.bucket%2CbuildConfig.source.storageSource.object%2CbuildConfig.environmentVariables%2CbuildConfig.sourceToken%2CserviceConfig.environmentVariables%2CserviceConfig.ingressSettings%2CserviceConfig.timeoutSeconds%2CserviceConfig.serviceAccountEmail%2CserviceConfig.availableMemory%2CserviceConfig.minInstanceCount%2CserviceConfig.maxInstanceCount%2CserviceConfig.maxInstanceRequestConcurrency%2CserviceConfig.availableCpu%2CserviceConfig.vpcConnector%2CserviceConfig.vpcConnectorEgressSettings%2Clabels%2CeventTrigger.eventType%2CeventTrigger.retryPolicy%2CeventTrigger.eventFilters%2CeventTrigger.triggerRegion%2CbuildConfig.buildEnvironmentVariables
[debug] [2025-02-02T14:13:24.914Z] >>> [apiv2][body] PATCH https://cloudfunctions.googleapis.com/v2/projects/tirigist-comrades/locations/us-central1/functions/onFileDeleted {"name":"projects/tirigist-comrades/locations/us-central1/functions/onFileDeleted","buildConfig":{"runtime":"nodejs22","entryPoint":"onFileDeleted","source":{"storageSource":{"bucket":"gcf-v2-uploads-480943047907.us-central1.cloudfunctions.appspot.com","object":"7f1cd1d2-8190-47f2-a54b-f15a0399b5ec.zip"}},"environmentVariables":{"GOOGLE_NODE_RUN_SCRIPTS":""},"sourceToken":"Cldwcm9qZWN0cy80ODA5NDMwNDc5MDcvbG9jYXRpb25zL3VzLWNlbnRyYWwxL2J1aWxkcy80NWFmYWZiMi0yYWQ1LTQ4YzctYTc2NS1hNzRlYTBjMmQ1M2YSgQF1cy1jZW50cmFsMS1kb2NrZXIucGtnLmRldi90aXJpZ2lzdC1jb21yYWRlcy9nY2YtYXJ0aWZhY3RzL3RpcmlnaXN0LS1jb21yYWRlc19fdXMtLWNlbnRyYWwxX19vbl91cGxvYWRfZG9jdW1lbnRfY3JlYXRlZDp2ZXJzaW9uXzEY44nC0/8NIlJwcm9qZWN0cy90aXJpZ2lzdC1jb21yYWRlcy9sb2NhdGlvbnMvdXMtY2VudHJhbDEvZnVuY3Rpb25zL29uVXBsb2FkRG9jdW1lbnRDcmVhdGVkKgwIgPv9vAYQ8Pj5/gIyCG5vZGVqczIyOnYKI2djci5pby9nYWUtcnVudGltZXMvbm9kZWpzMjI6c3RhYmxlEk91cy1jZW50cmFsMS1kb2NrZXIucGtnLmRldi9zZXJ2ZXJsZXNzLXJ1bnRpbWVzL2dvb2dsZS0yMi1mdWxsL3J1bnRpbWVzL25vZGVqczIyQAE="},"serviceConfig":{"environmentVariables":{"FIREBASE_CONFIG":"{\"projectId\":\"tirigist-comrades\",\"storageBucket\":\"tirigist-comrades.firebasestorage.app\"}","GCLOUD_PROJECT":"tirigist-comrades","EVENTARC_CLOUD_EVENT_SOURCE":"projects/tirigist-comrades/locations/us-central1/services/onFileDeleted","FUNCTION_SIGNATURE_TYPE":"cloudevent","FUNCTION_TARGET":"onFileDeleted","LOG_EXECUTION_ID":"true"},"ingressSettings":null,"timeoutSeconds":null,"serviceAccountEmail":null,"availableMemory":"256Mi","minInstanceCount":null,"maxInstanceCount":null,"maxInstanceRequestConcurrency":80,"availableCpu":"1","vpcConnector":null,"vpcConnectorEgressSettings":null},"labels":{"deployment-tool":"cli-firebase","firebase-functions-codebase":"tirigist-comrades","firebase-functions-hash":"e1c2db94df2dd073b4cb168a1f1d0df8c91effe0"},"eventTrigger":{"eventType":"google.cloud.storage.object.v1.deleted","retryPolicy":"RETRY_POLICY_DO_NOT_RETRY","eventFilters":[{"attribute":"bucket","value":"tirigist-comrades.firebasestorage.app"}],"triggerRegion":"us-central1"}}
[debug] [2025-02-02T14:13:24.914Z] >>> [apiv2][query] PATCH https://cloudfunctions.googleapis.com/v2/projects/tirigist-comrades/locations/us-central1/functions/onUploadDocumentUpdated updateMask=name%2CbuildConfig.runtime%2CbuildConfig.entryPoint%2CbuildConfig.source.storageSource.bucket%2CbuildConfig.source.storageSource.object%2CbuildConfig.environmentVariables%2CbuildConfig.sourceToken%2CserviceConfig.environmentVariables%2CserviceConfig.ingressSettings%2CserviceConfig.timeoutSeconds%2CserviceConfig.serviceAccountEmail%2CserviceConfig.availableMemory%2CserviceConfig.minInstanceCount%2CserviceConfig.maxInstanceCount%2CserviceConfig.maxInstanceRequestConcurrency%2CserviceConfig.availableCpu%2CserviceConfig.vpcConnector%2CserviceConfig.vpcConnectorEgressSettings%2Clabels%2CeventTrigger.eventType%2CeventTrigger.retryPolicy%2CeventTrigger.eventFilters%2CeventTrigger.triggerRegion%2CbuildConfig.buildEnvironmentVariables
[debug] [2025-02-02T14:13:24.914Z] >>> [apiv2][body] PATCH https://cloudfunctions.googleapis.com/v2/projects/tirigist-comrades/locations/us-central1/functions/onUploadDocumentUpdated {"name":"projects/tirigist-comrades/locations/us-central1/functions/onUploadDocumentUpdated","buildConfig":{"runtime":"nodejs22","entryPoint":"onUploadDocumentUpdated","source":{"storageSource":{"bucket":"gcf-v2-uploads-480943047907.us-central1.cloudfunctions.appspot.com","object":"7f1cd1d2-8190-47f2-a54b-f15a0399b5ec.zip"}},"environmentVariables":{"GOOGLE_NODE_RUN_SCRIPTS":""},"sourceToken":"Cldwcm9qZWN0cy80ODA5NDMwNDc5MDcvbG9jYXRpb25zL3VzLWNlbnRyYWwxL2J1aWxkcy80NWFmYWZiMi0yYWQ1LTQ4YzctYTc2NS1hNzRlYTBjMmQ1M2YSgQF1cy1jZW50cmFsMS1kb2NrZXIucGtnLmRldi90aXJpZ2lzdC1jb21yYWRlcy9nY2YtYXJ0aWZhY3RzL3RpcmlnaXN0LS1jb21yYWRlc19fdXMtLWNlbnRyYWwxX19vbl91cGxvYWRfZG9jdW1lbnRfY3JlYXRlZDp2ZXJzaW9uXzEY44nC0/8NIlJwcm9qZWN0cy90aXJpZ2lzdC1jb21yYWRlcy9sb2NhdGlvbnMvdXMtY2VudHJhbDEvZnVuY3Rpb25zL29uVXBsb2FkRG9jdW1lbnRDcmVhdGVkKgwIgPv9vAYQ8Pj5/gIyCG5vZGVqczIyOnYKI2djci5pby9nYWUtcnVudGltZXMvbm9kZWpzMjI6c3RhYmxlEk91cy1jZW50cmFsMS1kb2NrZXIucGtnLmRldi9zZXJ2ZXJsZXNzLXJ1bnRpbWVzL2dvb2dsZS0yMi1mdWxsL3J1bnRpbWVzL25vZGVqczIyQAE="},"serviceConfig":{"environmentVariables":{"FIREBASE_CONFIG":"{\"projectId\":\"tirigist-comrades\",\"storageBucket\":\"tirigist-comrades.firebasestorage.app\"}","GCLOUD_PROJECT":"tirigist-comrades","EVENTARC_CLOUD_EVENT_SOURCE":"projects/tirigist-comrades/locations/us-central1/services/onUploadDocumentUpdated","FUNCTION_SIGNATURE_TYPE":"cloudevent","FUNCTION_TARGET":"onUploadDocumentUpdated","LOG_EXECUTION_ID":"true"},"ingressSettings":null,"timeoutSeconds":null,"serviceAccountEmail":null,"availableMemory":"256Mi","minInstanceCount":null,"maxInstanceCount":null,"maxInstanceRequestConcurrency":80,"availableCpu":"1","vpcConnector":null,"vpcConnectorEgressSettings":null},"labels":{"deployment-tool":"cli-firebase","firebase-functions-codebase":"tirigist-comrades","firebase-functions-hash":"e1c2db94df2dd073b4cb168a1f1d0df8c91effe0"},"eventTrigger":{"eventType":"google.cloud.firestore.document.v1.updated","retryPolicy":"RETRY_POLICY_DO_NOT_RETRY","eventFilters":[{"attribute":"database","value":"(default)"},{"attribute":"namespace","value":"(default)"},{"attribute":"document","value":"uploads/{documentId}","operator":"match-path-pattern"}],"triggerRegion":"africa-south1"}}
[debug] [2025-02-02T14:13:26.737Z] <<< [apiv2][status] PATCH https://cloudfunctions.googleapis.com/v2/projects/tirigist-comrades/locations/us-central1/functions/onFileDeleted 200
[debug] [2025-02-02T14:13:26.737Z] <<< [apiv2][body] PATCH https://cloudfunctions.googleapis.com/v2/projects/tirigist-comrades/locations/us-central1/functions/onFileDeleted {"name":"projects/tirigist-comrades/locations/us-central1/operations/operation-1738505606077-62d2961171d65-e50fc8a0-3c00ce90","metadata":{"@type":"type.googleapis.com/google.cloud.functions.v2.OperationMetadata","createTime":"2025-02-02T14:13:27.023441193Z","target":"projects/tirigist-comrades/locations/us-central1/functions/onFileDeleted","verb":"update","cancelRequested":false,"apiVersion":"v2"},"done":false}
[debug] [2025-02-02T14:13:26.737Z] Checked if tokens are valid: true, expires at: 1738508970616
[debug] [2025-02-02T14:13:26.737Z] Checked if tokens are valid: true, expires at: 1738508970616
[debug] [2025-02-02T14:13:26.737Z] >>> [apiv2][query] GET https://cloudfunctions.googleapis.com/v2/projects/tirigist-comrades/locations/us-central1/operations/operation-1738505606077-62d2961171d65-e50fc8a0-3c00ce90 [none]
[debug] [2025-02-02T14:13:26.809Z] <<< [apiv2][status] PATCH https://cloudfunctions.googleapis.com/v2/projects/tirigist-comrades/locations/us-central1/functions/onFileUploaded 200
[debug] [2025-02-02T14:13:26.809Z] <<< [apiv2][body] PATCH https://cloudfunctions.googleapis.com/v2/projects/tirigist-comrades/locations/us-central1/functions/onFileUploaded {"name":"projects/tirigist-comrades/locations/us-central1/operations/operation-1738505606108-62d296117947c-694ea6b9-65f2e458","metadata":{"@type":"type.googleapis.com/google.cloud.functions.v2.OperationMetadata","createTime":"2025-02-02T14:13:27.114756830Z","target":"projects/tirigist-comrades/locations/us-central1/functions/onFileUploaded","verb":"update","cancelRequested":false,"apiVersion":"v2"},"done":false}
[debug] [2025-02-02T14:13:26.810Z] Checked if tokens are valid: true, expires at: 1738508970616
[debug] [2025-02-02T14:13:26.810Z] Checked if tokens are valid: true, expires at: 1738508970616
[debug] [2025-02-02T14:13:26.810Z] >>> [apiv2][query] GET https://cloudfunctions.googleapis.com/v2/projects/tirigist-comrades/locations/us-central1/operations/operation-1738505606108-62d296117947c-694ea6b9-65f2e458 [none]
[debug] [2025-02-02T14:13:27.557Z] <<< [apiv2][status] GET https://cloudfunctions.googleapis.com/v2/projects/tirigist-comrades/locations/us-central1/operations/operation-1738505606077-62d2961171d65-e50fc8a0-3c00ce90 200
[debug] [2025-02-02T14:13:27.557Z] <<< [apiv2][body] GET https://cloudfunctions.googleapis.com/v2/projects/tirigist-comrades/locations/us-central1/operations/operation-1738505606077-62d2961171d65-e50fc8a0-3c00ce90 {"name":"projects/tirigist-comrades/locations/us-central1/operations/operation-1738505606077-62d2961171d65-e50fc8a0-3c00ce90","metadata":{"@type":"type.googleapis.com/google.cloud.functions.v2.OperationMetadata","createTime":"2025-02-02T14:13:27.023441193Z","target":"projects/tirigist-comrades/locations/us-central1/functions/onFileDeleted","verb":"update","cancelRequested":false,"apiVersion":"v2","requestResource":{"@type":"type.googleapis.com/google.cloud.functions.v2.Function","name":"projects/tirigist-comrades/locations/us-central1/functions/onFileDeleted","buildConfig":{"runtime":"nodejs22","entryPoint":"onFileDeleted","source":{"storageSource":{"bucket":"gcf-v2-sources-480943047907-us-central1","object":"onFileDeleted/function-source.zip","generation":"1738505606955355"}},"environmentVariables":{"GOOGLE_NODE_RUN_SCRIPTS":""},"dockerRepository":"projects/tirigist-comrades/locations/us-central1/repositories/gcf-artifacts","sourceProvenance":{"resolvedStorageSource":{"bucket":"gcf-v2-sources-480943047907-us-central1","object":"onFileDeleted/function-source.zip","generation":"1738497081517918"}},"dockerRegistry":"ARTIFACT_REGISTRY","sourceToken":"Cldwcm9qZWN0cy80ODA5NDMwNDc5MDcvbG9jYXRpb25zL3VzLWNlbnRyYWwxL2J1aWxkcy80NWFmYWZiMi0yYWQ1LTQ4YzctYTc2NS1hNzRlYTBjMmQ1M2YSgQF1cy1jZW50cmFsMS1kb2NrZXIucGtnLmRldi90aXJpZ2lzdC1jb21yYWRlcy9nY2YtYXJ0aWZhY3RzL3RpcmlnaXN0LS1jb21yYWRlc19fdXMtLWNlbnRyYWwxX19vbl91cGxvYWRfZG9jdW1lbnRfY3JlYXRlZDp2ZXJzaW9uXzEY44nC0/8NIlJwcm9qZWN0cy90aXJpZ2lzdC1jb21yYWRlcy9sb2NhdGlvbnMvdXMtY2VudHJhbDEvZnVuY3Rpb25zL29uVXBsb2FkRG9jdW1lbnRDcmVhdGVkKgwIgPv9vAYQ8Pj5/gIyCG5vZGVqczIyOnYKI2djci5pby9nYWUtcnVudGltZXMvbm9kZWpzMjI6c3RhYmxlEk91cy1jZW50cmFsMS1kb2NrZXIucGtnLmRldi9zZXJ2ZXJsZXNzLXJ1bnRpbWVzL2dvb2dsZS0yMi1mdWxsL3J1bnRpbWVzL25vZGVqczIyQAE=","serviceAccount":"projects/tirigist-comrades/serviceAccounts/480943047907-compute@developer.gserviceaccount.com","automaticUpdatePolicy":{}},"serviceConfig":{"service":"projects/tirigist-comrades/locations/us-central1/services/onfiledeleted","timeoutSeconds":60,"environmentVariables":{"FIREBASE_CONFIG":"{\"projectId\":\"tirigist-comrades\",\"storageBucket\":\"tirigist-comrades.firebasestorage.app\"}","GCLOUD_PROJECT":"tirigist-comrades","EVENTARC_CLOUD_EVENT_SOURCE":"projects/tirigist-comrades/locations/us-central1/services/onFileDeleted","FUNCTION_SIGNATURE_TYPE":"cloudevent","FUNCTION_TARGET":"onFileDeleted","LOG_EXECUTION_ID":"true"},"ingressSettings":"ALLOW_ALL","uri":"https://onfiledeleted-6nlgdij53q-uc.a.run.app","serviceAccountEmail":"480943047907-compute@developer.gserviceaccount.com","availableMemory":"256Mi","allTrafficOnLatestRevision":true,"revision":"onfiledeleted-00019-top","maxInstanceRequestConcurrency":80,"availableCpu":"1"},"eventTrigger":{"trigger":"projects/tirigist-comrades/locations/us-central1/triggers/onfiledeleted-833919","triggerRegion":"us-central1","eventType":"google.cloud.storage.object.v1.deleted","eventFilters":[{"attribute":"bucket","value":"tirigist-comrades.firebasestorage.app"}],"pubsubTopic":"projects/tirigist-comrades/topics/eventarc-us-central1-onfiledeleted-833919-407","serviceAccountEmail":"480943047907-compute@developer.gserviceaccount.com","retryPolicy":"RETRY_POLICY_DO_NOT_RETRY"},"state":"ACTIVE","labels":{"deployment-tool":"cli-firebase","firebase-functions-codebase":"tirigist-comrades","firebase-functions-hash":"e1c2db94df2dd073b4cb168a1f1d0df8c91effe0"},"environment":"GEN_2","url":"https://us-central1-tirigist-comrades.cloudfunctions.net/onFileDeleted"},"stages":[{"name":"BUILD","message":"Reusing build","state":"COMPLETE","resource":"projects/480943047907/locations/us-central1/builds/45afafb2-2ad5-48c7-a765-a74ea0c2d53f"},{"name":"SERVICE","message":"Updating Cloud Run service","state":"IN_PROGRESS","resource":"projects/tirigist-comrades/locations/us-central1/services/onfiledeleted","resourceUri":"https://console.cloud.google.com/run/detail/us-central1/onfiledeleted?project=tirigist-comrades","stateMessages":[{"severity":"INFO","type":"CloudRunServiceNewRevisionTrafficInfo","message":"A new revision will be deployed serving with 100% traffic."}]},{"name":"TRIGGER","state":"NOT_STARTED"}],"sourceToken":"Cldwcm9qZWN0cy80ODA5NDMwNDc5MDcvbG9jYXRpb25zL3VzLWNlbnRyYWwxL2J1aWxkcy80NWFmYWZiMi0yYWQ1LTQ4YzctYTc2NS1hNzRlYTBjMmQ1M2YSgQF1cy1jZW50cmFsMS1kb2NrZXIucGtnLmRldi90aXJpZ2lzdC1jb21yYWRlcy9nY2YtYXJ0aWZhY3RzL3RpcmlnaXN0LS1jb21yYWRlc19fdXMtLWNlbnRyYWwxX19vbl91cGxvYWRfZG9jdW1lbnRfY3JlYXRlZDp2ZXJzaW9uXzEY44nC0/8NIlJwcm9qZWN0cy90aXJpZ2lzdC1jb21yYWRlcy9sb2NhdGlvbnMvdXMtY2VudHJhbDEvZnVuY3Rpb25zL29uVXBsb2FkRG9jdW1lbnRDcmVhdGVkKgwIgPv9vAYQ8Pj5/gIyCG5vZGVqczIyOnYKI2djci5pby9nYWUtcnVudGltZXMvbm9kZWpzMjI6c3RhYmxlEk91cy1jZW50cmFsMS1kb2NrZXIucGtnLmRldi9zZXJ2ZXJsZXNzLXJ1bnRpbWVzL2dvb2dsZS0yMi1mdWxsL3J1bnRpbWVzL25vZGVqczIyQAE=","operationType":"UPDATE_FUNCTION","buildName":"projects/480943047907/locations/us-central1/builds/45afafb2-2ad5-48c7-a765-a74ea0c2d53f"},"done":false}
[debug] [2025-02-02T14:13:27.557Z] Got source token Cldwcm9qZWN0cy80ODA5NDMwNDc5MDcvbG9jYXRpb25zL3VzLWNlbnRyYWwxL2J1aWxkcy80NWFmYWZiMi0yYWQ1LTQ4YzctYTc2NS1hNzRlYTBjMmQ1M2YSgQF1cy1jZW50cmFsMS1kb2NrZXIucGtnLmRldi90aXJpZ2lzdC1jb21yYWRlcy9nY2YtYXJ0aWZhY3RzL3RpcmlnaXN0LS1jb21yYWRlc19fdXMtLWNlbnRyYWwxX19vbl91cGxvYWRfZG9jdW1lbnRfY3JlYXRlZDp2ZXJzaW9uXzEY44nC0/8NIlJwcm9qZWN0cy90aXJpZ2lzdC1jb21yYWRlcy9sb2NhdGlvbnMvdXMtY2VudHJhbDEvZnVuY3Rpb25zL29uVXBsb2FkRG9jdW1lbnRDcmVhdGVkKgwIgPv9vAYQ8Pj5/gIyCG5vZGVqczIyOnYKI2djci5pby9nYWUtcnVudGltZXMvbm9kZWpzMjI6c3RhYmxlEk91cy1jZW50cmFsMS1kb2NrZXIucGtnLmRldi9zZXJ2ZXJsZXNzLXJ1bnRpbWVzL2dvb2dsZS0yMi1mdWxsL3J1bnRpbWVzL25vZGVqczIyQAE= for region us-central1
[debug] [2025-02-02T14:13:27.668Z] <<< [apiv2][status] GET https://cloudfunctions.googleapis.com/v2/projects/tirigist-comrades/locations/us-central1/operations/operation-1738505606108-62d296117947c-694ea6b9-65f2e458 200
[debug] [2025-02-02T14:13:27.668Z] <<< [apiv2][body] GET https://cloudfunctions.googleapis.com/v2/projects/tirigist-comrades/locations/us-central1/operations/operation-1738505606108-62d296117947c-694ea6b9-65f2e458 {"name":"projects/tirigist-comrades/locations/us-central1/operations/operation-1738505606108-62d296117947c-694ea6b9-65f2e458","metadata":{"@type":"type.googleapis.com/google.cloud.functions.v2.OperationMetadata","createTime":"2025-02-02T14:13:27.114756830Z","target":"projects/tirigist-comrades/locations/us-central1/functions/onFileUploaded","verb":"update","cancelRequested":false,"apiVersion":"v2","requestResource":{"@type":"type.googleapis.com/google.cloud.functions.v2.Function","name":"projects/tirigist-comrades/locations/us-central1/functions/onFileUploaded","buildConfig":{"runtime":"nodejs22","entryPoint":"onFileUploaded","source":{"storageSource":{"bucket":"gcf-v2-sources-480943047907-us-central1","object":"onFileUploaded/function-source.zip","generation":"1738505607063938"}},"environmentVariables":{"GOOGLE_NODE_RUN_SCRIPTS":""},"dockerRepository":"projects/tirigist-comrades/locations/us-central1/repositories/gcf-artifacts","sourceProvenance":{"resolvedStorageSource":{"bucket":"gcf-v2-sources-480943047907-us-central1","object":"onFileUploaded/function-source.zip","generation":"1738497081376130"}},"dockerRegistry":"ARTIFACT_REGISTRY","sourceToken":"Cldwcm9qZWN0cy80ODA5NDMwNDc5MDcvbG9jYXRpb25zL3VzLWNlbnRyYWwxL2J1aWxkcy80NWFmYWZiMi0yYWQ1LTQ4YzctYTc2NS1hNzRlYTBjMmQ1M2YSgQF1cy1jZW50cmFsMS1kb2NrZXIucGtnLmRldi90aXJpZ2lzdC1jb21yYWRlcy9nY2YtYXJ0aWZhY3RzL3RpcmlnaXN0LS1jb21yYWRlc19fdXMtLWNlbnRyYWwxX19vbl91cGxvYWRfZG9jdW1lbnRfY3JlYXRlZDp2ZXJzaW9uXzEY44nC0/8NIlJwcm9qZWN0cy90aXJpZ2lzdC1jb21yYWRlcy9sb2NhdGlvbnMvdXMtY2VudHJhbDEvZnVuY3Rpb25zL29uVXBsb2FkRG9jdW1lbnRDcmVhdGVkKgwIgPv9vAYQ8Pj5/gIyCG5vZGVqczIyOnYKI2djci5pby9nYWUtcnVudGltZXMvbm9kZWpzMjI6c3RhYmxlEk91cy1jZW50cmFsMS1kb2NrZXIucGtnLmRldi9zZXJ2ZXJsZXNzLXJ1bnRpbWVzL2dvb2dsZS0yMi1mdWxsL3J1bnRpbWVzL25vZGVqczIyQAE=","serviceAccount":"projects/tirigist-comrades/serviceAccounts/480943047907-compute@developer.gserviceaccount.com","automaticUpdatePolicy":{}},"serviceConfig":{"service":"projects/tirigist-comrades/locations/us-central1/services/onfileuploaded","timeoutSeconds":60,"environmentVariables":{"FIREBASE_CONFIG":"{\"projectId\":\"tirigist-comrades\",\"storageBucket\":\"tirigist-comrades.firebasestorage.app\"}","GCLOUD_PROJECT":"tirigist-comrades","EVENTARC_CLOUD_EVENT_SOURCE":"projects/tirigist-comrades/locations/us-central1/services/onFileUploaded","FUNCTION_SIGNATURE_TYPE":"cloudevent","FUNCTION_TARGET":"onFileUploaded","LOG_EXECUTION_ID":"true"},"ingressSettings":"ALLOW_ALL","uri":"https://onfileuploaded-6nlgdij53q-uc.a.run.app","serviceAccountEmail":"480943047907-compute@developer.gserviceaccount.com","availableMemory":"256Mi","allTrafficOnLatestRevision":true,"revision":"onfileuploaded-00019-fey","maxInstanceRequestConcurrency":80,"availableCpu":"1"},"eventTrigger":{"trigger":"projects/tirigist-comrades/locations/us-central1/triggers/onfileuploaded-072624","triggerRegion":"us-central1","eventType":"google.cloud.storage.object.v1.finalized","eventFilters":[{"attribute":"bucket","value":"tirigist-comrades.firebasestorage.app"}],"pubsubTopic":"projects/tirigist-comrades/topics/eventarc-us-central1-onfileuploaded-072624-688","serviceAccountEmail":"480943047907-compute@developer.gserviceaccount.com","retryPolicy":"RETRY_POLICY_DO_NOT_RETRY"},"state":"ACTIVE","labels":{"deployment-tool":"cli-firebase","firebase-functions-codebase":"tirigist-comrades","firebase-functions-hash":"e1c2db94df2dd073b4cb168a1f1d0df8c91effe0"},"environment":"GEN_2","url":"https://us-central1-tirigist-comrades.cloudfunctions.net/onFileUploaded"},"stages":[{"name":"BUILD","message":"Reusing build","state":"COMPLETE","resource":"projects/480943047907/locations/us-central1/builds/45afafb2-2ad5-48c7-a765-a74ea0c2d53f"},{"name":"SERVICE","message":"Updating Cloud Run service","state":"IN_PROGRESS","resource":"projects/tirigist-comrades/locations/us-central1/services/onfileuploaded","resourceUri":"https://console.cloud.google.com/run/detail/us-central1/onfileuploaded?project=tirigist-comrades","stateMessages":[{"severity":"INFO","type":"CloudRunServiceNewRevisionTrafficInfo","message":"A new revision will be deployed serving with 100% traffic."}]},{"name":"TRIGGER","state":"NOT_STARTED"}],"sourceToken":"Cldwcm9qZWN0cy80ODA5NDMwNDc5MDcvbG9jYXRpb25zL3VzLWNlbnRyYWwxL2J1aWxkcy80NWFmYWZiMi0yYWQ1LTQ4YzctYTc2NS1hNzRlYTBjMmQ1M2YSgQF1cy1jZW50cmFsMS1kb2NrZXIucGtnLmRldi90aXJpZ2lzdC1jb21yYWRlcy9nY2YtYXJ0aWZhY3RzL3RpcmlnaXN0LS1jb21yYWRlc19fdXMtLWNlbnRyYWwxX19vbl91cGxvYWRfZG9jdW1lbnRfY3JlYXRlZDp2ZXJzaW9uXzEY44nC0/8NIlJwcm9qZWN0cy90aXJpZ2lzdC1jb21yYWRlcy9sb2NhdGlvbnMvdXMtY2VudHJhbDEvZnVuY3Rpb25zL29uVXBsb2FkRG9jdW1lbnRDcmVhdGVkKgwIgPv9vAYQ8Pj5/gIyCG5vZGVqczIyOnYKI2djci5pby9nYWUtcnVudGltZXMvbm9kZWpzMjI6c3RhYmxlEk91cy1jZW50cmFsMS1kb2NrZXIucGtnLmRldi9zZXJ2ZXJsZXNzLXJ1bnRpbWVzL2dvb2dsZS0yMi1mdWxsL3J1bnRpbWVzL25vZGVqczIyQAE=","operationType":"UPDATE_FUNCTION","buildName":"projects/480943047907/locations/us-central1/builds/45afafb2-2ad5-48c7-a765-a74ea0c2d53f"},"done":false}
[debug] [2025-02-02T14:13:27.668Z] Got source token Cldwcm9qZWN0cy80ODA5NDMwNDc5MDcvbG9jYXRpb25zL3VzLWNlbnRyYWwxL2J1aWxkcy80NWFmYWZiMi0yYWQ1LTQ4YzctYTc2NS1hNzRlYTBjMmQ1M2YSgQF1cy1jZW50cmFsMS1kb2NrZXIucGtnLmRldi90aXJpZ2lzdC1jb21yYWRlcy9nY2YtYXJ0aWZhY3RzL3RpcmlnaXN0LS1jb21yYWRlc19fdXMtLWNlbnRyYWwxX19vbl91cGxvYWRfZG9jdW1lbnRfY3JlYXRlZDp2ZXJzaW9uXzEY44nC0/8NIlJwcm9qZWN0cy90aXJpZ2lzdC1jb21yYWRlcy9sb2NhdGlvbnMvdXMtY2VudHJhbDEvZnVuY3Rpb25zL29uVXBsb2FkRG9jdW1lbnRDcmVhdGVkKgwIgPv9vAYQ8Pj5/gIyCG5vZGVqczIyOnYKI2djci5pby9nYWUtcnVudGltZXMvbm9kZWpzMjI6c3RhYmxlEk91cy1jZW50cmFsMS1kb2NrZXIucGtnLmRldi9zZXJ2ZXJsZXNzLXJ1bnRpbWVzL2dvb2dsZS0yMi1mdWxsL3J1bnRpbWVzL25vZGVqczIyQAE= for region us-central1
[debug] [2025-02-02T14:13:28.062Z] [update-tirigist-comrades-us-central1-onFileDeleted] Retrying task index 0
[debug] [2025-02-02T14:13:28.063Z] Checked if tokens are valid: true, expires at: 1738508970616
[debug] [2025-02-02T14:13:28.063Z] Checked if tokens are valid: true, expires at: 1738508970616
[debug] [2025-02-02T14:13:28.063Z] >>> [apiv2][query] GET https://cloudfunctions.googleapis.com/v2/projects/tirigist-comrades/locations/us-central1/operations/operation-1738505606077-62d2961171d65-e50fc8a0-3c00ce90 [none]
[debug] [2025-02-02T14:13:28.172Z] [update-tirigist-comrades-us-central1-onFileUploaded] Retrying task index 0
[debug] [2025-02-02T14:13:28.173Z] Checked if tokens are valid: true, expires at: 1738508970616
[debug] [2025-02-02T14:13:28.173Z] Checked if tokens are valid: true, expires at: 1738508970616
[debug] [2025-02-02T14:13:28.173Z] >>> [apiv2][query] GET https://cloudfunctions.googleapis.com/v2/projects/tirigist-comrades/locations/us-central1/operations/operation-1738505606108-62d296117947c-694ea6b9-65f2e458 [none]
[debug] [2025-02-02T14:13:28.390Z] <<< [apiv2][status] PATCH https://cloudfunctions.googleapis.com/v2/projects/tirigist-comrades/locations/us-central1/functions/onUploadDocumentUpdated 200
[debug] [2025-02-02T14:13:28.390Z] <<< [apiv2][body] PATCH https://cloudfunctions.googleapis.com/v2/projects/tirigist-comrades/locations/us-central1/functions/onUploadDocumentUpdated {"name":"projects/tirigist-comrades/locations/us-central1/operations/operation-1738505606287-62d29611a5201-abad674f-0769fe1b","metadata":{"@type":"type.googleapis.com/google.cloud.functions.v2.OperationMetadata","createTime":"2025-02-02T14:13:28.703332771Z","target":"projects/tirigist-comrades/locations/us-central1/functions/onUploadDocumentUpdated","verb":"update","cancelRequested":false,"apiVersion":"v2"},"done":false}
[debug] [2025-02-02T14:13:28.390Z] Checked if tokens are valid: true, expires at: 1738508970616
[debug] [2025-02-02T14:13:28.390Z] Checked if tokens are valid: true, expires at: 1738508970616
[debug] [2025-02-02T14:13:28.391Z] >>> [apiv2][query] GET https://cloudfunctions.googleapis.com/v2/projects/tirigist-comrades/locations/us-central1/operations/operation-1738505606287-62d29611a5201-abad674f-0769fe1b [none]
[debug] [2025-02-02T14:13:28.913Z] <<< [apiv2][status] GET https://cloudfunctions.googleapis.com/v2/projects/tirigist-comrades/locations/us-central1/operations/operation-1738505606077-62d2961171d65-e50fc8a0-3c00ce90 200
[debug] [2025-02-02T14:13:28.913Z] <<< [apiv2][body] GET https://cloudfunctions.googleapis.com/v2/projects/tirigist-comrades/locations/us-central1/operations/operation-1738505606077-62d2961171d65-e50fc8a0-3c00ce90 {"name":"projects/tirigist-comrades/locations/us-central1/operations/operation-1738505606077-62d2961171d65-e50fc8a0-3c00ce90","metadata":{"@type":"type.googleapis.com/google.cloud.functions.v2.OperationMetadata","createTime":"2025-02-02T14:13:27.023441193Z","target":"projects/tirigist-comrades/locations/us-central1/functions/onFileDeleted","verb":"update","cancelRequested":false,"apiVersion":"v2","requestResource":{"@type":"type.googleapis.com/google.cloud.functions.v2.Function","name":"projects/tirigist-comrades/locations/us-central1/functions/onFileDeleted","buildConfig":{"runtime":"nodejs22","entryPoint":"onFileDeleted","source":{"storageSource":{"bucket":"gcf-v2-sources-480943047907-us-central1","object":"onFileDeleted/function-source.zip","generation":"1738505606955355"}},"environmentVariables":{"GOOGLE_NODE_RUN_SCRIPTS":""},"dockerRepository":"projects/tirigist-comrades/locations/us-central1/repositories/gcf-artifacts","sourceProvenance":{"resolvedStorageSource":{"bucket":"gcf-v2-sources-480943047907-us-central1","object":"onFileDeleted/function-source.zip","generation":"1738497081517918"}},"dockerRegistry":"ARTIFACT_REGISTRY","sourceToken":"Cldwcm9qZWN0cy80ODA5NDMwNDc5MDcvbG9jYXRpb25zL3VzLWNlbnRyYWwxL2J1aWxkcy80NWFmYWZiMi0yYWQ1LTQ4YzctYTc2NS1hNzRlYTBjMmQ1M2YSgQF1cy1jZW50cmFsMS1kb2NrZXIucGtnLmRldi90aXJpZ2lzdC1jb21yYWRlcy9nY2YtYXJ0aWZhY3RzL3RpcmlnaXN0LS1jb21yYWRlc19fdXMtLWNlbnRyYWwxX19vbl91cGxvYWRfZG9jdW1lbnRfY3JlYXRlZDp2ZXJzaW9uXzEY44nC0/8NIlJwcm9qZWN0cy90aXJpZ2lzdC1jb21yYWRlcy9sb2NhdGlvbnMvdXMtY2VudHJhbDEvZnVuY3Rpb25zL29uVXBsb2FkRG9jdW1lbnRDcmVhdGVkKgwIgPv9vAYQ8Pj5/gIyCG5vZGVqczIyOnYKI2djci5pby9nYWUtcnVudGltZXMvbm9kZWpzMjI6c3RhYmxlEk91cy1jZW50cmFsMS1kb2NrZXIucGtnLmRldi9zZXJ2ZXJsZXNzLXJ1bnRpbWVzL2dvb2dsZS0yMi1mdWxsL3J1bnRpbWVzL25vZGVqczIyQAE=","serviceAccount":"projects/tirigist-comrades/serviceAccounts/480943047907-compute@developer.gserviceaccount.com","automaticUpdatePolicy":{}},"serviceConfig":{"service":"projects/tirigist-comrades/locations/us-central1/services/onfiledeleted","timeoutSeconds":60,"environmentVariables":{"FIREBASE_CONFIG":"{\"projectId\":\"tirigist-comrades\",\"storageBucket\":\"tirigist-comrades.firebasestorage.app\"}","GCLOUD_PROJECT":"tirigist-comrades","EVENTARC_CLOUD_EVENT_SOURCE":"projects/tirigist-comrades/locations/us-central1/services/onFileDeleted","FUNCTION_SIGNATURE_TYPE":"cloudevent","FUNCTION_TARGET":"onFileDeleted","LOG_EXECUTION_ID":"true"},"ingressSettings":"ALLOW_ALL","uri":"https://onfiledeleted-6nlgdij53q-uc.a.run.app","serviceAccountEmail":"480943047907-compute@developer.gserviceaccount.com","availableMemory":"256Mi","allTrafficOnLatestRevision":true,"revision":"onfiledeleted-00019-top","maxInstanceRequestConcurrency":80,"availableCpu":"1"},"eventTrigger":{"trigger":"projects/tirigist-comrades/locations/us-central1/triggers/onfiledeleted-833919","triggerRegion":"us-central1","eventType":"google.cloud.storage.object.v1.deleted","eventFilters":[{"attribute":"bucket","value":"tirigist-comrades.firebasestorage.app"}],"pubsubTopic":"projects/tirigist-comrades/topics/eventarc-us-central1-onfiledeleted-833919-407","serviceAccountEmail":"480943047907-compute@developer.gserviceaccount.com","retryPolicy":"RETRY_POLICY_DO_NOT_RETRY"},"state":"ACTIVE","labels":{"deployment-tool":"cli-firebase","firebase-functions-codebase":"tirigist-comrades","firebase-functions-hash":"e1c2db94df2dd073b4cb168a1f1d0df8c91effe0"},"environment":"GEN_2","url":"https://us-central1-tirigist-comrades.cloudfunctions.net/onFileDeleted"},"stages":[{"name":"BUILD","message":"Reusing build","state":"COMPLETE","resource":"projects/480943047907/locations/us-central1/builds/45afafb2-2ad5-48c7-a765-a74ea0c2d53f"},{"name":"SERVICE","message":"Updating Cloud Run service","state":"IN_PROGRESS","resource":"projects/tirigist-comrades/locations/us-central1/services/onfiledeleted","resourceUri":"https://console.cloud.google.com/run/detail/us-central1/onfiledeleted?project=tirigist-comrades","stateMessages":[{"severity":"INFO","type":"CloudRunServiceNewRevisionTrafficInfo","message":"A new revision will be deployed serving with 100% traffic."}]},{"name":"TRIGGER","state":"NOT_STARTED"}],"sourceToken":"Cldwcm9qZWN0cy80ODA5NDMwNDc5MDcvbG9jYXRpb25zL3VzLWNlbnRyYWwxL2J1aWxkcy80NWFmYWZiMi0yYWQ1LTQ4YzctYTc2NS1hNzRlYTBjMmQ1M2YSgQF1cy1jZW50cmFsMS1kb2NrZXIucGtnLmRldi90aXJpZ2lzdC1jb21yYWRlcy9nY2YtYXJ0aWZhY3RzL3RpcmlnaXN0LS1jb21yYWRlc19fdXMtLWNlbnRyYWwxX19vbl91cGxvYWRfZG9jdW1lbnRfY3JlYXRlZDp2ZXJzaW9uXzEY44nC0/8NIlJwcm9qZWN0cy90aXJpZ2lzdC1jb21yYWRlcy9sb2NhdGlvbnMvdXMtY2VudHJhbDEvZnVuY3Rpb25zL29uVXBsb2FkRG9jdW1lbnRDcmVhdGVkKgwIgPv9vAYQ8Pj5/gIyCG5vZGVqczIyOnYKI2djci5pby9nYWUtcnVudGltZXMvbm9kZWpzMjI6c3RhYmxlEk91cy1jZW50cmFsMS1kb2NrZXIucGtnLmRldi9zZXJ2ZXJsZXNzLXJ1bnRpbWVzL2dvb2dsZS0yMi1mdWxsL3J1bnRpbWVzL25vZGVqczIyQAE=","operationType":"UPDATE_FUNCTION","buildName":"projects/480943047907/locations/us-central1/builds/45afafb2-2ad5-48c7-a765-a74ea0c2d53f"},"done":false}
[debug] [2025-02-02T14:13:28.914Z] Got source token Cldwcm9qZWN0cy80ODA5NDMwNDc5MDcvbG9jYXRpb25zL3VzLWNlbnRyYWwxL2J1aWxkcy80NWFmYWZiMi0yYWQ1LTQ4YzctYTc2NS1hNzRlYTBjMmQ1M2YSgQF1cy1jZW50cmFsMS1kb2NrZXIucGtnLmRldi90aXJpZ2lzdC1jb21yYWRlcy9nY2YtYXJ0aWZhY3RzL3RpcmlnaXN0LS1jb21yYWRlc19fdXMtLWNlbnRyYWwxX19vbl91cGxvYWRfZG9jdW1lbnRfY3JlYXRlZDp2ZXJzaW9uXzEY44nC0/8NIlJwcm9qZWN0cy90aXJpZ2lzdC1jb21yYWRlcy9sb2NhdGlvbnMvdXMtY2VudHJhbDEvZnVuY3Rpb25zL29uVXBsb2FkRG9jdW1lbnRDcmVhdGVkKgwIgPv9vAYQ8Pj5/gIyCG5vZGVqczIyOnYKI2djci5pby9nYWUtcnVudGltZXMvbm9kZWpzMjI6c3RhYmxlEk91cy1jZW50cmFsMS1kb2NrZXIucGtnLmRldi9zZXJ2ZXJsZXNzLXJ1bnRpbWVzL2dvb2dsZS0yMi1mdWxsL3J1bnRpbWVzL25vZGVqczIyQAE= for region us-central1
[debug] [2025-02-02T14:13:28.977Z] <<< [apiv2][status] GET https://cloudfunctions.googleapis.com/v2/projects/tirigist-comrades/locations/us-central1/operations/operation-1738505606108-62d296117947c-694ea6b9-65f2e458 200
[debug] [2025-02-02T14:13:28.977Z] <<< [apiv2][body] GET https://cloudfunctions.googleapis.com/v2/projects/tirigist-comrades/locations/us-central1/operations/operation-1738505606108-62d296117947c-694ea6b9-65f2e458 {"name":"projects/tirigist-comrades/locations/us-central1/operations/operation-1738505606108-62d296117947c-694ea6b9-65f2e458","metadata":{"@type":"type.googleapis.com/google.cloud.functions.v2.OperationMetadata","createTime":"2025-02-02T14:13:27.114756830Z","target":"projects/tirigist-comrades/locations/us-central1/functions/onFileUploaded","verb":"update","cancelRequested":false,"apiVersion":"v2","requestResource":{"@type":"type.googleapis.com/google.cloud.functions.v2.Function","name":"projects/tirigist-comrades/locations/us-central1/functions/onFileUploaded","buildConfig":{"runtime":"nodejs22","entryPoint":"onFileUploaded","source":{"storageSource":{"bucket":"gcf-v2-sources-480943047907-us-central1","object":"onFileUploaded/function-source.zip","generation":"1738505607063938"}},"environmentVariables":{"GOOGLE_NODE_RUN_SCRIPTS":""},"dockerRepository":"projects/tirigist-comrades/locations/us-central1/repositories/gcf-artifacts","sourceProvenance":{"resolvedStorageSource":{"bucket":"gcf-v2-sources-480943047907-us-central1","object":"onFileUploaded/function-source.zip","generation":"1738497081376130"}},"dockerRegistry":"ARTIFACT_REGISTRY","sourceToken":"Cldwcm9qZWN0cy80ODA5NDMwNDc5MDcvbG9jYXRpb25zL3VzLWNlbnRyYWwxL2J1aWxkcy80NWFmYWZiMi0yYWQ1LTQ4YzctYTc2NS1hNzRlYTBjMmQ1M2YSgQF1cy1jZW50cmFsMS1kb2NrZXIucGtnLmRldi90aXJpZ2lzdC1jb21yYWRlcy9nY2YtYXJ0aWZhY3RzL3RpcmlnaXN0LS1jb21yYWRlc19fdXMtLWNlbnRyYWwxX19vbl91cGxvYWRfZG9jdW1lbnRfY3JlYXRlZDp2ZXJzaW9uXzEY44nC0/8NIlJwcm9qZWN0cy90aXJpZ2lzdC1jb21yYWRlcy9sb2NhdGlvbnMvdXMtY2VudHJhbDEvZnVuY3Rpb25zL29uVXBsb2FkRG9jdW1lbnRDcmVhdGVkKgwIgPv9vAYQ8Pj5/gIyCG5vZGVqczIyOnYKI2djci5pby9nYWUtcnVudGltZXMvbm9kZWpzMjI6c3RhYmxlEk91cy1jZW50cmFsMS1kb2NrZXIucGtnLmRldi9zZXJ2ZXJsZXNzLXJ1bnRpbWVzL2dvb2dsZS0yMi1mdWxsL3J1bnRpbWVzL25vZGVqczIyQAE=","serviceAccount":"projects/tirigist-comrades/serviceAccounts/480943047907-compute@developer.gserviceaccount.com","automaticUpdatePolicy":{}},"serviceConfig":{"service":"projects/tirigist-comrades/locations/us-central1/services/onfileuploaded","timeoutSeconds":60,"environmentVariables":{"FIREBASE_CONFIG":"{\"projectId\":\"tirigist-comrades\",\"storageBucket\":\"tirigist-comrades.firebasestorage.app\"}","GCLOUD_PROJECT":"tirigist-comrades","EVENTARC_CLOUD_EVENT_SOURCE":"projects/tirigist-comrades/locations/us-central1/services/onFileUploaded","FUNCTION_SIGNATURE_TYPE":"cloudevent","FUNCTION_TARGET":"onFileUploaded","LOG_EXECUTION_ID":"true"},"ingressSettings":"ALLOW_ALL","uri":"https://onfileuploaded-6nlgdij53q-uc.a.run.app","serviceAccountEmail":"480943047907-compute@developer.gserviceaccount.com","availableMemory":"256Mi","allTrafficOnLatestRevision":true,"revision":"onfileuploaded-00019-fey","maxInstanceRequestConcurrency":80,"availableCpu":"1"},"eventTrigger":{"trigger":"projects/tirigist-comrades/locations/us-central1/triggers/onfileuploaded-072624","triggerRegion":"us-central1","eventType":"google.cloud.storage.object.v1.finalized","eventFilters":[{"attribute":"bucket","value":"tirigist-comrades.firebasestorage.app"}],"pubsubTopic":"projects/tirigist-comrades/topics/eventarc-us-central1-onfileuploaded-072624-688","serviceAccountEmail":"480943047907-compute@developer.gserviceaccount.com","retryPolicy":"RETRY_POLICY_DO_NOT_RETRY"},"state":"ACTIVE","labels":{"deployment-tool":"cli-firebase","firebase-functions-codebase":"tirigist-comrades","firebase-functions-hash":"e1c2db94df2dd073b4cb168a1f1d0df8c91effe0"},"environment":"GEN_2","url":"https://us-central1-tirigist-comrades.cloudfunctions.net/onFileUploaded"},"stages":[{"name":"BUILD","message":"Reusing build","state":"COMPLETE","resource":"projects/480943047907/locations/us-central1/builds/45afafb2-2ad5-48c7-a765-a74ea0c2d53f"},{"name":"SERVICE","message":"Updating Cloud Run service","state":"IN_PROGRESS","resource":"projects/tirigist-comrades/locations/us-central1/services/onfileuploaded","resourceUri":"https://console.cloud.google.com/run/detail/us-central1/onfileuploaded?project=tirigist-comrades","stateMessages":[{"severity":"INFO","type":"CloudRunServiceNewRevisionTrafficInfo","message":"A new revision will be deployed serving with 100% traffic."}]},{"name":"TRIGGER","state":"NOT_STARTED"}],"sourceToken":"Cldwcm9qZWN0cy80ODA5NDMwNDc5MDcvbG9jYXRpb25zL3VzLWNlbnRyYWwxL2J1aWxkcy80NWFmYWZiMi0yYWQ1LTQ4YzctYTc2NS1hNzRlYTBjMmQ1M2YSgQF1cy1jZW50cmFsMS1kb2NrZXIucGtnLmRldi90aXJpZ2lzdC1jb21yYWRlcy9nY2YtYXJ0aWZhY3RzL3RpcmlnaXN0LS1jb21yYWRlc19fdXMtLWNlbnRyYWwxX19vbl91cGxvYWRfZG9jdW1lbnRfY3JlYXRlZDp2ZXJzaW9uXzEY44nC0/8NIlJwcm9qZWN0cy90aXJpZ2lzdC1jb21yYWRlcy9sb2NhdGlvbnMvdXMtY2VudHJhbDEvZnVuY3Rpb25zL29uVXBsb2FkRG9jdW1lbnRDcmVhdGVkKgwIgPv9vAYQ8Pj5/gIyCG5vZGVqczIyOnYKI2djci5pby9nYWUtcnVudGltZXMvbm9kZWpzMjI6c3RhYmxlEk91cy1jZW50cmFsMS1kb2NrZXIucGtnLmRldi9zZXJ2ZXJsZXNzLXJ1bnRpbWVzL2dvb2dsZS0yMi1mdWxsL3J1bnRpbWVzL25vZGVqczIyQAE=","operationType":"UPDATE_FUNCTION","buildName":"projects/480943047907/locations/us-central1/builds/45afafb2-2ad5-48c7-a765-a74ea0c2d53f"},"done":false}
[debug] [2025-02-02T14:13:28.977Z] Got source token Cldwcm9qZWN0cy80ODA5NDMwNDc5MDcvbG9jYXRpb25zL3VzLWNlbnRyYWwxL2J1aWxkcy80NWFmYWZiMi0yYWQ1LTQ4YzctYTc2NS1hNzRlYTBjMmQ1M2YSgQF1cy1jZW50cmFsMS1kb2NrZXIucGtnLmRldi90aXJpZ2lzdC1jb21yYWRlcy9nY2YtYXJ0aWZhY3RzL3RpcmlnaXN0LS1jb21yYWRlc19fdXMtLWNlbnRyYWwxX19vbl91cGxvYWRfZG9jdW1lbnRfY3JlYXRlZDp2ZXJzaW9uXzEY44nC0/8NIlJwcm9qZWN0cy90aXJpZ2lzdC1jb21yYWRlcy9sb2NhdGlvbnMvdXMtY2VudHJhbDEvZnVuY3Rpb25zL29uVXBsb2FkRG9jdW1lbnRDcmVhdGVkKgwIgPv9vAYQ8Pj5/gIyCG5vZGVqczIyOnYKI2djci5pby9nYWUtcnVudGltZXMvbm9kZWpzMjI6c3RhYmxlEk91cy1jZW50cmFsMS1kb2NrZXIucGtnLmRldi9zZXJ2ZXJsZXNzLXJ1bnRpbWVzL2dvb2dsZS0yMi1mdWxsL3J1bnRpbWVzL25vZGVqczIyQAE= for region us-central1
[debug] [2025-02-02T14:13:29.200Z] <<< [apiv2][status] GET https://cloudfunctions.googleapis.com/v2/projects/tirigist-comrades/locations/us-central1/operations/operation-1738505606287-62d29611a5201-abad674f-0769fe1b 200
[debug] [2025-02-02T14:13:29.200Z] <<< [apiv2][body] GET https://cloudfunctions.googleapis.com/v2/projects/tirigist-comrades/locations/us-central1/operations/operation-1738505606287-62d29611a5201-abad674f-0769fe1b {"name":"projects/tirigist-comrades/locations/us-central1/operations/operation-1738505606287-62d29611a5201-abad674f-0769fe1b","metadata":{"@type":"type.googleapis.com/google.cloud.functions.v2.OperationMetadata","createTime":"2025-02-02T14:13:28.703332771Z","target":"projects/tirigist-comrades/locations/us-central1/functions/onUploadDocumentUpdated","verb":"update","cancelRequested":false,"apiVersion":"v2","requestResource":{"@type":"type.googleapis.com/google.cloud.functions.v2.Function","name":"projects/tirigist-comrades/locations/us-central1/functions/onUploadDocumentUpdated","buildConfig":{"runtime":"nodejs22","entryPoint":"onUploadDocumentUpdated","source":{"storageSource":{"bucket":"gcf-v2-sources-480943047907-us-central1","object":"onUploadDocumentUpdated/function-source.zip","generation":"1738505608662677"}},"environmentVariables":{"GOOGLE_NODE_RUN_SCRIPTS":""},"dockerRepository":"projects/tirigist-comrades/locations/us-central1/repositories/gcf-artifacts","sourceProvenance":{"resolvedStorageSource":{"bucket":"gcf-v2-sources-480943047907-us-central1","object":"onUploadDocumentUpdated/function-source.zip","generation":"1738497082902847"}},"dockerRegistry":"ARTIFACT_REGISTRY","sourceToken":"Cldwcm9qZWN0cy80ODA5NDMwNDc5MDcvbG9jYXRpb25zL3VzLWNlbnRyYWwxL2J1aWxkcy80NWFmYWZiMi0yYWQ1LTQ4YzctYTc2NS1hNzRlYTBjMmQ1M2YSgQF1cy1jZW50cmFsMS1kb2NrZXIucGtnLmRldi90aXJpZ2lzdC1jb21yYWRlcy9nY2YtYXJ0aWZhY3RzL3RpcmlnaXN0LS1jb21yYWRlc19fdXMtLWNlbnRyYWwxX19vbl91cGxvYWRfZG9jdW1lbnRfY3JlYXRlZDp2ZXJzaW9uXzEY44nC0/8NIlJwcm9qZWN0cy90aXJpZ2lzdC1jb21yYWRlcy9sb2NhdGlvbnMvdXMtY2VudHJhbDEvZnVuY3Rpb25zL29uVXBsb2FkRG9jdW1lbnRDcmVhdGVkKgwIgPv9vAYQ8Pj5/gIyCG5vZGVqczIyOnYKI2djci5pby9nYWUtcnVudGltZXMvbm9kZWpzMjI6c3RhYmxlEk91cy1jZW50cmFsMS1kb2NrZXIucGtnLmRldi9zZXJ2ZXJsZXNzLXJ1bnRpbWVzL2dvb2dsZS0yMi1mdWxsL3J1bnRpbWVzL25vZGVqczIyQAE=","serviceAccount":"projects/tirigist-comrades/serviceAccounts/480943047907-compute@developer.gserviceaccount.com","automaticUpdatePolicy":{}},"serviceConfig":{"service":"projects/tirigist-comrades/locations/us-central1/services/onuploaddocumentupdated","timeoutSeconds":60,"environmentVariables":{"FIREBASE_CONFIG":"{\"projectId\":\"tirigist-comrades\",\"storageBucket\":\"tirigist-comrades.firebasestorage.app\"}","GCLOUD_PROJECT":"tirigist-comrades","EVENTARC_CLOUD_EVENT_SOURCE":"projects/tirigist-comrades/locations/us-central1/services/onUploadDocumentUpdated","FUNCTION_SIGNATURE_TYPE":"cloudevent","FUNCTION_TARGET":"onUploadDocumentUpdated","LOG_EXECUTION_ID":"true"},"ingressSettings":"ALLOW_ALL","uri":"https://onuploaddocumentupdated-6nlgdij53q-uc.a.run.app","serviceAccountEmail":"480943047907-compute@developer.gserviceaccount.com","availableMemory":"256Mi","allTrafficOnLatestRevision":true,"revision":"onuploaddocumentupdated-00010-won","maxInstanceRequestConcurrency":80,"availableCpu":"1"},"eventTrigger":{"trigger":"projects/tirigist-comrades/locations/africa-south1/triggers/onuploaddocumentupdated-696489","triggerRegion":"africa-south1","eventType":"google.cloud.firestore.document.v1.updated","eventFilters":[{"attribute":"database","value":"(default)"},{"attribute":"namespace","value":"(default)"},{"attribute":"document","value":"uploads/{documentId}","operator":"match-path-pattern"}],"pubsubTopic":"projects/tirigist-comrades/topics/eventarc-africa-south1-onuploaddocumentupdated-696489-477","serviceAccountEmail":"480943047907-compute@developer.gserviceaccount.com","retryPolicy":"RETRY_POLICY_DO_NOT_RETRY"},"state":"ACTIVE","labels":{"deployment-tool":"cli-firebase","firebase-functions-codebase":"tirigist-comrades","firebase-functions-hash":"e1c2db94df2dd073b4cb168a1f1d0df8c91effe0"},"environment":"GEN_2","url":"https://us-central1-tirigist-comrades.cloudfunctions.net/onUploadDocumentUpdated"},"stages":[{"name":"BUILD","message":"Reusing build","state":"COMPLETE","resource":"projects/480943047907/locations/us-central1/builds/45afafb2-2ad5-48c7-a765-a74ea0c2d53f"},{"name":"SERVICE","message":"Updating Cloud Run service","state":"IN_PROGRESS","resource":"projects/tirigist-comrades/locations/us-central1/services/onuploaddocumentupdated","resourceUri":"https://console.cloud.google.com/run/detail/us-central1/onuploaddocumentupdated?project=tirigist-comrades","stateMessages":[{"severity":"INFO","type":"CloudRunServiceNewRevisionTrafficInfo","message":"A new revision will be deployed serving with 100% traffic."}]},{"name":"TRIGGER","state":"NOT_STARTED"}],"sourceToken":"Cldwcm9qZWN0cy80ODA5NDMwNDc5MDcvbG9jYXRpb25zL3VzLWNlbnRyYWwxL2J1aWxkcy80NWFmYWZiMi0yYWQ1LTQ4YzctYTc2NS1hNzRlYTBjMmQ1M2YSgQF1cy1jZW50cmFsMS1kb2NrZXIucGtnLmRldi90aXJpZ2lzdC1jb21yYWRlcy9nY2YtYXJ0aWZhY3RzL3RpcmlnaXN0LS1jb21yYWRlc19fdXMtLWNlbnRyYWwxX19vbl91cGxvYWRfZG9jdW1lbnRfY3JlYXRlZDp2ZXJzaW9uXzEY44nC0/8NIlJwcm9qZWN0cy90aXJpZ2lzdC1jb21yYWRlcy9sb2NhdGlvbnMvdXMtY2VudHJhbDEvZnVuY3Rpb25zL29uVXBsb2FkRG9jdW1lbnRDcmVhdGVkKgwIgPv9vAYQ8Pj5/gIyCG5vZGVqczIyOnYKI2djci5pby9nYWUtcnVudGltZXMvbm9kZWpzMjI6c3RhYmxlEk91cy1jZW50cmFsMS1kb2NrZXIucGtnLmRldi9zZXJ2ZXJsZXNzLXJ1bnRpbWVzL2dvb2dsZS0yMi1mdWxsL3J1bnRpbWVzL25vZGVqczIyQAE=","operationType":"UPDATE_FUNCTION","buildName":"projects/480943047907/locations/us-central1/builds/45afafb2-2ad5-48c7-a765-a74ea0c2d53f"},"done":false}
[debug] [2025-02-02T14:13:29.200Z] Got source token Cldwcm9qZWN0cy80ODA5NDMwNDc5MDcvbG9jYXRpb25zL3VzLWNlbnRyYWwxL2J1aWxkcy80NWFmYWZiMi0yYWQ1LTQ4YzctYTc2NS1hNzRlYTBjMmQ1M2YSgQF1cy1jZW50cmFsMS1kb2NrZXIucGtnLmRldi90aXJpZ2lzdC1jb21yYWRlcy9nY2YtYXJ0aWZhY3RzL3RpcmlnaXN0LS1jb21yYWRlc19fdXMtLWNlbnRyYWwxX19vbl91cGxvYWRfZG9jdW1lbnRfY3JlYXRlZDp2ZXJzaW9uXzEY44nC0/8NIlJwcm9qZWN0cy90aXJpZ2lzdC1jb21yYWRlcy9sb2NhdGlvbnMvdXMtY2VudHJhbDEvZnVuY3Rpb25zL29uVXBsb2FkRG9jdW1lbnRDcmVhdGVkKgwIgPv9vAYQ8Pj5/gIyCG5vZGVqczIyOnYKI2djci5pby9nYWUtcnVudGltZXMvbm9kZWpzMjI6c3RhYmxlEk91cy1jZW50cmFsMS1kb2NrZXIucGtnLmRldi9zZXJ2ZXJsZXNzLXJ1bnRpbWVzL2dvb2dsZS0yMi1mdWxsL3J1bnRpbWVzL25vZGVqczIyQAE= for region us-central1
[debug] [2025-02-02T14:13:29.711Z] [update-tirigist-comrades-us-central1-onUploadDocumentUpdated] Retrying task index 0
[debug] [2025-02-02T14:13:29.712Z] Checked if tokens are valid: true, expires at: 1738508970616
[debug] [2025-02-02T14:13:29.712Z] Checked if tokens are valid: true, expires at: 1738508970616
[debug] [2025-02-02T14:13:29.712Z] >>> [apiv2][query] GET https://cloudfunctions.googleapis.com/v2/projects/tirigist-comrades/locations/us-central1/operations/operation-1738505606287-62d29611a5201-abad674f-0769fe1b [none]
[debug] [2025-02-02T14:13:29.916Z] [update-tirigist-comrades-us-central1-onFileDeleted] Retrying task index 0
[debug] [2025-02-02T14:13:29.916Z] Checked if tokens are valid: true, expires at: 1738508970616
[debug] [2025-02-02T14:13:29.917Z] Checked if tokens are valid: true, expires at: 1738508970616
[debug] [2025-02-02T14:13:29.917Z] >>> [apiv2][query] GET https://cloudfunctions.googleapis.com/v2/projects/tirigist-comrades/locations/us-central1/operations/operation-1738505606077-62d2961171d65-e50fc8a0-3c00ce90 [none]
[debug] [2025-02-02T14:13:29.982Z] [update-tirigist-comrades-us-central1-onFileUploaded] Retrying task index 0
[debug] [2025-02-02T14:13:29.983Z] Checked if tokens are valid: true, expires at: 1738508970616
[debug] [2025-02-02T14:13:29.983Z] Checked if tokens are valid: true, expires at: 1738508970616
[debug] [2025-02-02T14:13:29.983Z] >>> [apiv2][query] GET https://cloudfunctions.googleapis.com/v2/projects/tirigist-comrades/locations/us-central1/operations/operation-1738505606108-62d296117947c-694ea6b9-65f2e458 [none]
[debug] [2025-02-02T14:13:30.360Z] <<< [apiv2][status] GET https://cloudfunctions.googleapis.com/v2/projects/tirigist-comrades/locations/us-central1/operations/operation-1738505606077-62d2961171d65-e50fc8a0-3c00ce90 200
[debug] [2025-02-02T14:13:30.360Z] <<< [apiv2][body] GET https://cloudfunctions.googleapis.com/v2/projects/tirigist-comrades/locations/us-central1/operations/operation-1738505606077-62d2961171d65-e50fc8a0-3c00ce90 {"name":"projects/tirigist-comrades/locations/us-central1/operations/operation-1738505606077-62d2961171d65-e50fc8a0-3c00ce90","metadata":{"@type":"type.googleapis.com/google.cloud.functions.v2.OperationMetadata","createTime":"2025-02-02T14:13:27.023441193Z","target":"projects/tirigist-comrades/locations/us-central1/functions/onFileDeleted","verb":"update","cancelRequested":false,"apiVersion":"v2","requestResource":{"@type":"type.googleapis.com/google.cloud.functions.v2.Function","name":"projects/tirigist-comrades/locations/us-central1/functions/onFileDeleted","buildConfig":{"runtime":"nodejs22","entryPoint":"onFileDeleted","source":{"storageSource":{"bucket":"gcf-v2-sources-480943047907-us-central1","object":"onFileDeleted/function-source.zip","generation":"1738505606955355"}},"environmentVariables":{"GOOGLE_NODE_RUN_SCRIPTS":""},"dockerRepository":"projects/tirigist-comrades/locations/us-central1/repositories/gcf-artifacts","sourceProvenance":{"resolvedStorageSource":{"bucket":"gcf-v2-sources-480943047907-us-central1","object":"onFileDeleted/function-source.zip","generation":"1738497081517918"}},"dockerRegistry":"ARTIFACT_REGISTRY","sourceToken":"Cldwcm9qZWN0cy80ODA5NDMwNDc5MDcvbG9jYXRpb25zL3VzLWNlbnRyYWwxL2J1aWxkcy80NWFmYWZiMi0yYWQ1LTQ4YzctYTc2NS1hNzRlYTBjMmQ1M2YSgQF1cy1jZW50cmFsMS1kb2NrZXIucGtnLmRldi90aXJpZ2lzdC1jb21yYWRlcy9nY2YtYXJ0aWZhY3RzL3RpcmlnaXN0LS1jb21yYWRlc19fdXMtLWNlbnRyYWwxX19vbl91cGxvYWRfZG9jdW1lbnRfY3JlYXRlZDp2ZXJzaW9uXzEY44nC0/8NIlJwcm9qZWN0cy90aXJpZ2lzdC1jb21yYWRlcy9sb2NhdGlvbnMvdXMtY2VudHJhbDEvZnVuY3Rpb25zL29uVXBsb2FkRG9jdW1lbnRDcmVhdGVkKgwIgPv9vAYQ8Pj5/gIyCG5vZGVqczIyOnYKI2djci5pby9nYWUtcnVudGltZXMvbm9kZWpzMjI6c3RhYmxlEk91cy1jZW50cmFsMS1kb2NrZXIucGtnLmRldi9zZXJ2ZXJsZXNzLXJ1bnRpbWVzL2dvb2dsZS0yMi1mdWxsL3J1bnRpbWVzL25vZGVqczIyQAE=","serviceAccount":"projects/tirigist-comrades/serviceAccounts/480943047907-compute@developer.gserviceaccount.com","automaticUpdatePolicy":{}},"serviceConfig":{"service":"projects/tirigist-comrades/locations/us-central1/services/onfiledeleted","timeoutSeconds":60,"environmentVariables":{"FIREBASE_CONFIG":"{\"projectId\":\"tirigist-comrades\",\"storageBucket\":\"tirigist-comrades.firebasestorage.app\"}","GCLOUD_PROJECT":"tirigist-comrades","EVENTARC_CLOUD_EVENT_SOURCE":"projects/tirigist-comrades/locations/us-central1/services/onFileDeleted","FUNCTION_SIGNATURE_TYPE":"cloudevent","FUNCTION_TARGET":"onFileDeleted","LOG_EXECUTION_ID":"true"},"ingressSettings":"ALLOW_ALL","uri":"https://onfiledeleted-6nlgdij53q-uc.a.run.app","serviceAccountEmail":"480943047907-compute@developer.gserviceaccount.com","availableMemory":"256Mi","allTrafficOnLatestRevision":true,"revision":"onfiledeleted-00019-top","maxInstanceRequestConcurrency":80,"availableCpu":"1"},"eventTrigger":{"trigger":"projects/tirigist-comrades/locations/us-central1/triggers/onfiledeleted-833919","triggerRegion":"us-central1","eventType":"google.cloud.storage.object.v1.deleted","eventFilters":[{"attribute":"bucket","value":"tirigist-comrades.firebasestorage.app"}],"pubsubTopic":"projects/tirigist-comrades/topics/eventarc-us-central1-onfiledeleted-833919-407","serviceAccountEmail":"480943047907-compute@developer.gserviceaccount.com","retryPolicy":"RETRY_POLICY_DO_NOT_RETRY"},"state":"ACTIVE","labels":{"deployment-tool":"cli-firebase","firebase-functions-codebase":"tirigist-comrades","firebase-functions-hash":"e1c2db94df2dd073b4cb168a1f1d0df8c91effe0"},"environment":"GEN_2","url":"https://us-central1-tirigist-comrades.cloudfunctions.net/onFileDeleted"},"stages":[{"name":"BUILD","message":"Reusing build","state":"COMPLETE","resource":"projects/480943047907/locations/us-central1/builds/45afafb2-2ad5-48c7-a765-a74ea0c2d53f"},{"name":"SERVICE","message":"Updating Cloud Run service","state":"IN_PROGRESS","resource":"projects/tirigist-comrades/locations/us-central1/services/onfiledeleted","resourceUri":"https://console.cloud.google.com/run/detail/us-central1/onfiledeleted?project=tirigist-comrades","stateMessages":[{"severity":"INFO","type":"CloudRunServiceNewRevisionTrafficInfo","message":"A new revision will be deployed serving with 100% traffic."}]},{"name":"TRIGGER","state":"NOT_STARTED"}],"sourceToken":"Cldwcm9qZWN0cy80ODA5NDMwNDc5MDcvbG9jYXRpb25zL3VzLWNlbnRyYWwxL2J1aWxkcy80NWFmYWZiMi0yYWQ1LTQ4YzctYTc2NS1hNzRlYTBjMmQ1M2YSgQF1cy1jZW50cmFsMS1kb2NrZXIucGtnLmRldi90aXJpZ2lzdC1jb21yYWRlcy9nY2YtYXJ0aWZhY3RzL3RpcmlnaXN0LS1jb21yYWRlc19fdXMtLWNlbnRyYWwxX19vbl91cGxvYWRfZG9jdW1lbnRfY3JlYXRlZDp2ZXJzaW9uXzEY44nC0/8NIlJwcm9qZWN0cy90aXJpZ2lzdC1jb21yYWRlcy9sb2NhdGlvbnMvdXMtY2VudHJhbDEvZnVuY3Rpb25zL29uVXBsb2FkRG9jdW1lbnRDcmVhdGVkKgwIgPv9vAYQ8Pj5/gIyCG5vZGVqczIyOnYKI2djci5pby9nYWUtcnVudGltZXMvbm9kZWpzMjI6c3RhYmxlEk91cy1jZW50cmFsMS1kb2NrZXIucGtnLmRldi9zZXJ2ZXJsZXNzLXJ1bnRpbWVzL2dvb2dsZS0yMi1mdWxsL3J1bnRpbWVzL25vZGVqczIyQAE=","operationType":"UPDATE_FUNCTION","buildName":"projects/480943047907/locations/us-central1/builds/45afafb2-2ad5-48c7-a765-a74ea0c2d53f"},"done":false}
[debug] [2025-02-02T14:13:30.360Z] Got source token Cldwcm9qZWN0cy80ODA5NDMwNDc5MDcvbG9jYXRpb25zL3VzLWNlbnRyYWwxL2J1aWxkcy80NWFmYWZiMi0yYWQ1LTQ4YzctYTc2NS1hNzRlYTBjMmQ1M2YSgQF1cy1jZW50cmFsMS1kb2NrZXIucGtnLmRldi90aXJpZ2lzdC1jb21yYWRlcy9nY2YtYXJ0aWZhY3RzL3RpcmlnaXN0LS1jb21yYWRlc19fdXMtLWNlbnRyYWwxX19vbl91cGxvYWRfZG9jdW1lbnRfY3JlYXRlZDp2ZXJzaW9uXzEY44nC0/8NIlJwcm9qZWN0cy90aXJpZ2lzdC1jb21yYWRlcy9sb2NhdGlvbnMvdXMtY2VudHJhbDEvZnVuY3Rpb25zL29uVXBsb2FkRG9jdW1lbnRDcmVhdGVkKgwIgPv9vAYQ8Pj5/gIyCG5vZGVqczIyOnYKI2djci5pby9nYWUtcnVudGltZXMvbm9kZWpzMjI6c3RhYmxlEk91cy1jZW50cmFsMS1kb2NrZXIucGtnLmRldi9zZXJ2ZXJsZXNzLXJ1bnRpbWVzL2dvb2dsZS0yMi1mdWxsL3J1bnRpbWVzL25vZGVqczIyQAE= for region us-central1
[debug] [2025-02-02T14:13:30.569Z] <<< [apiv2][status] GET https://cloudfunctions.googleapis.com/v2/projects/tirigist-comrades/locations/us-central1/operations/operation-1738505606287-62d29611a5201-abad674f-0769fe1b 200
[debug] [2025-02-02T14:13:30.569Z] <<< [apiv2][body] GET https://cloudfunctions.googleapis.com/v2/projects/tirigist-comrades/locations/us-central1/operations/operation-1738505606287-62d29611a5201-abad674f-0769fe1b {"name":"projects/tirigist-comrades/locations/us-central1/operations/operation-1738505606287-62d29611a5201-abad674f-0769fe1b","metadata":{"@type":"type.googleapis.com/google.cloud.functions.v2.OperationMetadata","createTime":"2025-02-02T14:13:28.703332771Z","target":"projects/tirigist-comrades/locations/us-central1/functions/onUploadDocumentUpdated","verb":"update","cancelRequested":false,"apiVersion":"v2","requestResource":{"@type":"type.googleapis.com/google.cloud.functions.v2.Function","name":"projects/tirigist-comrades/locations/us-central1/functions/onUploadDocumentUpdated","buildConfig":{"runtime":"nodejs22","entryPoint":"onUploadDocumentUpdated","source":{"storageSource":{"bucket":"gcf-v2-sources-480943047907-us-central1","object":"onUploadDocumentUpdated/function-source.zip","generation":"1738505608662677"}},"environmentVariables":{"GOOGLE_NODE_RUN_SCRIPTS":""},"dockerRepository":"projects/tirigist-comrades/locations/us-central1/repositories/gcf-artifacts","sourceProvenance":{"resolvedStorageSource":{"bucket":"gcf-v2-sources-480943047907-us-central1","object":"onUploadDocumentUpdated/function-source.zip","generation":"1738497082902847"}},"dockerRegistry":"ARTIFACT_REGISTRY","sourceToken":"Cldwcm9qZWN0cy80ODA5NDMwNDc5MDcvbG9jYXRpb25zL3VzLWNlbnRyYWwxL2J1aWxkcy80NWFmYWZiMi0yYWQ1LTQ4YzctYTc2NS1hNzRlYTBjMmQ1M2YSgQF1cy1jZW50cmFsMS1kb2NrZXIucGtnLmRldi90aXJpZ2lzdC1jb21yYWRlcy9nY2YtYXJ0aWZhY3RzL3RpcmlnaXN0LS1jb21yYWRlc19fdXMtLWNlbnRyYWwxX19vbl91cGxvYWRfZG9jdW1lbnRfY3JlYXRlZDp2ZXJzaW9uXzEY44nC0/8NIlJwcm9qZWN0cy90aXJpZ2lzdC1jb21yYWRlcy9sb2NhdGlvbnMvdXMtY2VudHJhbDEvZnVuY3Rpb25zL29uVXBsb2FkRG9jdW1lbnRDcmVhdGVkKgwIgPv9vAYQ8Pj5/gIyCG5vZGVqczIyOnYKI2djci5pby9nYWUtcnVudGltZXMvbm9kZWpzMjI6c3RhYmxlEk91cy1jZW50cmFsMS1kb2NrZXIucGtnLmRldi9zZXJ2ZXJsZXNzLXJ1bnRpbWVzL2dvb2dsZS0yMi1mdWxsL3J1bnRpbWVzL25vZGVqczIyQAE=","serviceAccount":"projects/tirigist-comrades/serviceAccounts/480943047907-compute@developer.gserviceaccount.com","automaticUpdatePolicy":{}},"serviceConfig":{"service":"projects/tirigist-comrades/locations/us-central1/services/onuploaddocumentupdated","timeoutSeconds":60,"environmentVariables":{"FIREBASE_CONFIG":"{\"projectId\":\"tirigist-comrades\",\"storageBucket\":\"tirigist-comrades.firebasestorage.app\"}","GCLOUD_PROJECT":"tirigist-comrades","EVENTARC_CLOUD_EVENT_SOURCE":"projects/tirigist-comrades/locations/us-central1/services/onUploadDocumentUpdated","FUNCTION_SIGNATURE_TYPE":"cloudevent","FUNCTION_TARGET":"onUploadDocumentUpdated","LOG_EXECUTION_ID":"true"},"ingressSettings":"ALLOW_ALL","uri":"https://onuploaddocumentupdated-6nlgdij53q-uc.a.run.app","serviceAccountEmail":"480943047907-compute@developer.gserviceaccount.com","availableMemory":"256Mi","allTrafficOnLatestRevision":true,"revision":"onuploaddocumentupdated-00010-won","maxInstanceRequestConcurrency":80,"availableCpu":"1"},"eventTrigger":{"trigger":"projects/tirigist-comrades/locations/africa-south1/triggers/onuploaddocumentupdated-696489","triggerRegion":"africa-south1","eventType":"google.cloud.firestore.document.v1.updated","eventFilters":[{"attribute":"database","value":"(default)"},{"attribute":"namespace","value":"(default)"},{"attribute":"document","value":"uploads/{documentId}","operator":"match-path-pattern"}],"pubsubTopic":"projects/tirigist-comrades/topics/eventarc-africa-south1-onuploaddocumentupdated-696489-477","serviceAccountEmail":"480943047907-compute@developer.gserviceaccount.com","retryPolicy":"RETRY_POLICY_DO_NOT_RETRY"},"state":"ACTIVE","labels":{"deployment-tool":"cli-firebase","firebase-functions-codebase":"tirigist-comrades","firebase-functions-hash":"e1c2db94df2dd073b4cb168a1f1d0df8c91effe0"},"environment":"GEN_2","url":"https://us-central1-tirigist-comrades.cloudfunctions.net/onUploadDocumentUpdated"},"stages":[{"name":"BUILD","message":"Reusing build","state":"COMPLETE","resource":"projects/480943047907/locations/us-central1/builds/45afafb2-2ad5-48c7-a765-a74ea0c2d53f"},{"name":"SERVICE","message":"Updating Cloud Run service","state":"IN_PROGRESS","resource":"projects/tirigist-comrades/locations/us-central1/services/onuploaddocumentupdated","resourceUri":"https://console.cloud.google.com/run/detail/us-central1/onuploaddocumentupdated?project=tirigist-comrades","stateMessages":[{"severity":"INFO","type":"CloudRunServiceNewRevisionTrafficInfo","message":"A new revision will be deployed serving with 100% traffic."}]},{"name":"TRIGGER","state":"NOT_STARTED"}],"sourceToken":"Cldwcm9qZWN0cy80ODA5NDMwNDc5MDcvbG9jYXRpb25zL3VzLWNlbnRyYWwxL2J1aWxkcy80NWFmYWZiMi0yYWQ1LTQ4YzctYTc2NS1hNzRlYTBjMmQ1M2YSgQF1cy1jZW50cmFsMS1kb2NrZXIucGtnLmRldi90aXJpZ2lzdC1jb21yYWRlcy9nY2YtYXJ0aWZhY3RzL3RpcmlnaXN0LS1jb21yYWRlc19fdXMtLWNlbnRyYWwxX19vbl91cGxvYWRfZG9jdW1lbnRfY3JlYXRlZDp2ZXJzaW9uXzEY44nC0/8NIlJwcm9qZWN0cy90aXJpZ2lzdC1jb21yYWRlcy9sb2NhdGlvbnMvdXMtY2VudHJhbDEvZnVuY3Rpb25zL29uVXBsb2FkRG9jdW1lbnRDcmVhdGVkKgwIgPv9vAYQ8Pj5/gIyCG5vZGVqczIyOnYKI2djci5pby9nYWUtcnVudGltZXMvbm9kZWpzMjI6c3RhYmxlEk91cy1jZW50cmFsMS1kb2NrZXIucGtnLmRldi9zZXJ2ZXJsZXNzLXJ1bnRpbWVzL2dvb2dsZS0yMi1mdWxsL3J1bnRpbWVzL25vZGVqczIyQAE=","operationType":"UPDATE_FUNCTION","buildName":"projects/480943047907/locations/us-central1/builds/45afafb2-2ad5-48c7-a765-a74ea0c2d53f"},"done":false}
[debug] [2025-02-02T14:13:30.569Z] Got source token Cldwcm9qZWN0cy80ODA5NDMwNDc5MDcvbG9jYXRpb25zL3VzLWNlbnRyYWwxL2J1aWxkcy80NWFmYWZiMi0yYWQ1LTQ4YzctYTc2NS1hNzRlYTBjMmQ1M2YSgQF1cy1jZW50cmFsMS1kb2NrZXIucGtnLmRldi90aXJpZ2lzdC1jb21yYWRlcy9nY2YtYXJ0aWZhY3RzL3RpcmlnaXN0LS1jb21yYWRlc19fdXMtLWNlbnRyYWwxX19vbl91cGxvYWRfZG9jdW1lbnRfY3JlYXRlZDp2ZXJzaW9uXzEY44nC0/8NIlJwcm9qZWN0cy90aXJpZ2lzdC1jb21yYWRlcy9sb2NhdGlvbnMvdXMtY2VudHJhbDEvZnVuY3Rpb25zL29uVXBsb2FkRG9jdW1lbnRDcmVhdGVkKgwIgPv9vAYQ8Pj5/gIyCG5vZGVqczIyOnYKI2djci5pby9nYWUtcnVudGltZXMvbm9kZWpzMjI6c3RhYmxlEk91cy1jZW50cmFsMS1kb2NrZXIucGtnLmRldi9zZXJ2ZXJsZXNzLXJ1bnRpbWVzL2dvb2dsZS0yMi1mdWxsL3J1bnRpbWVzL25vZGVqczIyQAE= for region us-central1
[debug] [2025-02-02T14:13:30.799Z] <<< [apiv2][status] GET https://cloudfunctions.googleapis.com/v2/projects/tirigist-comrades/locations/us-central1/operations/operation-1738505606108-62d296117947c-694ea6b9-65f2e458 200
[debug] [2025-02-02T14:13:30.799Z] <<< [apiv2][body] GET https://cloudfunctions.googleapis.com/v2/projects/tirigist-comrades/locations/us-central1/operations/operation-1738505606108-62d296117947c-694ea6b9-65f2e458 {"name":"projects/tirigist-comrades/locations/us-central1/operations/operation-1738505606108-62d296117947c-694ea6b9-65f2e458","metadata":{"@type":"type.googleapis.com/google.cloud.functions.v2.OperationMetadata","createTime":"2025-02-02T14:13:27.114756830Z","target":"projects/tirigist-comrades/locations/us-central1/functions/onFileUploaded","verb":"update","cancelRequested":false,"apiVersion":"v2","requestResource":{"@type":"type.googleapis.com/google.cloud.functions.v2.Function","name":"projects/tirigist-comrades/locations/us-central1/functions/onFileUploaded","buildConfig":{"runtime":"nodejs22","entryPoint":"onFileUploaded","source":{"storageSource":{"bucket":"gcf-v2-sources-480943047907-us-central1","object":"onFileUploaded/function-source.zip","generation":"1738505607063938"}},"environmentVariables":{"GOOGLE_NODE_RUN_SCRIPTS":""},"dockerRepository":"projects/tirigist-comrades/locations/us-central1/repositories/gcf-artifacts","sourceProvenance":{"resolvedStorageSource":{"bucket":"gcf-v2-sources-480943047907-us-central1","object":"onFileUploaded/function-source.zip","generation":"1738497081376130"}},"dockerRegistry":"ARTIFACT_REGISTRY","sourceToken":"Cldwcm9qZWN0cy80ODA5NDMwNDc5MDcvbG9jYXRpb25zL3VzLWNlbnRyYWwxL2J1aWxkcy80NWFmYWZiMi0yYWQ1LTQ4YzctYTc2NS1hNzRlYTBjMmQ1M2YSgQF1cy1jZW50cmFsMS1kb2NrZXIucGtnLmRldi90aXJpZ2lzdC1jb21yYWRlcy9nY2YtYXJ0aWZhY3RzL3RpcmlnaXN0LS1jb21yYWRlc19fdXMtLWNlbnRyYWwxX19vbl91cGxvYWRfZG9jdW1lbnRfY3JlYXRlZDp2ZXJzaW9uXzEY44nC0/8NIlJwcm9qZWN0cy90aXJpZ2lzdC1jb21yYWRlcy9sb2NhdGlvbnMvdXMtY2VudHJhbDEvZnVuY3Rpb25zL29uVXBsb2FkRG9jdW1lbnRDcmVhdGVkKgwIgPv9vAYQ8Pj5/gIyCG5vZGVqczIyOnYKI2djci5pby9nYWUtcnVudGltZXMvbm9kZWpzMjI6c3RhYmxlEk91cy1jZW50cmFsMS1kb2NrZXIucGtnLmRldi9zZXJ2ZXJsZXNzLXJ1bnRpbWVzL2dvb2dsZS0yMi1mdWxsL3J1bnRpbWVzL25vZGVqczIyQAE=","serviceAccount":"projects/tirigist-comrades/serviceAccounts/480943047907-compute@developer.gserviceaccount.com","automaticUpdatePolicy":{}},"serviceConfig":{"service":"projects/tirigist-comrades/locations/us-central1/services/onfileuploaded","timeoutSeconds":60,"environmentVariables":{"FIREBASE_CONFIG":"{\"projectId\":\"tirigist-comrades\",\"storageBucket\":\"tirigist-comrades.firebasestorage.app\"}","GCLOUD_PROJECT":"tirigist-comrades","EVENTARC_CLOUD_EVENT_SOURCE":"projects/tirigist-comrades/locations/us-central1/services/onFileUploaded","FUNCTION_SIGNATURE_TYPE":"cloudevent","FUNCTION_TARGET":"onFileUploaded","LOG_EXECUTION_ID":"true"},"ingressSettings":"ALLOW_ALL","uri":"https://onfileuploaded-6nlgdij53q-uc.a.run.app","serviceAccountEmail":"480943047907-compute@developer.gserviceaccount.com","availableMemory":"256Mi","allTrafficOnLatestRevision":true,"revision":"onfileuploaded-00019-fey","maxInstanceRequestConcurrency":80,"availableCpu":"1"},"eventTrigger":{"trigger":"projects/tirigist-comrades/locations/us-central1/triggers/onfileuploaded-072624","triggerRegion":"us-central1","eventType":"google.cloud.storage.object.v1.finalized","eventFilters":[{"attribute":"bucket","value":"tirigist-comrades.firebasestorage.app"}],"pubsubTopic":"projects/tirigist-comrades/topics/eventarc-us-central1-onfileuploaded-072624-688","serviceAccountEmail":"480943047907-compute@developer.gserviceaccount.com","retryPolicy":"RETRY_POLICY_DO_NOT_RETRY"},"state":"ACTIVE","labels":{"deployment-tool":"cli-firebase","firebase-functions-codebase":"tirigist-comrades","firebase-functions-hash":"e1c2db94df2dd073b4cb168a1f1d0df8c91effe0"},"environment":"GEN_2","url":"https://us-central1-tirigist-comrades.cloudfunctions.net/onFileUploaded"},"stages":[{"name":"BUILD","message":"Reusing build","state":"COMPLETE","resource":"projects/480943047907/locations/us-central1/builds/45afafb2-2ad5-48c7-a765-a74ea0c2d53f"},{"name":"SERVICE","message":"Updating Cloud Run service","state":"IN_PROGRESS","resource":"projects/tirigist-comrades/locations/us-central1/services/onfileuploaded","resourceUri":"https://console.cloud.google.com/run/detail/us-central1/onfileuploaded?project=tirigist-comrades","stateMessages":[{"severity":"INFO","type":"CloudRunServiceNewRevisionTrafficInfo","message":"A new revision will be deployed serving with 100% traffic."}]},{"name":"TRIGGER","state":"NOT_STARTED"}],"sourceToken":"Cldwcm9qZWN0cy80ODA5NDMwNDc5MDcvbG9jYXRpb25zL3VzLWNlbnRyYWwxL2J1aWxkcy80NWFmYWZiMi0yYWQ1LTQ4YzctYTc2NS1hNzRlYTBjMmQ1M2YSgQF1cy1jZW50cmFsMS1kb2NrZXIucGtnLmRldi90aXJpZ2lzdC1jb21yYWRlcy9nY2YtYXJ0aWZhY3RzL3RpcmlnaXN0LS1jb21yYWRlc19fdXMtLWNlbnRyYWwxX19vbl91cGxvYWRfZG9jdW1lbnRfY3JlYXRlZDp2ZXJzaW9uXzEY44nC0/8NIlJwcm9qZWN0cy90aXJpZ2lzdC1jb21yYWRlcy9sb2NhdGlvbnMvdXMtY2VudHJhbDEvZnVuY3Rpb25zL29uVXBsb2FkRG9jdW1lbnRDcmVhdGVkKgwIgPv9vAYQ8Pj5/gIyCG5vZGVqczIyOnYKI2djci5pby9nYWUtcnVudGltZXMvbm9kZWpzMjI6c3RhYmxlEk91cy1jZW50cmFsMS1kb2NrZXIucGtnLmRldi9zZXJ2ZXJsZXNzLXJ1bnRpbWVzL2dvb2dsZS0yMi1mdWxsL3J1bnRpbWVzL25vZGVqczIyQAE=","operationType":"UPDATE_FUNCTION","buildName":"projects/480943047907/locations/us-central1/builds/45afafb2-2ad5-48c7-a765-a74ea0c2d53f"},"done":false}
[debug] [2025-02-02T14:13:30.799Z] Got source token Cldwcm9qZWN0cy80ODA5NDMwNDc5MDcvbG9jYXRpb25zL3VzLWNlbnRyYWwxL2J1aWxkcy80NWFmYWZiMi0yYWQ1LTQ4YzctYTc2NS1hNzRlYTBjMmQ1M2YSgQF1cy1jZW50cmFsMS1kb2NrZXIucGtnLmRldi90aXJpZ2lzdC1jb21yYWRlcy9nY2YtYXJ0aWZhY3RzL3RpcmlnaXN0LS1jb21yYWRlc19fdXMtLWNlbnRyYWwxX19vbl91cGxvYWRfZG9jdW1lbnRfY3JlYXRlZDp2ZXJzaW9uXzEY44nC0/8NIlJwcm9qZWN0cy90aXJpZ2lzdC1jb21yYWRlcy9sb2NhdGlvbnMvdXMtY2VudHJhbDEvZnVuY3Rpb25zL29uVXBsb2FkRG9jdW1lbnRDcmVhdGVkKgwIgPv9vAYQ8Pj5/gIyCG5vZGVqczIyOnYKI2djci5pby9nYWUtcnVudGltZXMvbm9kZWpzMjI6c3RhYmxlEk91cy1jZW50cmFsMS1kb2NrZXIucGtnLmRldi9zZXJ2ZXJsZXNzLXJ1bnRpbWVzL2dvb2dsZS0yMi1mdWxsL3J1bnRpbWVzL25vZGVqczIyQAE= for region us-central1
[debug] [2025-02-02T14:13:31.580Z] [update-tirigist-comrades-us-central1-onUploadDocumentUpdated] Retrying task index 0
[debug] [2025-02-02T14:13:31.581Z] Checked if tokens are valid: true, expires at: 1738508970616
[debug] [2025-02-02T14:13:31.581Z] Checked if tokens are valid: true, expires at: 1738508970616
[debug] [2025-02-02T14:13:31.581Z] >>> [apiv2][query] GET https://cloudfunctions.googleapis.com/v2/projects/tirigist-comrades/locations/us-central1/operations/operation-1738505606287-62d29611a5201-abad674f-0769fe1b [none]
[debug] [2025-02-02T14:13:32.364Z] [update-tirigist-comrades-us-central1-onFileDeleted] Retrying task index 0
[debug] [2025-02-02T14:13:32.365Z] Checked if tokens are valid: true, expires at: 1738508970616
[debug] [2025-02-02T14:13:32.365Z] Checked if tokens are valid: true, expires at: 1738508970616
[debug] [2025-02-02T14:13:32.365Z] >>> [apiv2][query] GET https://cloudfunctions.googleapis.com/v2/projects/tirigist-comrades/locations/us-central1/operations/operation-1738505606077-62d2961171d65-e50fc8a0-3c00ce90 [none]
[debug] [2025-02-02T14:13:32.394Z] <<< [apiv2][status] GET https://cloudfunctions.googleapis.com/v2/projects/tirigist-comrades/locations/us-central1/operations/operation-1738505606287-62d29611a5201-abad674f-0769fe1b 200
[debug] [2025-02-02T14:13:32.394Z] <<< [apiv2][body] GET https://cloudfunctions.googleapis.com/v2/projects/tirigist-comrades/locations/us-central1/operations/operation-1738505606287-62d29611a5201-abad674f-0769fe1b {"name":"projects/tirigist-comrades/locations/us-central1/operations/operation-1738505606287-62d29611a5201-abad674f-0769fe1b","metadata":{"@type":"type.googleapis.com/google.cloud.functions.v2.OperationMetadata","createTime":"2025-02-02T14:13:28.703332771Z","target":"projects/tirigist-comrades/locations/us-central1/functions/onUploadDocumentUpdated","verb":"update","cancelRequested":false,"apiVersion":"v2","requestResource":{"@type":"type.googleapis.com/google.cloud.functions.v2.Function","name":"projects/tirigist-comrades/locations/us-central1/functions/onUploadDocumentUpdated","buildConfig":{"runtime":"nodejs22","entryPoint":"onUploadDocumentUpdated","source":{"storageSource":{"bucket":"gcf-v2-sources-480943047907-us-central1","object":"onUploadDocumentUpdated/function-source.zip","generation":"1738505608662677"}},"environmentVariables":{"GOOGLE_NODE_RUN_SCRIPTS":""},"dockerRepository":"projects/tirigist-comrades/locations/us-central1/repositories/gcf-artifacts","sourceProvenance":{"resolvedStorageSource":{"bucket":"gcf-v2-sources-480943047907-us-central1","object":"onUploadDocumentUpdated/function-source.zip","generation":"1738497082902847"}},"dockerRegistry":"ARTIFACT_REGISTRY","sourceToken":"Cldwcm9qZWN0cy80ODA5NDMwNDc5MDcvbG9jYXRpb25zL3VzLWNlbnRyYWwxL2J1aWxkcy80NWFmYWZiMi0yYWQ1LTQ4YzctYTc2NS1hNzRlYTBjMmQ1M2YSgQF1cy1jZW50cmFsMS1kb2NrZXIucGtnLmRldi90aXJpZ2lzdC1jb21yYWRlcy9nY2YtYXJ0aWZhY3RzL3RpcmlnaXN0LS1jb21yYWRlc19fdXMtLWNlbnRyYWwxX19vbl91cGxvYWRfZG9jdW1lbnRfY3JlYXRlZDp2ZXJzaW9uXzEY44nC0/8NIlJwcm9qZWN0cy90aXJpZ2lzdC1jb21yYWRlcy9sb2NhdGlvbnMvdXMtY2VudHJhbDEvZnVuY3Rpb25zL29uVXBsb2FkRG9jdW1lbnRDcmVhdGVkKgwIgPv9vAYQ8Pj5/gIyCG5vZGVqczIyOnYKI2djci5pby9nYWUtcnVudGltZXMvbm9kZWpzMjI6c3RhYmxlEk91cy1jZW50cmFsMS1kb2NrZXIucGtnLmRldi9zZXJ2ZXJsZXNzLXJ1bnRpbWVzL2dvb2dsZS0yMi1mdWxsL3J1bnRpbWVzL25vZGVqczIyQAE=","serviceAccount":"projects/tirigist-comrades/serviceAccounts/480943047907-compute@developer.gserviceaccount.com","automaticUpdatePolicy":{}},"serviceConfig":{"service":"projects/tirigist-comrades/locations/us-central1/services/onuploaddocumentupdated","timeoutSeconds":60,"environmentVariables":{"FIREBASE_CONFIG":"{\"projectId\":\"tirigist-comrades\",\"storageBucket\":\"tirigist-comrades.firebasestorage.app\"}","GCLOUD_PROJECT":"tirigist-comrades","EVENTARC_CLOUD_EVENT_SOURCE":"projects/tirigist-comrades/locations/us-central1/services/onUploadDocumentUpdated","FUNCTION_SIGNATURE_TYPE":"cloudevent","FUNCTION_TARGET":"onUploadDocumentUpdated","LOG_EXECUTION_ID":"true"},"ingressSettings":"ALLOW_ALL","uri":"https://onuploaddocumentupdated-6nlgdij53q-uc.a.run.app","serviceAccountEmail":"480943047907-compute@developer.gserviceaccount.com","availableMemory":"256Mi","allTrafficOnLatestRevision":true,"revision":"onuploaddocumentupdated-00010-won","maxInstanceRequestConcurrency":80,"availableCpu":"1"},"eventTrigger":{"trigger":"projects/tirigist-comrades/locations/africa-south1/triggers/onuploaddocumentupdated-696489","triggerRegion":"africa-south1","eventType":"google.cloud.firestore.document.v1.updated","eventFilters":[{"attribute":"database","value":"(default)"},{"attribute":"namespace","value":"(default)"},{"attribute":"document","value":"uploads/{documentId}","operator":"match-path-pattern"}],"pubsubTopic":"projects/tirigist-comrades/topics/eventarc-africa-south1-onuploaddocumentupdated-696489-477","serviceAccountEmail":"480943047907-compute@developer.gserviceaccount.com","retryPolicy":"RETRY_POLICY_DO_NOT_RETRY"},"state":"ACTIVE","labels":{"deployment-tool":"cli-firebase","firebase-functions-codebase":"tirigist-comrades","firebase-functions-hash":"e1c2db94df2dd073b4cb168a1f1d0df8c91effe0"},"environment":"GEN_2","url":"https://us-central1-tirigist-comrades.cloudfunctions.net/onUploadDocumentUpdated"},"stages":[{"name":"BUILD","message":"Reusing build","state":"COMPLETE","resource":"projects/480943047907/locations/us-central1/builds/45afafb2-2ad5-48c7-a765-a74ea0c2d53f"},{"name":"SERVICE","message":"Updating Cloud Run service","state":"IN_PROGRESS","resource":"projects/tirigist-comrades/locations/us-central1/services/onuploaddocumentupdated","resourceUri":"https://console.cloud.google.com/run/detail/us-central1/onuploaddocumentupdated?project=tirigist-comrades","stateMessages":[{"severity":"INFO","type":"CloudRunServiceNewRevisionTrafficInfo","message":"A new revision will be deployed serving with 100% traffic."}]},{"name":"TRIGGER","state":"NOT_STARTED"}],"sourceToken":"Cldwcm9qZWN0cy80ODA5NDMwNDc5MDcvbG9jYXRpb25zL3VzLWNlbnRyYWwxL2J1aWxkcy80NWFmYWZiMi0yYWQ1LTQ4YzctYTc2NS1hNzRlYTBjMmQ1M2YSgQF1cy1jZW50cmFsMS1kb2NrZXIucGtnLmRldi90aXJpZ2lzdC1jb21yYWRlcy9nY2YtYXJ0aWZhY3RzL3RpcmlnaXN0LS1jb21yYWRlc19fdXMtLWNlbnRyYWwxX19vbl91cGxvYWRfZG9jdW1lbnRfY3JlYXRlZDp2ZXJzaW9uXzEY44nC0/8NIlJwcm9qZWN0cy90aXJpZ2lzdC1jb21yYWRlcy9sb2NhdGlvbnMvdXMtY2VudHJhbDEvZnVuY3Rpb25zL29uVXBsb2FkRG9jdW1lbnRDcmVhdGVkKgwIgPv9vAYQ8Pj5/gIyCG5vZGVqczIyOnYKI2djci5pby9nYWUtcnVudGltZXMvbm9kZWpzMjI6c3RhYmxlEk91cy1jZW50cmFsMS1kb2NrZXIucGtnLmRldi9zZXJ2ZXJsZXNzLXJ1bnRpbWVzL2dvb2dsZS0yMi1mdWxsL3J1bnRpbWVzL25vZGVqczIyQAE=","operationType":"UPDATE_FUNCTION","buildName":"projects/480943047907/locations/us-central1/builds/45afafb2-2ad5-48c7-a765-a74ea0c2d53f"},"done":false}
[debug] [2025-02-02T14:13:32.394Z] Got source token Cldwcm9qZWN0cy80ODA5NDMwNDc5MDcvbG9jYXRpb25zL3VzLWNlbnRyYWwxL2J1aWxkcy80NWFmYWZiMi0yYWQ1LTQ4YzctYTc2NS1hNzRlYTBjMmQ1M2YSgQF1cy1jZW50cmFsMS1kb2NrZXIucGtnLmRldi90aXJpZ2lzdC1jb21yYWRlcy9nY2YtYXJ0aWZhY3RzL3RpcmlnaXN0LS1jb21yYWRlc19fdXMtLWNlbnRyYWwxX19vbl91cGxvYWRfZG9jdW1lbnRfY3JlYXRlZDp2ZXJzaW9uXzEY44nC0/8NIlJwcm9qZWN0cy90aXJpZ2lzdC1jb21yYWRlcy9sb2NhdGlvbnMvdXMtY2VudHJhbDEvZnVuY3Rpb25zL29uVXBsb2FkRG9jdW1lbnRDcmVhdGVkKgwIgPv9vAYQ8Pj5/gIyCG5vZGVqczIyOnYKI2djci5pby9nYWUtcnVudGltZXMvbm9kZWpzMjI6c3RhYmxlEk91cy1jZW50cmFsMS1kb2NrZXIucGtnLmRldi9zZXJ2ZXJsZXNzLXJ1bnRpbWVzL2dvb2dsZS0yMi1mdWxsL3J1bnRpbWVzL25vZGVqczIyQAE= for region us-central1
[debug] [2025-02-02T14:13:32.808Z] [update-tirigist-comrades-us-central1-onFileUploaded] Retrying task index 0
[debug] [2025-02-02T14:13:32.809Z] Checked if tokens are valid: true, expires at: 1738508970616
[debug] [2025-02-02T14:13:32.809Z] Checked if tokens are valid: true, expires at: 1738508970616
[debug] [2025-02-02T14:13:32.809Z] >>> [apiv2][query] GET https://cloudfunctions.googleapis.com/v2/projects/tirigist-comrades/locations/us-central1/operations/operation-1738505606108-62d296117947c-694ea6b9-65f2e458 [none]
[debug] [2025-02-02T14:13:33.113Z] <<< [apiv2][status] GET https://cloudfunctions.googleapis.com/v2/projects/tirigist-comrades/locations/us-central1/operations/operation-1738505606108-62d296117947c-694ea6b9-65f2e458 200
[debug] [2025-02-02T14:13:33.113Z] <<< [apiv2][body] GET https://cloudfunctions.googleapis.com/v2/projects/tirigist-comrades/locations/us-central1/operations/operation-1738505606108-62d296117947c-694ea6b9-65f2e458 {"name":"projects/tirigist-comrades/locations/us-central1/operations/operation-1738505606108-62d296117947c-694ea6b9-65f2e458","metadata":{"@type":"type.googleapis.com/google.cloud.functions.v2.OperationMetadata","createTime":"2025-02-02T14:13:27.114756830Z","target":"projects/tirigist-comrades/locations/us-central1/functions/onFileUploaded","verb":"update","cancelRequested":false,"apiVersion":"v2","requestResource":{"@type":"type.googleapis.com/google.cloud.functions.v2.Function","name":"projects/tirigist-comrades/locations/us-central1/functions/onFileUploaded","buildConfig":{"runtime":"nodejs22","entryPoint":"onFileUploaded","source":{"storageSource":{"bucket":"gcf-v2-sources-480943047907-us-central1","object":"onFileUploaded/function-source.zip","generation":"1738505607063938"}},"environmentVariables":{"GOOGLE_NODE_RUN_SCRIPTS":""},"dockerRepository":"projects/tirigist-comrades/locations/us-central1/repositories/gcf-artifacts","sourceProvenance":{"resolvedStorageSource":{"bucket":"gcf-v2-sources-480943047907-us-central1","object":"onFileUploaded/function-source.zip","generation":"1738497081376130"}},"dockerRegistry":"ARTIFACT_REGISTRY","sourceToken":"Cldwcm9qZWN0cy80ODA5NDMwNDc5MDcvbG9jYXRpb25zL3VzLWNlbnRyYWwxL2J1aWxkcy80NWFmYWZiMi0yYWQ1LTQ4YzctYTc2NS1hNzRlYTBjMmQ1M2YSgQF1cy1jZW50cmFsMS1kb2NrZXIucGtnLmRldi90aXJpZ2lzdC1jb21yYWRlcy9nY2YtYXJ0aWZhY3RzL3RpcmlnaXN0LS1jb21yYWRlc19fdXMtLWNlbnRyYWwxX19vbl91cGxvYWRfZG9jdW1lbnRfY3JlYXRlZDp2ZXJzaW9uXzEY44nC0/8NIlJwcm9qZWN0cy90aXJpZ2lzdC1jb21yYWRlcy9sb2NhdGlvbnMvdXMtY2VudHJhbDEvZnVuY3Rpb25zL29uVXBsb2FkRG9jdW1lbnRDcmVhdGVkKgwIgPv9vAYQ8Pj5/gIyCG5vZGVqczIyOnYKI2djci5pby9nYWUtcnVudGltZXMvbm9kZWpzMjI6c3RhYmxlEk91cy1jZW50cmFsMS1kb2NrZXIucGtnLmRldi9zZXJ2ZXJsZXNzLXJ1bnRpbWVzL2dvb2dsZS0yMi1mdWxsL3J1bnRpbWVzL25vZGVqczIyQAE=","serviceAccount":"projects/tirigist-comrades/serviceAccounts/480943047907-compute@developer.gserviceaccount.com","automaticUpdatePolicy":{}},"serviceConfig":{"service":"projects/tirigist-comrades/locations/us-central1/services/onfileuploaded","timeoutSeconds":60,"environmentVariables":{"FIREBASE_CONFIG":"{\"projectId\":\"tirigist-comrades\",\"storageBucket\":\"tirigist-comrades.firebasestorage.app\"}","GCLOUD_PROJECT":"tirigist-comrades","EVENTARC_CLOUD_EVENT_SOURCE":"projects/tirigist-comrades/locations/us-central1/services/onFileUploaded","FUNCTION_SIGNATURE_TYPE":"cloudevent","FUNCTION_TARGET":"onFileUploaded","LOG_EXECUTION_ID":"true"},"ingressSettings":"ALLOW_ALL","uri":"https://onfileuploaded-6nlgdij53q-uc.a.run.app","serviceAccountEmail":"480943047907-compute@developer.gserviceaccount.com","availableMemory":"256Mi","allTrafficOnLatestRevision":true,"revision":"onfileuploaded-00019-fey","maxInstanceRequestConcurrency":80,"availableCpu":"1"},"eventTrigger":{"trigger":"projects/tirigist-comrades/locations/us-central1/triggers/onfileuploaded-072624","triggerRegion":"us-central1","eventType":"google.cloud.storage.object.v1.finalized","eventFilters":[{"attribute":"bucket","value":"tirigist-comrades.firebasestorage.app"}],"pubsubTopic":"projects/tirigist-comrades/topics/eventarc-us-central1-onfileuploaded-072624-688","serviceAccountEmail":"480943047907-compute@developer.gserviceaccount.com","retryPolicy":"RETRY_POLICY_DO_NOT_RETRY"},"state":"ACTIVE","labels":{"deployment-tool":"cli-firebase","firebase-functions-codebase":"tirigist-comrades","firebase-functions-hash":"e1c2db94df2dd073b4cb168a1f1d0df8c91effe0"},"environment":"GEN_2","url":"https://us-central1-tirigist-comrades.cloudfunctions.net/onFileUploaded"},"stages":[{"name":"BUILD","message":"Reusing build","state":"COMPLETE","resource":"projects/480943047907/locations/us-central1/builds/45afafb2-2ad5-48c7-a765-a74ea0c2d53f"},{"name":"SERVICE","message":"Updating Cloud Run service","state":"IN_PROGRESS","resource":"projects/tirigist-comrades/locations/us-central1/services/onfileuploaded","resourceUri":"https://console.cloud.google.com/run/detail/us-central1/onfileuploaded?project=tirigist-comrades","stateMessages":[{"severity":"INFO","type":"CloudRunServiceNewRevisionTrafficInfo","message":"A new revision will be deployed serving with 100% traffic."}]},{"name":"TRIGGER","state":"NOT_STARTED"}],"sourceToken":"Cldwcm9qZWN0cy80ODA5NDMwNDc5MDcvbG9jYXRpb25zL3VzLWNlbnRyYWwxL2J1aWxkcy80NWFmYWZiMi0yYWQ1LTQ4YzctYTc2NS1hNzRlYTBjMmQ1M2YSgQF1cy1jZW50cmFsMS1kb2NrZXIucGtnLmRldi90aXJpZ2lzdC1jb21yYWRlcy9nY2YtYXJ0aWZhY3RzL3RpcmlnaXN0LS1jb21yYWRlc19fdXMtLWNlbnRyYWwxX19vbl91cGxvYWRfZG9jdW1lbnRfY3JlYXRlZDp2ZXJzaW9uXzEY44nC0/8NIlJwcm9qZWN0cy90aXJpZ2lzdC1jb21yYWRlcy9sb2NhdGlvbnMvdXMtY2VudHJhbDEvZnVuY3Rpb25zL29uVXBsb2FkRG9jdW1lbnRDcmVhdGVkKgwIgPv9vAYQ8Pj5/gIyCG5vZGVqczIyOnYKI2djci5pby9nYWUtcnVudGltZXMvbm9kZWpzMjI6c3RhYmxlEk91cy1jZW50cmFsMS1kb2NrZXIucGtnLmRldi9zZXJ2ZXJsZXNzLXJ1bnRpbWVzL2dvb2dsZS0yMi1mdWxsL3J1bnRpbWVzL25vZGVqczIyQAE=","operationType":"UPDATE_FUNCTION","buildName":"projects/480943047907/locations/us-central1/builds/45afafb2-2ad5-48c7-a765-a74ea0c2d53f"},"done":false}
[debug] [2025-02-02T14:13:33.113Z] Got source token Cldwcm9qZWN0cy80ODA5NDMwNDc5MDcvbG9jYXRpb25zL3VzLWNlbnRyYWwxL2J1aWxkcy80NWFmYWZiMi0yYWQ1LTQ4YzctYTc2NS1hNzRlYTBjMmQ1M2YSgQF1cy1jZW50cmFsMS1kb2NrZXIucGtnLmRldi90aXJpZ2lzdC1jb21yYWRlcy9nY2YtYXJ0aWZhY3RzL3RpcmlnaXN0LS1jb21yYWRlc19fdXMtLWNlbnRyYWwxX19vbl91cGxvYWRfZG9jdW1lbnRfY3JlYXRlZDp2ZXJzaW9uXzEY44nC0/8NIlJwcm9qZWN0cy90aXJpZ2lzdC1jb21yYWRlcy9sb2NhdGlvbnMvdXMtY2VudHJhbDEvZnVuY3Rpb25zL29uVXBsb2FkRG9jdW1lbnRDcmVhdGVkKgwIgPv9vAYQ8Pj5/gIyCG5vZGVqczIyOnYKI2djci5pby9nYWUtcnVudGltZXMvbm9kZWpzMjI6c3RhYmxlEk91cy1jZW50cmFsMS1kb2NrZXIucGtnLmRldi9zZXJ2ZXJsZXNzLXJ1bnRpbWVzL2dvb2dsZS0yMi1mdWxsL3J1bnRpbWVzL25vZGVqczIyQAE= for region us-central1
[debug] [2025-02-02T14:13:33.177Z] <<< [apiv2][status] GET https://cloudfunctions.googleapis.com/v2/projects/tirigist-comrades/locations/us-central1/operations/operation-1738505606077-62d2961171d65-e50fc8a0-3c00ce90 200
[debug] [2025-02-02T14:13:33.177Z] <<< [apiv2][body] GET https://cloudfunctions.googleapis.com/v2/projects/tirigist-comrades/locations/us-central1/operations/operation-1738505606077-62d2961171d65-e50fc8a0-3c00ce90 {"name":"projects/tirigist-comrades/locations/us-central1/operations/operation-1738505606077-62d2961171d65-e50fc8a0-3c00ce90","metadata":{"@type":"type.googleapis.com/google.cloud.functions.v2.OperationMetadata","createTime":"2025-02-02T14:13:27.023441193Z","target":"projects/tirigist-comrades/locations/us-central1/functions/onFileDeleted","verb":"update","cancelRequested":false,"apiVersion":"v2","requestResource":{"@type":"type.googleapis.com/google.cloud.functions.v2.Function","name":"projects/tirigist-comrades/locations/us-central1/functions/onFileDeleted","buildConfig":{"runtime":"nodejs22","entryPoint":"onFileDeleted","source":{"storageSource":{"bucket":"gcf-v2-sources-480943047907-us-central1","object":"onFileDeleted/function-source.zip","generation":"1738505606955355"}},"environmentVariables":{"GOOGLE_NODE_RUN_SCRIPTS":""},"dockerRepository":"projects/tirigist-comrades/locations/us-central1/repositories/gcf-artifacts","sourceProvenance":{"resolvedStorageSource":{"bucket":"gcf-v2-sources-480943047907-us-central1","object":"onFileDeleted/function-source.zip","generation":"1738497081517918"}},"dockerRegistry":"ARTIFACT_REGISTRY","sourceToken":"Cldwcm9qZWN0cy80ODA5NDMwNDc5MDcvbG9jYXRpb25zL3VzLWNlbnRyYWwxL2J1aWxkcy80NWFmYWZiMi0yYWQ1LTQ4YzctYTc2NS1hNzRlYTBjMmQ1M2YSgQF1cy1jZW50cmFsMS1kb2NrZXIucGtnLmRldi90aXJpZ2lzdC1jb21yYWRlcy9nY2YtYXJ0aWZhY3RzL3RpcmlnaXN0LS1jb21yYWRlc19fdXMtLWNlbnRyYWwxX19vbl91cGxvYWRfZG9jdW1lbnRfY3JlYXRlZDp2ZXJzaW9uXzEY44nC0/8NIlJwcm9qZWN0cy90aXJpZ2lzdC1jb21yYWRlcy9sb2NhdGlvbnMvdXMtY2VudHJhbDEvZnVuY3Rpb25zL29uVXBsb2FkRG9jdW1lbnRDcmVhdGVkKgwIgPv9vAYQ8Pj5/gIyCG5vZGVqczIyOnYKI2djci5pby9nYWUtcnVudGltZXMvbm9kZWpzMjI6c3RhYmxlEk91cy1jZW50cmFsMS1kb2NrZXIucGtnLmRldi9zZXJ2ZXJsZXNzLXJ1bnRpbWVzL2dvb2dsZS0yMi1mdWxsL3J1bnRpbWVzL25vZGVqczIyQAE=","serviceAccount":"projects/tirigist-comrades/serviceAccounts/480943047907-compute@developer.gserviceaccount.com","automaticUpdatePolicy":{}},"serviceConfig":{"service":"projects/tirigist-comrades/locations/us-central1/services/onfiledeleted","timeoutSeconds":60,"environmentVariables":{"FIREBASE_CONFIG":"{\"projectId\":\"tirigist-comrades\",\"storageBucket\":\"tirigist-comrades.firebasestorage.app\"}","GCLOUD_PROJECT":"tirigist-comrades","EVENTARC_CLOUD_EVENT_SOURCE":"projects/tirigist-comrades/locations/us-central1/services/onFileDeleted","FUNCTION_SIGNATURE_TYPE":"cloudevent","FUNCTION_TARGET":"onFileDeleted","LOG_EXECUTION_ID":"true"},"ingressSettings":"ALLOW_ALL","uri":"https://onfiledeleted-6nlgdij53q-uc.a.run.app","serviceAccountEmail":"480943047907-compute@developer.gserviceaccount.com","availableMemory":"256Mi","allTrafficOnLatestRevision":true,"revision":"onfiledeleted-00019-top","maxInstanceRequestConcurrency":80,"availableCpu":"1"},"eventTrigger":{"trigger":"projects/tirigist-comrades/locations/us-central1/triggers/onfiledeleted-833919","triggerRegion":"us-central1","eventType":"google.cloud.storage.object.v1.deleted","eventFilters":[{"attribute":"bucket","value":"tirigist-comrades.firebasestorage.app"}],"pubsubTopic":"projects/tirigist-comrades/topics/eventarc-us-central1-onfiledeleted-833919-407","serviceAccountEmail":"480943047907-compute@developer.gserviceaccount.com","retryPolicy":"RETRY_POLICY_DO_NOT_RETRY"},"state":"ACTIVE","labels":{"deployment-tool":"cli-firebase","firebase-functions-codebase":"tirigist-comrades","firebase-functions-hash":"e1c2db94df2dd073b4cb168a1f1d0df8c91effe0"},"environment":"GEN_2","url":"https://us-central1-tirigist-comrades.cloudfunctions.net/onFileDeleted"},"stages":[{"name":"BUILD","message":"Reusing build","state":"COMPLETE","resource":"projects/480943047907/locations/us-central1/builds/45afafb2-2ad5-48c7-a765-a74ea0c2d53f"},{"name":"SERVICE","message":"Updating Cloud Run service","state":"IN_PROGRESS","resource":"projects/tirigist-comrades/locations/us-central1/services/onfiledeleted","resourceUri":"https://console.cloud.google.com/run/detail/us-central1/onfiledeleted?project=tirigist-comrades","stateMessages":[{"severity":"INFO","type":"CloudRunServiceNewRevisionTrafficInfo","message":"A new revision will be deployed serving with 100% traffic."}]},{"name":"TRIGGER","state":"NOT_STARTED"}],"sourceToken":"Cldwcm9qZWN0cy80ODA5NDMwNDc5MDcvbG9jYXRpb25zL3VzLWNlbnRyYWwxL2J1aWxkcy80NWFmYWZiMi0yYWQ1LTQ4YzctYTc2NS1hNzRlYTBjMmQ1M2YSgQF1cy1jZW50cmFsMS1kb2NrZXIucGtnLmRldi90aXJpZ2lzdC1jb21yYWRlcy9nY2YtYXJ0aWZhY3RzL3RpcmlnaXN0LS1jb21yYWRlc19fdXMtLWNlbnRyYWwxX19vbl91cGxvYWRfZG9jdW1lbnRfY3JlYXRlZDp2ZXJzaW9uXzEY44nC0/8NIlJwcm9qZWN0cy90aXJpZ2lzdC1jb21yYWRlcy9sb2NhdGlvbnMvdXMtY2VudHJhbDEvZnVuY3Rpb25zL29uVXBsb2FkRG9jdW1lbnRDcmVhdGVkKgwIgPv9vAYQ8Pj5/gIyCG5vZGVqczIyOnYKI2djci5pby9nYWUtcnVudGltZXMvbm9kZWpzMjI6c3RhYmxlEk91cy1jZW50cmFsMS1kb2NrZXIucGtnLmRldi9zZXJ2ZXJsZXNzLXJ1bnRpbWVzL2dvb2dsZS0yMi1mdWxsL3J1bnRpbWVzL25vZGVqczIyQAE=","operationType":"UPDATE_FUNCTION","buildName":"projects/480943047907/locations/us-central1/builds/45afafb2-2ad5-48c7-a765-a74ea0c2d53f"},"done":false}
[debug] [2025-02-02T14:13:33.177Z] Got source token Cldwcm9qZWN0cy80ODA5NDMwNDc5MDcvbG9jYXRpb25zL3VzLWNlbnRyYWwxL2J1aWxkcy80NWFmYWZiMi0yYWQ1LTQ4YzctYTc2NS1hNzRlYTBjMmQ1M2YSgQF1cy1jZW50cmFsMS1kb2NrZXIucGtnLmRldi90aXJpZ2lzdC1jb21yYWRlcy9nY2YtYXJ0aWZhY3RzL3RpcmlnaXN0LS1jb21yYWRlc19fdXMtLWNlbnRyYWwxX19vbl91cGxvYWRfZG9jdW1lbnRfY3JlYXRlZDp2ZXJzaW9uXzEY44nC0/8NIlJwcm9qZWN0cy90aXJpZ2lzdC1jb21yYWRlcy9sb2NhdGlvbnMvdXMtY2VudHJhbDEvZnVuY3Rpb25zL29uVXBsb2FkRG9jdW1lbnRDcmVhdGVkKgwIgPv9vAYQ8Pj5/gIyCG5vZGVqczIyOnYKI2djci5pby9nYWUtcnVudGltZXMvbm9kZWpzMjI6c3RhYmxlEk91cy1jZW50cmFsMS1kb2NrZXIucGtnLmRldi9zZXJ2ZXJsZXNzLXJ1bnRpbWVzL2dvb2dsZS0yMi1mdWxsL3J1bnRpbWVzL25vZGVqczIyQAE= for region us-central1
[debug] [2025-02-02T14:13:34.402Z] [update-tirigist-comrades-us-central1-onUploadDocumentUpdated] Retrying task index 0
[debug] [2025-02-02T14:13:34.402Z] Checked if tokens are valid: true, expires at: 1738508970616
[debug] [2025-02-02T14:13:34.402Z] Checked if tokens are valid: true, expires at: 1738508970616
[debug] [2025-02-02T14:13:34.402Z] >>> [apiv2][query] GET https://cloudfunctions.googleapis.com/v2/projects/tirigist-comrades/locations/us-central1/operations/operation-1738505606287-62d29611a5201-abad674f-0769fe1b [none]
[debug] [2025-02-02T14:13:34.427Z] [update-tirigist-comrades-us-central1-createUserDocument] Retrying task index 0
[debug] [2025-02-02T14:13:34.428Z] Checked if tokens are valid: true, expires at: 1738508970616
[debug] [2025-02-02T14:13:34.428Z] Checked if tokens are valid: true, expires at: 1738508970616
[debug] [2025-02-02T14:13:34.428Z] >>> [apiv2][query] GET https://cloudfunctions.googleapis.com/v1/operations/dGlyaWdpc3QtY29tcmFkZXMvdXMtY2VudHJhbDEvY3JlYXRlVXNlckRvY3VtZW50L3pZS09udFFHbERR [none]
[debug] [2025-02-02T14:13:34.764Z] <<< [apiv2][status] GET https://cloudfunctions.googleapis.com/v1/operations/dGlyaWdpc3QtY29tcmFkZXMvdXMtY2VudHJhbDEvY3JlYXRlVXNlckRvY3VtZW50L3pZS09udFFHbERR 200
[debug] [2025-02-02T14:13:34.765Z] <<< [apiv2][body] GET https://cloudfunctions.googleapis.com/v1/operations/dGlyaWdpc3QtY29tcmFkZXMvdXMtY2VudHJhbDEvY3JlYXRlVXNlckRvY3VtZW50L3pZS09udFFHbERR {"name":"operations/dGlyaWdpc3QtY29tcmFkZXMvdXMtY2VudHJhbDEvY3JlYXRlVXNlckRvY3VtZW50L3pZS09udFFHbERR","metadata":{"@type":"type.googleapis.com/google.cloud.functions.v1.OperationMetadataV1","target":"projects/tirigist-comrades/locations/us-central1/functions/createUserDocument","type":"UPDATE_FUNCTION","request":{"@type":"type.googleapis.com/google.cloud.functions.v1.CloudFunction","name":"projects/tirigist-comrades/locations/us-central1/functions/createUserDocument","eventTrigger":{"eventType":"providers/firebase.auth/eventTypes/user.create","resource":"projects/tirigist-comrades","service":"firebaseauth.googleapis.com"},"status":"ACTIVE","entryPoint":"createUserDocument","updateTime":"2025-02-02T11:51:49.872Z","versionId":"19","labels":{"deployment-tool":"cli-firebase","firebase-functions-codebase":"tirigist-comrades","firebase-functions-hash":"3b49749894483f75c4720c67e50cb3eeb713a931"},"sourceUploadUrl":"https://storage.googleapis.com/uploads-925032658726.us-central1.cloudfunctions.appspot.com/843b87dc-6581-41c5-8d25-39de45809cba.zip?GoogleAccessId=service-480943047907@gcf-admin-robot.iam.gserviceaccount.com&Expires=1738507291&Signature=XKixh5cqK2EJPYxvGF1LkmrJ6AYn19baTk41ujRcWkRYsFNACY4ThO%2Ba%2BXtff2n7WU%2Bg25wzCB6NHEl7PqvNoZ1KJnyvo7oYucfk%2Bj2JJ2dRiO7m0m1NRGqQMl0Jx9yIURC72a5rxb0u8%2FpRm%2FfQorEBqicQitUap2u3RuwejQmcvAj6KMzhh%2BgxPSEtT3Y55ACvH0a2G6lbjJN54EYpBAt778XoD%2F9qG36OcE4Om0p9vyqCxNXlwKPHr5DQskcVGC0n8O03rbTfAcHjwK0%2FXxiNDSlxqgmLBQ6RGL3CJ4nRabUqbtgLCto%2FajBYjXM4%2BcOtL7Tqb6DfWyi4rBwV2w%3D%3D","environmentVariables":{"FIREBASE_CONFIG":"{\"projectId\":\"tirigist-comrades\",\"storageBucket\":\"tirigist-comrades.firebasestorage.app\"}","GCLOUD_PROJECT":"tirigist-comrades","EVENTARC_CLOUD_EVENT_SOURCE":"projects/tirigist-comrades/locations/us-central1/functions/createUserDocument"},"runtime":"nodejs22","buildId":"5f626cfc-8888-4d10-b3e9-b2f451f29a92","buildEnvironmentVariables":{"GOOGLE_NODE_RUN_SCRIPTS":""},"secretEnvironmentVariables":[{"key":"INTASEND_SECRET_API_KEY","projectId":"tirigist-comrades","secret":"INTASEND_SECRET_API_KEY","version":"1"}],"buildName":"projects/480943047907/locations/us-central1/builds/5f626cfc-8888-4d10-b3e9-b2f451f29a92","dockerRegistry":"ARTIFACT_REGISTRY","automaticUpdatePolicy":{},"buildServiceAccount":"projects/tirigist-comrades/serviceAccounts/480943047907-compute@developer.gserviceaccount.com"},"versionId":"20","updateTime":"2025-02-02T14:11:33Z","buildId":"567e861d-5dfd-4ab8-9d5c-f7f436675005","sourceToken":"9c69286c-8813-4839-a7bc-24514ed68024","buildName":"projects/480943047907/locations/us-central1/builds/567e861d-5dfd-4ab8-9d5c-f7f436675005"}}
[debug] [2025-02-02T14:13:34.765Z] Got source token 9c69286c-8813-4839-a7bc-24514ed68024 for region us-central1
[debug] [2025-02-02T14:13:34.918Z] [update-tirigist-comrades-us-central1-onUploadDocumentCreated] Retrying task index 0
[debug] [2025-02-02T14:13:34.918Z] Checked if tokens are valid: true, expires at: 1738508970616
[debug] [2025-02-02T14:13:34.918Z] Checked if tokens are valid: true, expires at: 1738508970616
[debug] [2025-02-02T14:13:34.918Z] >>> [apiv2][query] GET https://cloudfunctions.googleapis.com/v2/projects/tirigist-comrades/locations/us-central1/operations/operation-1738505493502-62d295a6158ca-f42f3ff6-0de27eae [none]
[debug] [2025-02-02T14:13:35.201Z] <<< [apiv2][status] GET https://cloudfunctions.googleapis.com/v2/projects/tirigist-comrades/locations/us-central1/operations/operation-1738505606287-62d29611a5201-abad674f-0769fe1b 200
[debug] [2025-02-02T14:13:35.201Z] <<< [apiv2][body] GET https://cloudfunctions.googleapis.com/v2/projects/tirigist-comrades/locations/us-central1/operations/operation-1738505606287-62d29611a5201-abad674f-0769fe1b {"name":"projects/tirigist-comrades/locations/us-central1/operations/operation-1738505606287-62d29611a5201-abad674f-0769fe1b","metadata":{"@type":"type.googleapis.com/google.cloud.functions.v2.OperationMetadata","createTime":"2025-02-02T14:13:28.703332771Z","target":"projects/tirigist-comrades/locations/us-central1/functions/onUploadDocumentUpdated","verb":"update","cancelRequested":false,"apiVersion":"v2","requestResource":{"@type":"type.googleapis.com/google.cloud.functions.v2.Function","name":"projects/tirigist-comrades/locations/us-central1/functions/onUploadDocumentUpdated","buildConfig":{"runtime":"nodejs22","entryPoint":"onUploadDocumentUpdated","source":{"storageSource":{"bucket":"gcf-v2-sources-480943047907-us-central1","object":"onUploadDocumentUpdated/function-source.zip","generation":"1738505608662677"}},"environmentVariables":{"GOOGLE_NODE_RUN_SCRIPTS":""},"dockerRepository":"projects/tirigist-comrades/locations/us-central1/repositories/gcf-artifacts","sourceProvenance":{"resolvedStorageSource":{"bucket":"gcf-v2-sources-480943047907-us-central1","object":"onUploadDocumentUpdated/function-source.zip","generation":"1738497082902847"}},"dockerRegistry":"ARTIFACT_REGISTRY","sourceToken":"Cldwcm9qZWN0cy80ODA5NDMwNDc5MDcvbG9jYXRpb25zL3VzLWNlbnRyYWwxL2J1aWxkcy80NWFmYWZiMi0yYWQ1LTQ4YzctYTc2NS1hNzRlYTBjMmQ1M2YSgQF1cy1jZW50cmFsMS1kb2NrZXIucGtnLmRldi90aXJpZ2lzdC1jb21yYWRlcy9nY2YtYXJ0aWZhY3RzL3RpcmlnaXN0LS1jb21yYWRlc19fdXMtLWNlbnRyYWwxX19vbl91cGxvYWRfZG9jdW1lbnRfY3JlYXRlZDp2ZXJzaW9uXzEY44nC0/8NIlJwcm9qZWN0cy90aXJpZ2lzdC1jb21yYWRlcy9sb2NhdGlvbnMvdXMtY2VudHJhbDEvZnVuY3Rpb25zL29uVXBsb2FkRG9jdW1lbnRDcmVhdGVkKgwIgPv9vAYQ8Pj5/gIyCG5vZGVqczIyOnYKI2djci5pby9nYWUtcnVudGltZXMvbm9kZWpzMjI6c3RhYmxlEk91cy1jZW50cmFsMS1kb2NrZXIucGtnLmRldi9zZXJ2ZXJsZXNzLXJ1bnRpbWVzL2dvb2dsZS0yMi1mdWxsL3J1bnRpbWVzL25vZGVqczIyQAE=","serviceAccount":"projects/tirigist-comrades/serviceAccounts/480943047907-compute@developer.gserviceaccount.com","automaticUpdatePolicy":{}},"serviceConfig":{"service":"projects/tirigist-comrades/locations/us-central1/services/onuploaddocumentupdated","timeoutSeconds":60,"environmentVariables":{"FIREBASE_CONFIG":"{\"projectId\":\"tirigist-comrades\",\"storageBucket\":\"tirigist-comrades.firebasestorage.app\"}","GCLOUD_PROJECT":"tirigist-comrades","EVENTARC_CLOUD_EVENT_SOURCE":"projects/tirigist-comrades/locations/us-central1/services/onUploadDocumentUpdated","FUNCTION_SIGNATURE_TYPE":"cloudevent","FUNCTION_TARGET":"onUploadDocumentUpdated","LOG_EXECUTION_ID":"true"},"ingressSettings":"ALLOW_ALL","uri":"https://onuploaddocumentupdated-6nlgdij53q-uc.a.run.app","serviceAccountEmail":"480943047907-compute@developer.gserviceaccount.com","availableMemory":"256Mi","allTrafficOnLatestRevision":true,"revision":"onuploaddocumentupdated-00010-won","maxInstanceRequestConcurrency":80,"availableCpu":"1"},"eventTrigger":{"trigger":"projects/tirigist-comrades/locations/africa-south1/triggers/onuploaddocumentupdated-696489","triggerRegion":"africa-south1","eventType":"google.cloud.firestore.document.v1.updated","eventFilters":[{"attribute":"database","value":"(default)"},{"attribute":"namespace","value":"(default)"},{"attribute":"document","value":"uploads/{documentId}","operator":"match-path-pattern"}],"pubsubTopic":"projects/tirigist-comrades/topics/eventarc-africa-south1-onuploaddocumentupdated-696489-477","serviceAccountEmail":"480943047907-compute@developer.gserviceaccount.com","retryPolicy":"RETRY_POLICY_DO_NOT_RETRY"},"state":"ACTIVE","labels":{"deployment-tool":"cli-firebase","firebase-functions-codebase":"tirigist-comrades","firebase-functions-hash":"e1c2db94df2dd073b4cb168a1f1d0df8c91effe0"},"environment":"GEN_2","url":"https://us-central1-tirigist-comrades.cloudfunctions.net/onUploadDocumentUpdated"},"stages":[{"name":"BUILD","message":"Reusing build","state":"COMPLETE","resource":"projects/480943047907/locations/us-central1/builds/45afafb2-2ad5-48c7-a765-a74ea0c2d53f"},{"name":"SERVICE","message":"Updating Cloud Run service","state":"IN_PROGRESS","resource":"projects/tirigist-comrades/locations/us-central1/services/onuploaddocumentupdated","resourceUri":"https://console.cloud.google.com/run/detail/us-central1/onuploaddocumentupdated?project=tirigist-comrades","stateMessages":[{"severity":"INFO","type":"CloudRunServiceNewRevisionTrafficInfo","message":"A new revision will be deployed serving with 100% traffic."}]},{"name":"TRIGGER","state":"NOT_STARTED"}],"sourceToken":"Cldwcm9qZWN0cy80ODA5NDMwNDc5MDcvbG9jYXRpb25zL3VzLWNlbnRyYWwxL2J1aWxkcy80NWFmYWZiMi0yYWQ1LTQ4YzctYTc2NS1hNzRlYTBjMmQ1M2YSgQF1cy1jZW50cmFsMS1kb2NrZXIucGtnLmRldi90aXJpZ2lzdC1jb21yYWRlcy9nY2YtYXJ0aWZhY3RzL3RpcmlnaXN0LS1jb21yYWRlc19fdXMtLWNlbnRyYWwxX19vbl91cGxvYWRfZG9jdW1lbnRfY3JlYXRlZDp2ZXJzaW9uXzEY44nC0/8NIlJwcm9qZWN0cy90aXJpZ2lzdC1jb21yYWRlcy9sb2NhdGlvbnMvdXMtY2VudHJhbDEvZnVuY3Rpb25zL29uVXBsb2FkRG9jdW1lbnRDcmVhdGVkKgwIgPv9vAYQ8Pj5/gIyCG5vZGVqczIyOnYKI2djci5pby9nYWUtcnVudGltZXMvbm9kZWpzMjI6c3RhYmxlEk91cy1jZW50cmFsMS1kb2NrZXIucGtnLmRldi9zZXJ2ZXJsZXNzLXJ1bnRpbWVzL2dvb2dsZS0yMi1mdWxsL3J1bnRpbWVzL25vZGVqczIyQAE=","operationType":"UPDATE_FUNCTION","buildName":"projects/480943047907/locations/us-central1/builds/45afafb2-2ad5-48c7-a765-a74ea0c2d53f"},"done":false}
[debug] [2025-02-02T14:13:35.201Z] Got source token Cldwcm9qZWN0cy80ODA5NDMwNDc5MDcvbG9jYXRpb25zL3VzLWNlbnRyYWwxL2J1aWxkcy80NWFmYWZiMi0yYWQ1LTQ4YzctYTc2NS1hNzRlYTBjMmQ1M2YSgQF1cy1jZW50cmFsMS1kb2NrZXIucGtnLmRldi90aXJpZ2lzdC1jb21yYWRlcy9nY2YtYXJ0aWZhY3RzL3RpcmlnaXN0LS1jb21yYWRlc19fdXMtLWNlbnRyYWwxX19vbl91cGxvYWRfZG9jdW1lbnRfY3JlYXRlZDp2ZXJzaW9uXzEY44nC0/8NIlJwcm9qZWN0cy90aXJpZ2lzdC1jb21yYWRlcy9sb2NhdGlvbnMvdXMtY2VudHJhbDEvZnVuY3Rpb25zL29uVXBsb2FkRG9jdW1lbnRDcmVhdGVkKgwIgPv9vAYQ8Pj5/gIyCG5vZGVqczIyOnYKI2djci5pby9nYWUtcnVudGltZXMvbm9kZWpzMjI6c3RhYmxlEk91cy1jZW50cmFsMS1kb2NrZXIucGtnLmRldi9zZXJ2ZXJsZXNzLXJ1bnRpbWVzL2dvb2dsZS0yMi1mdWxsL3J1bnRpbWVzL25vZGVqczIyQAE= for region us-central1
[debug] [2025-02-02T14:13:35.729Z] <<< [apiv2][status] GET https://cloudfunctions.googleapis.com/v2/projects/tirigist-comrades/locations/us-central1/operations/operation-1738505493502-62d295a6158ca-f42f3ff6-0de27eae 200
[debug] [2025-02-02T14:13:35.730Z] <<< [apiv2][body] GET https://cloudfunctions.googleapis.com/v2/projects/tirigist-comrades/locations/us-central1/operations/operation-1738505493502-62d295a6158ca-f42f3ff6-0de27eae {"name":"projects/tirigist-comrades/locations/us-central1/operations/operation-1738505493502-62d295a6158ca-f42f3ff6-0de27eae","metadata":{"@type":"type.googleapis.com/google.cloud.functions.v2.OperationMetadata","createTime":"2025-02-02T14:11:36.061002454Z","target":"projects/tirigist-comrades/locations/us-central1/functions/onUploadDocumentCreated","verb":"update","cancelRequested":false,"apiVersion":"v2","requestResource":{"@type":"type.googleapis.com/google.cloud.functions.v2.Function","name":"projects/tirigist-comrades/locations/us-central1/functions/onUploadDocumentCreated","buildConfig":{"runtime":"nodejs22","entryPoint":"onUploadDocumentCreated","source":{"storageSource":{"bucket":"gcf-v2-sources-480943047907-us-central1","object":"onUploadDocumentCreated/function-source.zip","generation":"1738505495961407"}},"environmentVariables":{"GOOGLE_NODE_RUN_SCRIPTS":""},"dockerRepository":"projects/tirigist-comrades/locations/us-central1/repositories/gcf-artifacts","sourceProvenance":{"resolvedStorageSource":{"bucket":"gcf-v2-sources-480943047907-us-central1","object":"onUploadDocumentCreated/function-source.zip","generation":"1738497016108902"}},"dockerRegistry":"ARTIFACT_REGISTRY","serviceAccount":"projects/tirigist-comrades/serviceAccounts/480943047907-compute@developer.gserviceaccount.com","automaticUpdatePolicy":{}},"serviceConfig":{"service":"projects/tirigist-comrades/locations/us-central1/services/onuploaddocumentcreated","timeoutSeconds":60,"environmentVariables":{"FIREBASE_CONFIG":"{\"projectId\":\"tirigist-comrades\",\"storageBucket\":\"tirigist-comrades.firebasestorage.app\"}","GCLOUD_PROJECT":"tirigist-comrades","EVENTARC_CLOUD_EVENT_SOURCE":"projects/tirigist-comrades/locations/us-central1/services/onUploadDocumentCreated","FUNCTION_SIGNATURE_TYPE":"cloudevent","FUNCTION_TARGET":"onUploadDocumentCreated","LOG_EXECUTION_ID":"true"},"ingressSettings":"ALLOW_ALL","uri":"https://onuploaddocumentcreated-6nlgdij53q-uc.a.run.app","serviceAccountEmail":"480943047907-compute@developer.gserviceaccount.com","availableMemory":"256Mi","allTrafficOnLatestRevision":true,"secretEnvironmentVariables":[{"key":"AUTH_FIREBASE_PRIVATE_KEY","projectId":"tirigist-comrades","secret":"AUTH_FIREBASE_PRIVATE_KEY","version":"1"},{"key":"AUTH_FIREBASE_CLIENT_EMAIL","projectId":"tirigist-comrades","secret":"AUTH_FIREBASE_CLIENT_EMAIL","version":"1"},{"key":"AUTH_FIREBASE_PROJECT_ID","projectId":"tirigist-comrades","secret":"AUTH_FIREBASE_PROJECT_ID","version":"1"}],"revision":"onuploaddocumentcreated-00019-dor","maxInstanceRequestConcurrency":80,"availableCpu":"1"},"eventTrigger":{"trigger":"projects/tirigist-comrades/locations/africa-south1/triggers/onuploaddocumentcreated-582218","triggerRegion":"africa-south1","eventType":"google.cloud.firestore.document.v1.created","eventFilters":[{"attribute":"database","value":"(default)"},{"attribute":"namespace","value":"(default)"},{"attribute":"document","value":"uploads/{documentId}","operator":"match-path-pattern"}],"pubsubTopic":"projects/tirigist-comrades/topics/eventarc-africa-south1-onuploaddocumentcreated-582218-445","serviceAccountEmail":"480943047907-compute@developer.gserviceaccount.com","retryPolicy":"RETRY_POLICY_DO_NOT_RETRY"},"state":"ACTIVE","labels":{"deployment-tool":"cli-firebase","firebase-functions-codebase":"tirigist-comrades","firebase-functions-hash":"a92cc9ce5b892bf61b080835c8d85ac08ecaab52"},"environment":"GEN_2","url":"https://us-central1-tirigist-comrades.cloudfunctions.net/onUploadDocumentCreated"},"stages":[{"name":"BUILD","message":"Build finished","state":"COMPLETE","resource":"projects/480943047907/locations/us-central1/builds/45afafb2-2ad5-48c7-a765-a74ea0c2d53f","resourceUri":"https://console.cloud.google.com/cloud-build/builds;region=us-central1/45afafb2-2ad5-48c7-a765-a74ea0c2d53f?project=480943047907"},{"name":"SERVICE","message":"Updating Cloud Run service","state":"IN_PROGRESS","resource":"projects/tirigist-comrades/locations/us-central1/services/onuploaddocumentcreated","resourceUri":"https://console.cloud.google.com/run/detail/us-central1/onuploaddocumentcreated?project=tirigist-comrades","stateMessages":[{"severity":"INFO","type":"CloudRunServiceNewRevisionTrafficInfo","message":"A new revision will be deployed serving with 100% traffic."}]},{"name":"TRIGGER","state":"NOT_STARTED"}],"sourceToken":"Cldwcm9qZWN0cy80ODA5NDMwNDc5MDcvbG9jYXRpb25zL3VzLWNlbnRyYWwxL2J1aWxkcy80NWFmYWZiMi0yYWQ1LTQ4YzctYTc2NS1hNzRlYTBjMmQ1M2YSgQF1cy1jZW50cmFsMS1kb2NrZXIucGtnLmRldi90aXJpZ2lzdC1jb21yYWRlcy9nY2YtYXJ0aWZhY3RzL3RpcmlnaXN0LS1jb21yYWRlc19fdXMtLWNlbnRyYWwxX19vbl91cGxvYWRfZG9jdW1lbnRfY3JlYXRlZDp2ZXJzaW9uXzEY44nC0/8NIlJwcm9qZWN0cy90aXJpZ2lzdC1jb21yYWRlcy9sb2NhdGlvbnMvdXMtY2VudHJhbDEvZnVuY3Rpb25zL29uVXBsb2FkRG9jdW1lbnRDcmVhdGVkKgwIgPv9vAYQ8Pj5/gIyCG5vZGVqczIyOnYKI2djci5pby9nYWUtcnVudGltZXMvbm9kZWpzMjI6c3RhYmxlEk91cy1jZW50cmFsMS1kb2NrZXIucGtnLmRldi9zZXJ2ZXJsZXNzLXJ1bnRpbWVzL2dvb2dsZS0yMi1mdWxsL3J1bnRpbWVzL25vZGVqczIyQAE=","operationType":"UPDATE_FUNCTION","buildName":"projects/480943047907/locations/us-central1/builds/45afafb2-2ad5-48c7-a765-a74ea0c2d53f"},"done":false}
[debug] [2025-02-02T14:13:35.730Z] Got source token Cldwcm9qZWN0cy80ODA5NDMwNDc5MDcvbG9jYXRpb25zL3VzLWNlbnRyYWwxL2J1aWxkcy80NWFmYWZiMi0yYWQ1LTQ4YzctYTc2NS1hNzRlYTBjMmQ1M2YSgQF1cy1jZW50cmFsMS1kb2NrZXIucGtnLmRldi90aXJpZ2lzdC1jb21yYWRlcy9nY2YtYXJ0aWZhY3RzL3RpcmlnaXN0LS1jb21yYWRlc19fdXMtLWNlbnRyYWwxX19vbl91cGxvYWRfZG9jdW1lbnRfY3JlYXRlZDp2ZXJzaW9uXzEY44nC0/8NIlJwcm9qZWN0cy90aXJpZ2lzdC1jb21yYWRlcy9sb2NhdGlvbnMvdXMtY2VudHJhbDEvZnVuY3Rpb25zL29uVXBsb2FkRG9jdW1lbnRDcmVhdGVkKgwIgPv9vAYQ8Pj5/gIyCG5vZGVqczIyOnYKI2djci5pby9nYWUtcnVudGltZXMvbm9kZWpzMjI6c3RhYmxlEk91cy1jZW50cmFsMS1kb2NrZXIucGtnLmRldi9zZXJ2ZXJsZXNzLXJ1bnRpbWVzL2dvb2dsZS0yMi1mdWxsL3J1bnRpbWVzL25vZGVqczIyQAE= for region us-central1
[debug] [2025-02-02T14:13:37.122Z] [update-tirigist-comrades-us-central1-onFileUploaded] Retrying task index 0
[debug] [2025-02-02T14:13:37.123Z] Checked if tokens are valid: true, expires at: 1738508970616
[debug] [2025-02-02T14:13:37.123Z] Checked if tokens are valid: true, expires at: 1738508970616
[debug] [2025-02-02T14:13:37.123Z] >>> [apiv2][query] GET https://cloudfunctions.googleapis.com/v2/projects/tirigist-comrades/locations/us-central1/operations/operation-1738505606108-62d296117947c-694ea6b9-65f2e458 [none]
[debug] [2025-02-02T14:13:37.187Z] [update-tirigist-comrades-us-central1-onFileDeleted] Retrying task index 0
[debug] [2025-02-02T14:13:37.187Z] Checked if tokens are valid: true, expires at: 1738508970616
[debug] [2025-02-02T14:13:37.188Z] Checked if tokens are valid: true, expires at: 1738508970616
[debug] [2025-02-02T14:13:37.188Z] >>> [apiv2][query] GET https://cloudfunctions.googleapis.com/v2/projects/tirigist-comrades/locations/us-central1/operations/operation-1738505606077-62d2961171d65-e50fc8a0-3c00ce90 [none]
[debug] [2025-02-02T14:13:37.597Z] <<< [apiv2][status] GET https://cloudfunctions.googleapis.com/v2/projects/tirigist-comrades/locations/us-central1/operations/operation-1738505606077-62d2961171d65-e50fc8a0-3c00ce90 200
[debug] [2025-02-02T14:13:37.597Z] <<< [apiv2][body] GET https://cloudfunctions.googleapis.com/v2/projects/tirigist-comrades/locations/us-central1/operations/operation-1738505606077-62d2961171d65-e50fc8a0-3c00ce90 {"name":"projects/tirigist-comrades/locations/us-central1/operations/operation-1738505606077-62d2961171d65-e50fc8a0-3c00ce90","metadata":{"@type":"type.googleapis.com/google.cloud.functions.v2.OperationMetadata","createTime":"2025-02-02T14:13:27.023441193Z","target":"projects/tirigist-comrades/locations/us-central1/functions/onFileDeleted","verb":"update","cancelRequested":false,"apiVersion":"v2","requestResource":{"@type":"type.googleapis.com/google.cloud.functions.v2.Function","name":"projects/tirigist-comrades/locations/us-central1/functions/onFileDeleted","buildConfig":{"runtime":"nodejs22","entryPoint":"onFileDeleted","source":{"storageSource":{"bucket":"gcf-v2-sources-480943047907-us-central1","object":"onFileDeleted/function-source.zip","generation":"1738505606955355"}},"environmentVariables":{"GOOGLE_NODE_RUN_SCRIPTS":""},"dockerRepository":"projects/tirigist-comrades/locations/us-central1/repositories/gcf-artifacts","sourceProvenance":{"resolvedStorageSource":{"bucket":"gcf-v2-sources-480943047907-us-central1","object":"onFileDeleted/function-source.zip","generation":"1738497081517918"}},"dockerRegistry":"ARTIFACT_REGISTRY","sourceToken":"Cldwcm9qZWN0cy80ODA5NDMwNDc5MDcvbG9jYXRpb25zL3VzLWNlbnRyYWwxL2J1aWxkcy80NWFmYWZiMi0yYWQ1LTQ4YzctYTc2NS1hNzRlYTBjMmQ1M2YSgQF1cy1jZW50cmFsMS1kb2NrZXIucGtnLmRldi90aXJpZ2lzdC1jb21yYWRlcy9nY2YtYXJ0aWZhY3RzL3RpcmlnaXN0LS1jb21yYWRlc19fdXMtLWNlbnRyYWwxX19vbl91cGxvYWRfZG9jdW1lbnRfY3JlYXRlZDp2ZXJzaW9uXzEY44nC0/8NIlJwcm9qZWN0cy90aXJpZ2lzdC1jb21yYWRlcy9sb2NhdGlvbnMvdXMtY2VudHJhbDEvZnVuY3Rpb25zL29uVXBsb2FkRG9jdW1lbnRDcmVhdGVkKgwIgPv9vAYQ8Pj5/gIyCG5vZGVqczIyOnYKI2djci5pby9nYWUtcnVudGltZXMvbm9kZWpzMjI6c3RhYmxlEk91cy1jZW50cmFsMS1kb2NrZXIucGtnLmRldi9zZXJ2ZXJsZXNzLXJ1bnRpbWVzL2dvb2dsZS0yMi1mdWxsL3J1bnRpbWVzL25vZGVqczIyQAE=","serviceAccount":"projects/tirigist-comrades/serviceAccounts/480943047907-compute@developer.gserviceaccount.com","automaticUpdatePolicy":{}},"serviceConfig":{"service":"projects/tirigist-comrades/locations/us-central1/services/onfiledeleted","timeoutSeconds":60,"environmentVariables":{"FIREBASE_CONFIG":"{\"projectId\":\"tirigist-comrades\",\"storageBucket\":\"tirigist-comrades.firebasestorage.app\"}","GCLOUD_PROJECT":"tirigist-comrades","EVENTARC_CLOUD_EVENT_SOURCE":"projects/tirigist-comrades/locations/us-central1/services/onFileDeleted","FUNCTION_SIGNATURE_TYPE":"cloudevent","FUNCTION_TARGET":"onFileDeleted","LOG_EXECUTION_ID":"true"},"ingressSettings":"ALLOW_ALL","uri":"https://onfiledeleted-6nlgdij53q-uc.a.run.app","serviceAccountEmail":"480943047907-compute@developer.gserviceaccount.com","availableMemory":"256Mi","allTrafficOnLatestRevision":true,"revision":"onfiledeleted-00019-top","maxInstanceRequestConcurrency":80,"availableCpu":"1"},"eventTrigger":{"trigger":"projects/tirigist-comrades/locations/us-central1/triggers/onfiledeleted-833919","triggerRegion":"us-central1","eventType":"google.cloud.storage.object.v1.deleted","eventFilters":[{"attribute":"bucket","value":"tirigist-comrades.firebasestorage.app"}],"pubsubTopic":"projects/tirigist-comrades/topics/eventarc-us-central1-onfiledeleted-833919-407","serviceAccountEmail":"480943047907-compute@developer.gserviceaccount.com","retryPolicy":"RETRY_POLICY_DO_NOT_RETRY"},"state":"ACTIVE","labels":{"deployment-tool":"cli-firebase","firebase-functions-codebase":"tirigist-comrades","firebase-functions-hash":"e1c2db94df2dd073b4cb168a1f1d0df8c91effe0"},"environment":"GEN_2","url":"https://us-central1-tirigist-comrades.cloudfunctions.net/onFileDeleted"},"stages":[{"name":"BUILD","message":"Reusing build","state":"COMPLETE","resource":"projects/480943047907/locations/us-central1/builds/45afafb2-2ad5-48c7-a765-a74ea0c2d53f"},{"name":"SERVICE","message":"Updating Cloud Run service","state":"IN_PROGRESS","resource":"projects/tirigist-comrades/locations/us-central1/services/onfiledeleted","resourceUri":"https://console.cloud.google.com/run/detail/us-central1/onfiledeleted?project=tirigist-comrades","stateMessages":[{"severity":"INFO","type":"CloudRunServiceNewRevisionTrafficInfo","message":"A new revision will be deployed serving with 100% traffic."}]},{"name":"TRIGGER","state":"NOT_STARTED"}],"sourceToken":"Cldwcm9qZWN0cy80ODA5NDMwNDc5MDcvbG9jYXRpb25zL3VzLWNlbnRyYWwxL2J1aWxkcy80NWFmYWZiMi0yYWQ1LTQ4YzctYTc2NS1hNzRlYTBjMmQ1M2YSgQF1cy1jZW50cmFsMS1kb2NrZXIucGtnLmRldi90aXJpZ2lzdC1jb21yYWRlcy9nY2YtYXJ0aWZhY3RzL3RpcmlnaXN0LS1jb21yYWRlc19fdXMtLWNlbnRyYWwxX19vbl91cGxvYWRfZG9jdW1lbnRfY3JlYXRlZDp2ZXJzaW9uXzEY44nC0/8NIlJwcm9qZWN0cy90aXJpZ2lzdC1jb21yYWRlcy9sb2NhdGlvbnMvdXMtY2VudHJhbDEvZnVuY3Rpb25zL29uVXBsb2FkRG9jdW1lbnRDcmVhdGVkKgwIgPv9vAYQ8Pj5/gIyCG5vZGVqczIyOnYKI2djci5pby9nYWUtcnVudGltZXMvbm9kZWpzMjI6c3RhYmxlEk91cy1jZW50cmFsMS1kb2NrZXIucGtnLmRldi9zZXJ2ZXJsZXNzLXJ1bnRpbWVzL2dvb2dsZS0yMi1mdWxsL3J1bnRpbWVzL25vZGVqczIyQAE=","operationType":"UPDATE_FUNCTION","buildName":"projects/480943047907/locations/us-central1/builds/45afafb2-2ad5-48c7-a765-a74ea0c2d53f"},"done":false}
[debug] [2025-02-02T14:13:37.598Z] Got source token Cldwcm9qZWN0cy80ODA5NDMwNDc5MDcvbG9jYXRpb25zL3VzLWNlbnRyYWwxL2J1aWxkcy80NWFmYWZiMi0yYWQ1LTQ4YzctYTc2NS1hNzRlYTBjMmQ1M2YSgQF1cy1jZW50cmFsMS1kb2NrZXIucGtnLmRldi90aXJpZ2lzdC1jb21yYWRlcy9nY2YtYXJ0aWZhY3RzL3RpcmlnaXN0LS1jb21yYWRlc19fdXMtLWNlbnRyYWwxX19vbl91cGxvYWRfZG9jdW1lbnRfY3JlYXRlZDp2ZXJzaW9uXzEY44nC0/8NIlJwcm9qZWN0cy90aXJpZ2lzdC1jb21yYWRlcy9sb2NhdGlvbnMvdXMtY2VudHJhbDEvZnVuY3Rpb25zL29uVXBsb2FkRG9jdW1lbnRDcmVhdGVkKgwIgPv9vAYQ8Pj5/gIyCG5vZGVqczIyOnYKI2djci5pby9nYWUtcnVudGltZXMvbm9kZWpzMjI6c3RhYmxlEk91cy1jZW50cmFsMS1kb2NrZXIucGtnLmRldi9zZXJ2ZXJsZXNzLXJ1bnRpbWVzL2dvb2dsZS0yMi1mdWxsL3J1bnRpbWVzL25vZGVqczIyQAE= for region us-central1
[debug] [2025-02-02T14:13:37.927Z] <<< [apiv2][status] GET https://cloudfunctions.googleapis.com/v2/projects/tirigist-comrades/locations/us-central1/operations/operation-1738505606108-62d296117947c-694ea6b9-65f2e458 200
[debug] [2025-02-02T14:13:37.927Z] <<< [apiv2][body] GET https://cloudfunctions.googleapis.com/v2/projects/tirigist-comrades/locations/us-central1/operations/operation-1738505606108-62d296117947c-694ea6b9-65f2e458 {"name":"projects/tirigist-comrades/locations/us-central1/operations/operation-1738505606108-62d296117947c-694ea6b9-65f2e458","metadata":{"@type":"type.googleapis.com/google.cloud.functions.v2.OperationMetadata","createTime":"2025-02-02T14:13:27.114756830Z","target":"projects/tirigist-comrades/locations/us-central1/functions/onFileUploaded","verb":"update","cancelRequested":false,"apiVersion":"v2","requestResource":{"@type":"type.googleapis.com/google.cloud.functions.v2.Function","name":"projects/tirigist-comrades/locations/us-central1/functions/onFileUploaded","buildConfig":{"runtime":"nodejs22","entryPoint":"onFileUploaded","source":{"storageSource":{"bucket":"gcf-v2-sources-480943047907-us-central1","object":"onFileUploaded/function-source.zip","generation":"1738505607063938"}},"environmentVariables":{"GOOGLE_NODE_RUN_SCRIPTS":""},"dockerRepository":"projects/tirigist-comrades/locations/us-central1/repositories/gcf-artifacts","sourceProvenance":{"resolvedStorageSource":{"bucket":"gcf-v2-sources-480943047907-us-central1","object":"onFileUploaded/function-source.zip","generation":"1738497081376130"}},"dockerRegistry":"ARTIFACT_REGISTRY","sourceToken":"Cldwcm9qZWN0cy80ODA5NDMwNDc5MDcvbG9jYXRpb25zL3VzLWNlbnRyYWwxL2J1aWxkcy80NWFmYWZiMi0yYWQ1LTQ4YzctYTc2NS1hNzRlYTBjMmQ1M2YSgQF1cy1jZW50cmFsMS1kb2NrZXIucGtnLmRldi90aXJpZ2lzdC1jb21yYWRlcy9nY2YtYXJ0aWZhY3RzL3RpcmlnaXN0LS1jb21yYWRlc19fdXMtLWNlbnRyYWwxX19vbl91cGxvYWRfZG9jdW1lbnRfY3JlYXRlZDp2ZXJzaW9uXzEY44nC0/8NIlJwcm9qZWN0cy90aXJpZ2lzdC1jb21yYWRlcy9sb2NhdGlvbnMvdXMtY2VudHJhbDEvZnVuY3Rpb25zL29uVXBsb2FkRG9jdW1lbnRDcmVhdGVkKgwIgPv9vAYQ8Pj5/gIyCG5vZGVqczIyOnYKI2djci5pby9nYWUtcnVudGltZXMvbm9kZWpzMjI6c3RhYmxlEk91cy1jZW50cmFsMS1kb2NrZXIucGtnLmRldi9zZXJ2ZXJsZXNzLXJ1bnRpbWVzL2dvb2dsZS0yMi1mdWxsL3J1bnRpbWVzL25vZGVqczIyQAE=","serviceAccount":"projects/tirigist-comrades/serviceAccounts/480943047907-compute@developer.gserviceaccount.com","automaticUpdatePolicy":{}},"serviceConfig":{"service":"projects/tirigist-comrades/locations/us-central1/services/onfileuploaded","timeoutSeconds":60,"environmentVariables":{"FIREBASE_CONFIG":"{\"projectId\":\"tirigist-comrades\",\"storageBucket\":\"tirigist-comrades.firebasestorage.app\"}","GCLOUD_PROJECT":"tirigist-comrades","EVENTARC_CLOUD_EVENT_SOURCE":"projects/tirigist-comrades/locations/us-central1/services/onFileUploaded","FUNCTION_SIGNATURE_TYPE":"cloudevent","FUNCTION_TARGET":"onFileUploaded","LOG_EXECUTION_ID":"true"},"ingressSettings":"ALLOW_ALL","uri":"https://onfileuploaded-6nlgdij53q-uc.a.run.app","serviceAccountEmail":"480943047907-compute@developer.gserviceaccount.com","availableMemory":"256Mi","allTrafficOnLatestRevision":true,"revision":"onfileuploaded-00019-fey","maxInstanceRequestConcurrency":80,"availableCpu":"1"},"eventTrigger":{"trigger":"projects/tirigist-comrades/locations/us-central1/triggers/onfileuploaded-072624","triggerRegion":"us-central1","eventType":"google.cloud.storage.object.v1.finalized","eventFilters":[{"attribute":"bucket","value":"tirigist-comrades.firebasestorage.app"}],"pubsubTopic":"projects/tirigist-comrades/topics/eventarc-us-central1-onfileuploaded-072624-688","serviceAccountEmail":"480943047907-compute@developer.gserviceaccount.com","retryPolicy":"RETRY_POLICY_DO_NOT_RETRY"},"state":"ACTIVE","labels":{"deployment-tool":"cli-firebase","firebase-functions-codebase":"tirigist-comrades","firebase-functions-hash":"e1c2db94df2dd073b4cb168a1f1d0df8c91effe0"},"environment":"GEN_2","url":"https://us-central1-tirigist-comrades.cloudfunctions.net/onFileUploaded"},"stages":[{"name":"BUILD","message":"Reusing build","state":"COMPLETE","resource":"projects/480943047907/locations/us-central1/builds/45afafb2-2ad5-48c7-a765-a74ea0c2d53f"},{"name":"SERVICE","message":"Updating Cloud Run service","state":"IN_PROGRESS","resource":"projects/tirigist-comrades/locations/us-central1/services/onfileuploaded","resourceUri":"https://console.cloud.google.com/run/detail/us-central1/onfileuploaded?project=tirigist-comrades","stateMessages":[{"severity":"INFO","type":"CloudRunServiceNewRevisionTrafficInfo","message":"A new revision will be deployed serving with 100% traffic."}]},{"name":"TRIGGER","state":"NOT_STARTED"}],"sourceToken":"Cldwcm9qZWN0cy80ODA5NDMwNDc5MDcvbG9jYXRpb25zL3VzLWNlbnRyYWwxL2J1aWxkcy80NWFmYWZiMi0yYWQ1LTQ4YzctYTc2NS1hNzRlYTBjMmQ1M2YSgQF1cy1jZW50cmFsMS1kb2NrZXIucGtnLmRldi90aXJpZ2lzdC1jb21yYWRlcy9nY2YtYXJ0aWZhY3RzL3RpcmlnaXN0LS1jb21yYWRlc19fdXMtLWNlbnRyYWwxX19vbl91cGxvYWRfZG9jdW1lbnRfY3JlYXRlZDp2ZXJzaW9uXzEY44nC0/8NIlJwcm9qZWN0cy90aXJpZ2lzdC1jb21yYWRlcy9sb2NhdGlvbnMvdXMtY2VudHJhbDEvZnVuY3Rpb25zL29uVXBsb2FkRG9jdW1lbnRDcmVhdGVkKgwIgPv9vAYQ8Pj5/gIyCG5vZGVqczIyOnYKI2djci5pby9nYWUtcnVudGltZXMvbm9kZWpzMjI6c3RhYmxlEk91cy1jZW50cmFsMS1kb2NrZXIucGtnLmRldi9zZXJ2ZXJsZXNzLXJ1bnRpbWVzL2dvb2dsZS0yMi1mdWxsL3J1bnRpbWVzL25vZGVqczIyQAE=","operationType":"UPDATE_FUNCTION","buildName":"projects/480943047907/locations/us-central1/builds/45afafb2-2ad5-48c7-a765-a74ea0c2d53f"},"done":false}
[debug] [2025-02-02T14:13:37.927Z] Got source token Cldwcm9qZWN0cy80ODA5NDMwNDc5MDcvbG9jYXRpb25zL3VzLWNlbnRyYWwxL2J1aWxkcy80NWFmYWZiMi0yYWQ1LTQ4YzctYTc2NS1hNzRlYTBjMmQ1M2YSgQF1cy1jZW50cmFsMS1kb2NrZXIucGtnLmRldi90aXJpZ2lzdC1jb21yYWRlcy9nY2YtYXJ0aWZhY3RzL3RpcmlnaXN0LS1jb21yYWRlc19fdXMtLWNlbnRyYWwxX19vbl91cGxvYWRfZG9jdW1lbnRfY3JlYXRlZDp2ZXJzaW9uXzEY44nC0/8NIlJwcm9qZWN0cy90aXJpZ2lzdC1jb21yYWRlcy9sb2NhdGlvbnMvdXMtY2VudHJhbDEvZnVuY3Rpb25zL29uVXBsb2FkRG9jdW1lbnRDcmVhdGVkKgwIgPv9vAYQ8Pj5/gIyCG5vZGVqczIyOnYKI2djci5pby9nYWUtcnVudGltZXMvbm9kZWpzMjI6c3RhYmxlEk91cy1jZW50cmFsMS1kb2NrZXIucGtnLmRldi9zZXJ2ZXJsZXNzLXJ1bnRpbWVzL2dvb2dsZS0yMi1mdWxsL3J1bnRpbWVzL25vZGVqczIyQAE= for region us-central1
[debug] [2025-02-02T14:13:39.202Z] [update-tirigist-comrades-us-central1-onUploadDocumentUpdated] Retrying task index 0
[debug] [2025-02-02T14:13:39.202Z] Checked if tokens are valid: true, expires at: 1738508970616
[debug] [2025-02-02T14:13:39.202Z] Checked if tokens are valid: true, expires at: 1738508970616
[debug] [2025-02-02T14:13:39.202Z] >>> [apiv2][query] GET https://cloudfunctions.googleapis.com/v2/projects/tirigist-comrades/locations/us-central1/operations/operation-1738505606287-62d29611a5201-abad674f-0769fe1b [none]
[debug] [2025-02-02T14:13:40.044Z] <<< [apiv2][status] GET https://cloudfunctions.googleapis.com/v2/projects/tirigist-comrades/locations/us-central1/operations/operation-1738505606287-62d29611a5201-abad674f-0769fe1b 200
[debug] [2025-02-02T14:13:40.044Z] <<< [apiv2][body] GET https://cloudfunctions.googleapis.com/v2/projects/tirigist-comrades/locations/us-central1/operations/operation-1738505606287-62d29611a5201-abad674f-0769fe1b {"name":"projects/tirigist-comrades/locations/us-central1/operations/operation-1738505606287-62d29611a5201-abad674f-0769fe1b","metadata":{"@type":"type.googleapis.com/google.cloud.functions.v2.OperationMetadata","createTime":"2025-02-02T14:13:28.703332771Z","target":"projects/tirigist-comrades/locations/us-central1/functions/onUploadDocumentUpdated","verb":"update","cancelRequested":false,"apiVersion":"v2","requestResource":{"@type":"type.googleapis.com/google.cloud.functions.v2.Function","name":"projects/tirigist-comrades/locations/us-central1/functions/onUploadDocumentUpdated","buildConfig":{"runtime":"nodejs22","entryPoint":"onUploadDocumentUpdated","source":{"storageSource":{"bucket":"gcf-v2-sources-480943047907-us-central1","object":"onUploadDocumentUpdated/function-source.zip","generation":"1738505608662677"}},"environmentVariables":{"GOOGLE_NODE_RUN_SCRIPTS":""},"dockerRepository":"projects/tirigist-comrades/locations/us-central1/repositories/gcf-artifacts","sourceProvenance":{"resolvedStorageSource":{"bucket":"gcf-v2-sources-480943047907-us-central1","object":"onUploadDocumentUpdated/function-source.zip","generation":"1738497082902847"}},"dockerRegistry":"ARTIFACT_REGISTRY","sourceToken":"Cldwcm9qZWN0cy80ODA5NDMwNDc5MDcvbG9jYXRpb25zL3VzLWNlbnRyYWwxL2J1aWxkcy80NWFmYWZiMi0yYWQ1LTQ4YzctYTc2NS1hNzRlYTBjMmQ1M2YSgQF1cy1jZW50cmFsMS1kb2NrZXIucGtnLmRldi90aXJpZ2lzdC1jb21yYWRlcy9nY2YtYXJ0aWZhY3RzL3RpcmlnaXN0LS1jb21yYWRlc19fdXMtLWNlbnRyYWwxX19vbl91cGxvYWRfZG9jdW1lbnRfY3JlYXRlZDp2ZXJzaW9uXzEY44nC0/8NIlJwcm9qZWN0cy90aXJpZ2lzdC1jb21yYWRlcy9sb2NhdGlvbnMvdXMtY2VudHJhbDEvZnVuY3Rpb25zL29uVXBsb2FkRG9jdW1lbnRDcmVhdGVkKgwIgPv9vAYQ8Pj5/gIyCG5vZGVqczIyOnYKI2djci5pby9nYWUtcnVudGltZXMvbm9kZWpzMjI6c3RhYmxlEk91cy1jZW50cmFsMS1kb2NrZXIucGtnLmRldi9zZXJ2ZXJsZXNzLXJ1bnRpbWVzL2dvb2dsZS0yMi1mdWxsL3J1bnRpbWVzL25vZGVqczIyQAE=","serviceAccount":"projects/tirigist-comrades/serviceAccounts/480943047907-compute@developer.gserviceaccount.com","automaticUpdatePolicy":{}},"serviceConfig":{"service":"projects/tirigist-comrades/locations/us-central1/services/onuploaddocumentupdated","timeoutSeconds":60,"environmentVariables":{"FIREBASE_CONFIG":"{\"projectId\":\"tirigist-comrades\",\"storageBucket\":\"tirigist-comrades.firebasestorage.app\"}","GCLOUD_PROJECT":"tirigist-comrades","EVENTARC_CLOUD_EVENT_SOURCE":"projects/tirigist-comrades/locations/us-central1/services/onUploadDocumentUpdated","FUNCTION_SIGNATURE_TYPE":"cloudevent","FUNCTION_TARGET":"onUploadDocumentUpdated","LOG_EXECUTION_ID":"true"},"ingressSettings":"ALLOW_ALL","uri":"https://onuploaddocumentupdated-6nlgdij53q-uc.a.run.app","serviceAccountEmail":"480943047907-compute@developer.gserviceaccount.com","availableMemory":"256Mi","allTrafficOnLatestRevision":true,"revision":"onuploaddocumentupdated-00010-won","maxInstanceRequestConcurrency":80,"availableCpu":"1"},"eventTrigger":{"trigger":"projects/tirigist-comrades/locations/africa-south1/triggers/onuploaddocumentupdated-696489","triggerRegion":"africa-south1","eventType":"google.cloud.firestore.document.v1.updated","eventFilters":[{"attribute":"database","value":"(default)"},{"attribute":"namespace","value":"(default)"},{"attribute":"document","value":"uploads/{documentId}","operator":"match-path-pattern"}],"pubsubTopic":"projects/tirigist-comrades/topics/eventarc-africa-south1-onuploaddocumentupdated-696489-477","serviceAccountEmail":"480943047907-compute@developer.gserviceaccount.com","retryPolicy":"RETRY_POLICY_DO_NOT_RETRY"},"state":"ACTIVE","labels":{"deployment-tool":"cli-firebase","firebase-functions-codebase":"tirigist-comrades","firebase-functions-hash":"e1c2db94df2dd073b4cb168a1f1d0df8c91effe0"},"environment":"GEN_2","url":"https://us-central1-tirigist-comrades.cloudfunctions.net/onUploadDocumentUpdated"},"stages":[{"name":"BUILD","message":"Reusing build","state":"COMPLETE","resource":"projects/480943047907/locations/us-central1/builds/45afafb2-2ad5-48c7-a765-a74ea0c2d53f"},{"name":"SERVICE","message":"Updating Cloud Run service","state":"IN_PROGRESS","resource":"projects/tirigist-comrades/locations/us-central1/services/onuploaddocumentupdated","resourceUri":"https://console.cloud.google.com/run/detail/us-central1/onuploaddocumentupdated?project=tirigist-comrades","stateMessages":[{"severity":"INFO","type":"CloudRunServiceNewRevisionTrafficInfo","message":"A new revision will be deployed serving with 100% traffic."}]},{"name":"TRIGGER","state":"NOT_STARTED"}],"sourceToken":"Cldwcm9qZWN0cy80ODA5NDMwNDc5MDcvbG9jYXRpb25zL3VzLWNlbnRyYWwxL2J1aWxkcy80NWFmYWZiMi0yYWQ1LTQ4YzctYTc2NS1hNzRlYTBjMmQ1M2YSgQF1cy1jZW50cmFsMS1kb2NrZXIucGtnLmRldi90aXJpZ2lzdC1jb21yYWRlcy9nY2YtYXJ0aWZhY3RzL3RpcmlnaXN0LS1jb21yYWRlc19fdXMtLWNlbnRyYWwxX19vbl91cGxvYWRfZG9jdW1lbnRfY3JlYXRlZDp2ZXJzaW9uXzEY44nC0/8NIlJwcm9qZWN0cy90aXJpZ2lzdC1jb21yYWRlcy9sb2NhdGlvbnMvdXMtY2VudHJhbDEvZnVuY3Rpb25zL29uVXBsb2FkRG9jdW1lbnRDcmVhdGVkKgwIgPv9vAYQ8Pj5/gIyCG5vZGVqczIyOnYKI2djci5pby9nYWUtcnVudGltZXMvbm9kZWpzMjI6c3RhYmxlEk91cy1jZW50cmFsMS1kb2NrZXIucGtnLmRldi9zZXJ2ZXJsZXNzLXJ1bnRpbWVzL2dvb2dsZS0yMi1mdWxsL3J1bnRpbWVzL25vZGVqczIyQAE=","operationType":"UPDATE_FUNCTION","buildName":"projects/480943047907/locations/us-central1/builds/45afafb2-2ad5-48c7-a765-a74ea0c2d53f"},"done":false}
[debug] [2025-02-02T14:13:40.044Z] Got source token Cldwcm9qZWN0cy80ODA5NDMwNDc5MDcvbG9jYXRpb25zL3VzLWNlbnRyYWwxL2J1aWxkcy80NWFmYWZiMi0yYWQ1LTQ4YzctYTc2NS1hNzRlYTBjMmQ1M2YSgQF1cy1jZW50cmFsMS1kb2NrZXIucGtnLmRldi90aXJpZ2lzdC1jb21yYWRlcy9nY2YtYXJ0aWZhY3RzL3RpcmlnaXN0LS1jb21yYWRlc19fdXMtLWNlbnRyYWwxX19vbl91cGxvYWRfZG9jdW1lbnRfY3JlYXRlZDp2ZXJzaW9uXzEY44nC0/8NIlJwcm9qZWN0cy90aXJpZ2lzdC1jb21yYWRlcy9sb2NhdGlvbnMvdXMtY2VudHJhbDEvZnVuY3Rpb25zL29uVXBsb2FkRG9jdW1lbnRDcmVhdGVkKgwIgPv9vAYQ8Pj5/gIyCG5vZGVqczIyOnYKI2djci5pby9nYWUtcnVudGltZXMvbm9kZWpzMjI6c3RhYmxlEk91cy1jZW50cmFsMS1kb2NrZXIucGtnLmRldi9zZXJ2ZXJsZXNzLXJ1bnRpbWVzL2dvb2dsZS0yMi1mdWxsL3J1bnRpbWVzL25vZGVqczIyQAE= for region us-central1
[debug] [2025-02-02T14:13:44.771Z] [update-tirigist-comrades-us-central1-createUserDocument] Retrying task index 0
[debug] [2025-02-02T14:13:44.771Z] Checked if tokens are valid: true, expires at: 1738508970616
[debug] [2025-02-02T14:13:44.772Z] Checked if tokens are valid: true, expires at: 1738508970616
[debug] [2025-02-02T14:13:44.772Z] >>> [apiv2][query] GET https://cloudfunctions.googleapis.com/v1/operations/dGlyaWdpc3QtY29tcmFkZXMvdXMtY2VudHJhbDEvY3JlYXRlVXNlckRvY3VtZW50L3pZS09udFFHbERR [none]
[debug] [2025-02-02T14:13:45.104Z] <<< [apiv2][status] GET https://cloudfunctions.googleapis.com/v1/operations/dGlyaWdpc3QtY29tcmFkZXMvdXMtY2VudHJhbDEvY3JlYXRlVXNlckRvY3VtZW50L3pZS09udFFHbERR 200
[debug] [2025-02-02T14:13:45.104Z] <<< [apiv2][body] GET https://cloudfunctions.googleapis.com/v1/operations/dGlyaWdpc3QtY29tcmFkZXMvdXMtY2VudHJhbDEvY3JlYXRlVXNlckRvY3VtZW50L3pZS09udFFHbERR {"name":"operations/dGlyaWdpc3QtY29tcmFkZXMvdXMtY2VudHJhbDEvY3JlYXRlVXNlckRvY3VtZW50L3pZS09udFFHbERR","metadata":{"@type":"type.googleapis.com/google.cloud.functions.v1.OperationMetadataV1","target":"projects/tirigist-comrades/locations/us-central1/functions/createUserDocument","type":"UPDATE_FUNCTION","request":{"@type":"type.googleapis.com/google.cloud.functions.v1.CloudFunction","name":"projects/tirigist-comrades/locations/us-central1/functions/createUserDocument","eventTrigger":{"eventType":"providers/firebase.auth/eventTypes/user.create","resource":"projects/tirigist-comrades","service":"firebaseauth.googleapis.com"},"status":"ACTIVE","entryPoint":"createUserDocument","updateTime":"2025-02-02T11:51:49.872Z","versionId":"19","labels":{"deployment-tool":"cli-firebase","firebase-functions-codebase":"tirigist-comrades","firebase-functions-hash":"3b49749894483f75c4720c67e50cb3eeb713a931"},"sourceUploadUrl":"https://storage.googleapis.com/uploads-925032658726.us-central1.cloudfunctions.appspot.com/843b87dc-6581-41c5-8d25-39de45809cba.zip?GoogleAccessId=service-480943047907@gcf-admin-robot.iam.gserviceaccount.com&Expires=1738507291&Signature=XKixh5cqK2EJPYxvGF1LkmrJ6AYn19baTk41ujRcWkRYsFNACY4ThO%2Ba%2BXtff2n7WU%2Bg25wzCB6NHEl7PqvNoZ1KJnyvo7oYucfk%2Bj2JJ2dRiO7m0m1NRGqQMl0Jx9yIURC72a5rxb0u8%2FpRm%2FfQorEBqicQitUap2u3RuwejQmcvAj6KMzhh%2BgxPSEtT3Y55ACvH0a2G6lbjJN54EYpBAt778XoD%2F9qG36OcE4Om0p9vyqCxNXlwKPHr5DQskcVGC0n8O03rbTfAcHjwK0%2FXxiNDSlxqgmLBQ6RGL3CJ4nRabUqbtgLCto%2FajBYjXM4%2BcOtL7Tqb6DfWyi4rBwV2w%3D%3D","environmentVariables":{"FIREBASE_CONFIG":"{\"projectId\":\"tirigist-comrades\",\"storageBucket\":\"tirigist-comrades.firebasestorage.app\"}","GCLOUD_PROJECT":"tirigist-comrades","EVENTARC_CLOUD_EVENT_SOURCE":"projects/tirigist-comrades/locations/us-central1/functions/createUserDocument"},"runtime":"nodejs22","buildId":"5f626cfc-8888-4d10-b3e9-b2f451f29a92","buildEnvironmentVariables":{"GOOGLE_NODE_RUN_SCRIPTS":""},"secretEnvironmentVariables":[{"key":"INTASEND_SECRET_API_KEY","projectId":"tirigist-comrades","secret":"INTASEND_SECRET_API_KEY","version":"1"}],"buildName":"projects/480943047907/locations/us-central1/builds/5f626cfc-8888-4d10-b3e9-b2f451f29a92","dockerRegistry":"ARTIFACT_REGISTRY","automaticUpdatePolicy":{},"buildServiceAccount":"projects/tirigist-comrades/serviceAccounts/480943047907-compute@developer.gserviceaccount.com"},"versionId":"20","updateTime":"2025-02-02T14:11:33Z","buildId":"567e861d-5dfd-4ab8-9d5c-f7f436675005","sourceToken":"9c69286c-8813-4839-a7bc-24514ed68024","buildName":"projects/480943047907/locations/us-central1/builds/567e861d-5dfd-4ab8-9d5c-f7f436675005"}}
[debug] [2025-02-02T14:13:45.104Z] Got source token 9c69286c-8813-4839-a7bc-24514ed68024 for region us-central1
[debug] [2025-02-02T14:13:45.605Z] [update-tirigist-comrades-us-central1-onFileDeleted] Retrying task index 0
[debug] [2025-02-02T14:13:45.605Z] Checked if tokens are valid: true, expires at: 1738508970616
[debug] [2025-02-02T14:13:45.605Z] Checked if tokens are valid: true, expires at: 1738508970616
[debug] [2025-02-02T14:13:45.605Z] >>> [apiv2][query] GET https://cloudfunctions.googleapis.com/v2/projects/tirigist-comrades/locations/us-central1/operations/operation-1738505606077-62d2961171d65-e50fc8a0-3c00ce90 [none]
[debug] [2025-02-02T14:13:45.738Z] [update-tirigist-comrades-us-central1-onUploadDocumentCreated] Retrying task index 0
[debug] [2025-02-02T14:13:45.738Z] Checked if tokens are valid: true, expires at: 1738508970616
[debug] [2025-02-02T14:13:45.739Z] Checked if tokens are valid: true, expires at: 1738508970616
[debug] [2025-02-02T14:13:45.739Z] >>> [apiv2][query] GET https://cloudfunctions.googleapis.com/v2/projects/tirigist-comrades/locations/us-central1/operations/operation-1738505493502-62d295a6158ca-f42f3ff6-0de27eae [none]
[debug] [2025-02-02T14:13:45.937Z] [update-tirigist-comrades-us-central1-onFileUploaded] Retrying task index 0
[debug] [2025-02-02T14:13:45.938Z] Checked if tokens are valid: true, expires at: 1738508970616
[debug] [2025-02-02T14:13:45.938Z] Checked if tokens are valid: true, expires at: 1738508970616
[debug] [2025-02-02T14:13:45.938Z] >>> [apiv2][query] GET https://cloudfunctions.googleapis.com/v2/projects/tirigist-comrades/locations/us-central1/operations/operation-1738505606108-62d296117947c-694ea6b9-65f2e458 [none]
[debug] [2025-02-02T14:13:46.417Z] <<< [apiv2][status] GET https://cloudfunctions.googleapis.com/v2/projects/tirigist-comrades/locations/us-central1/operations/operation-1738505606077-62d2961171d65-e50fc8a0-3c00ce90 200
[debug] [2025-02-02T14:13:46.417Z] <<< [apiv2][body] GET https://cloudfunctions.googleapis.com/v2/projects/tirigist-comrades/locations/us-central1/operations/operation-1738505606077-62d2961171d65-e50fc8a0-3c00ce90 {"name":"projects/tirigist-comrades/locations/us-central1/operations/operation-1738505606077-62d2961171d65-e50fc8a0-3c00ce90","metadata":{"@type":"type.googleapis.com/google.cloud.functions.v2.OperationMetadata","createTime":"2025-02-02T14:13:27.023441193Z","endTime":"2025-02-02T14:13:46.030209966Z","target":"projects/tirigist-comrades/locations/us-central1/functions/onFileDeleted","verb":"update","cancelRequested":false,"apiVersion":"v2","requestResource":{"@type":"type.googleapis.com/google.cloud.functions.v2.Function","name":"projects/tirigist-comrades/locations/us-central1/functions/onFileDeleted","buildConfig":{"runtime":"nodejs22","entryPoint":"onFileDeleted","source":{"storageSource":{"bucket":"gcf-v2-sources-480943047907-us-central1","object":"onFileDeleted/function-source.zip","generation":"1738505606955355"}},"environmentVariables":{"GOOGLE_NODE_RUN_SCRIPTS":""},"dockerRepository":"projects/tirigist-comrades/locations/us-central1/repositories/gcf-artifacts","sourceProvenance":{"resolvedStorageSource":{"bucket":"gcf-v2-sources-480943047907-us-central1","object":"onFileDeleted/function-source.zip","generation":"1738497081517918"}},"dockerRegistry":"ARTIFACT_REGISTRY","sourceToken":"Cldwcm9qZWN0cy80ODA5NDMwNDc5MDcvbG9jYXRpb25zL3VzLWNlbnRyYWwxL2J1aWxkcy80NWFmYWZiMi0yYWQ1LTQ4YzctYTc2NS1hNzRlYTBjMmQ1M2YSgQF1cy1jZW50cmFsMS1kb2NrZXIucGtnLmRldi90aXJpZ2lzdC1jb21yYWRlcy9nY2YtYXJ0aWZhY3RzL3RpcmlnaXN0LS1jb21yYWRlc19fdXMtLWNlbnRyYWwxX19vbl91cGxvYWRfZG9jdW1lbnRfY3JlYXRlZDp2ZXJzaW9uXzEY44nC0/8NIlJwcm9qZWN0cy90aXJpZ2lzdC1jb21yYWRlcy9sb2NhdGlvbnMvdXMtY2VudHJhbDEvZnVuY3Rpb25zL29uVXBsb2FkRG9jdW1lbnRDcmVhdGVkKgwIgPv9vAYQ8Pj5/gIyCG5vZGVqczIyOnYKI2djci5pby9nYWUtcnVudGltZXMvbm9kZWpzMjI6c3RhYmxlEk91cy1jZW50cmFsMS1kb2NrZXIucGtnLmRldi9zZXJ2ZXJsZXNzLXJ1bnRpbWVzL2dvb2dsZS0yMi1mdWxsL3J1bnRpbWVzL25vZGVqczIyQAE=","serviceAccount":"projects/tirigist-comrades/serviceAccounts/480943047907-compute@developer.gserviceaccount.com","automaticUpdatePolicy":{}},"serviceConfig":{"service":"projects/tirigist-comrades/locations/us-central1/services/onfiledeleted","timeoutSeconds":60,"environmentVariables":{"FIREBASE_CONFIG":"{\"projectId\":\"tirigist-comrades\",\"storageBucket\":\"tirigist-comrades.firebasestorage.app\"}","GCLOUD_PROJECT":"tirigist-comrades","EVENTARC_CLOUD_EVENT_SOURCE":"projects/tirigist-comrades/locations/us-central1/services/onFileDeleted","FUNCTION_SIGNATURE_TYPE":"cloudevent","FUNCTION_TARGET":"onFileDeleted","LOG_EXECUTION_ID":"true"},"ingressSettings":"ALLOW_ALL","uri":"https://onfiledeleted-6nlgdij53q-uc.a.run.app","serviceAccountEmail":"480943047907-compute@developer.gserviceaccount.com","availableMemory":"256Mi","allTrafficOnLatestRevision":true,"revision":"onfiledeleted-00019-top","maxInstanceRequestConcurrency":80,"availableCpu":"1"},"eventTrigger":{"trigger":"projects/tirigist-comrades/locations/us-central1/triggers/onfiledeleted-833919","triggerRegion":"us-central1","eventType":"google.cloud.storage.object.v1.deleted","eventFilters":[{"attribute":"bucket","value":"tirigist-comrades.firebasestorage.app"}],"pubsubTopic":"projects/tirigist-comrades/topics/eventarc-us-central1-onfiledeleted-833919-407","serviceAccountEmail":"480943047907-compute@developer.gserviceaccount.com","retryPolicy":"RETRY_POLICY_DO_NOT_RETRY"},"state":"ACTIVE","labels":{"deployment-tool":"cli-firebase","firebase-functions-codebase":"tirigist-comrades","firebase-functions-hash":"e1c2db94df2dd073b4cb168a1f1d0df8c91effe0"},"environment":"GEN_2","url":"https://us-central1-tirigist-comrades.cloudfunctions.net/onFileDeleted"},"stages":[{"name":"SERVICE","state":"NOT_STARTED"},{"name":"TRIGGER","state":"NOT_STARTED"}],"operationType":"UPDATE_FUNCTION"},"done":true,"error":{"code":3,"message":"Could not create or update Cloud Run service onfiledeleted, Container Healthcheck failed. Revision 'onfiledeleted-00020-lay' is not ready and cannot serve traffic. The user-provided container failed to start and listen on the port defined provided by the PORT=8080 environment variable within the allocated timeout. This can happen when the container port is misconfigured or if the timeout is too short. The health check timeout can be extended. Logs for this revision might contain more information.\n\nLogs URL: https://console.cloud.google.com/logs/viewer?project=tirigist-comrades&resource=cloud_run_revision/service_name/onfiledeleted/revision_name/onfiledeleted-00020-lay&advancedFilter=resource.type%3D%22cloud_run_revision%22%0Aresource.labels.service_name%3D%22onfiledeleted%22%0Aresource.labels.revision_name%3D%22onfiledeleted-00020-lay%22 \nFor more troubleshooting guidance, see https://cloud.google.com/run/docs/troubleshooting#container-failed-to-start"}}
[debug] [2025-02-02T14:13:46.417Z] Got source token undefined for region us-central1
[error] Could not create or update Cloud Run service onfiledeleted, Container Healthcheck failed. Revision 'onfiledeleted-00020-lay' is not ready and cannot serve traffic. The user-provided container failed to start and listen on the port defined provided by the PORT=8080 environment variable within the allocated timeout. This can happen when the container port is misconfigured or if the timeout is too short. The health check timeout can be extended. Logs for this revision might contain more information.

Logs URL: https://console.cloud.google.com/logs/viewer?project=tirigist-comrades&resource=cloud_run_revision/service_name/onfiledeleted/revision_name/onfiledeleted-00020-lay&advancedFilter=resource.type%3D%22cloud_run_revision%22%0Aresource.labels.service_name%3D%22onfiledeleted%22%0Aresource.labels.revision_name%3D%22onfiledeleted-00020-lay%22 
For more troubleshooting guidance, see https://cloud.google.com/run/docs/troubleshooting#container-failed-to-start
[debug] [2025-02-02T14:13:46.796Z] <<< [apiv2][status] GET https://cloudfunctions.googleapis.com/v2/projects/tirigist-comrades/locations/us-central1/operations/operation-1738505493502-62d295a6158ca-f42f3ff6-0de27eae 200
[debug] [2025-02-02T14:13:46.797Z] <<< [apiv2][body] GET https://cloudfunctions.googleapis.com/v2/projects/tirigist-comrades/locations/us-central1/operations/operation-1738505493502-62d295a6158ca-f42f3ff6-0de27eae {"name":"projects/tirigist-comrades/locations/us-central1/operations/operation-1738505493502-62d295a6158ca-f42f3ff6-0de27eae","metadata":{"@type":"type.googleapis.com/google.cloud.functions.v2.OperationMetadata","createTime":"2025-02-02T14:11:36.061002454Z","target":"projects/tirigist-comrades/locations/us-central1/functions/onUploadDocumentCreated","verb":"update","cancelRequested":false,"apiVersion":"v2","requestResource":{"@type":"type.googleapis.com/google.cloud.functions.v2.Function","name":"projects/tirigist-comrades/locations/us-central1/functions/onUploadDocumentCreated","buildConfig":{"runtime":"nodejs22","entryPoint":"onUploadDocumentCreated","source":{"storageSource":{"bucket":"gcf-v2-sources-480943047907-us-central1","object":"onUploadDocumentCreated/function-source.zip","generation":"1738505495961407"}},"environmentVariables":{"GOOGLE_NODE_RUN_SCRIPTS":""},"dockerRepository":"projects/tirigist-comrades/locations/us-central1/repositories/gcf-artifacts","sourceProvenance":{"resolvedStorageSource":{"bucket":"gcf-v2-sources-480943047907-us-central1","object":"onUploadDocumentCreated/function-source.zip","generation":"1738497016108902"}},"dockerRegistry":"ARTIFACT_REGISTRY","serviceAccount":"projects/tirigist-comrades/serviceAccounts/480943047907-compute@developer.gserviceaccount.com","automaticUpdatePolicy":{}},"serviceConfig":{"service":"projects/tirigist-comrades/locations/us-central1/services/onuploaddocumentcreated","timeoutSeconds":60,"environmentVariables":{"FIREBASE_CONFIG":"{\"projectId\":\"tirigist-comrades\",\"storageBucket\":\"tirigist-comrades.firebasestorage.app\"}","GCLOUD_PROJECT":"tirigist-comrades","EVENTARC_CLOUD_EVENT_SOURCE":"projects/tirigist-comrades/locations/us-central1/services/onUploadDocumentCreated","FUNCTION_SIGNATURE_TYPE":"cloudevent","FUNCTION_TARGET":"onUploadDocumentCreated","LOG_EXECUTION_ID":"true"},"ingressSettings":"ALLOW_ALL","uri":"https://onuploaddocumentcreated-6nlgdij53q-uc.a.run.app","serviceAccountEmail":"480943047907-compute@developer.gserviceaccount.com","availableMemory":"256Mi","allTrafficOnLatestRevision":true,"secretEnvironmentVariables":[{"key":"AUTH_FIREBASE_PRIVATE_KEY","projectId":"tirigist-comrades","secret":"AUTH_FIREBASE_PRIVATE_KEY","version":"1"},{"key":"AUTH_FIREBASE_CLIENT_EMAIL","projectId":"tirigist-comrades","secret":"AUTH_FIREBASE_CLIENT_EMAIL","version":"1"},{"key":"AUTH_FIREBASE_PROJECT_ID","projectId":"tirigist-comrades","secret":"AUTH_FIREBASE_PROJECT_ID","version":"1"}],"revision":"onuploaddocumentcreated-00019-dor","maxInstanceRequestConcurrency":80,"availableCpu":"1"},"eventTrigger":{"trigger":"projects/tirigist-comrades/locations/africa-south1/triggers/onuploaddocumentcreated-582218","triggerRegion":"africa-south1","eventType":"google.cloud.firestore.document.v1.created","eventFilters":[{"attribute":"database","value":"(default)"},{"attribute":"namespace","value":"(default)"},{"attribute":"document","value":"uploads/{documentId}","operator":"match-path-pattern"}],"pubsubTopic":"projects/tirigist-comrades/topics/eventarc-africa-south1-onuploaddocumentcreated-582218-445","serviceAccountEmail":"480943047907-compute@developer.gserviceaccount.com","retryPolicy":"RETRY_POLICY_DO_NOT_RETRY"},"state":"ACTIVE","labels":{"deployment-tool":"cli-firebase","firebase-functions-codebase":"tirigist-comrades","firebase-functions-hash":"a92cc9ce5b892bf61b080835c8d85ac08ecaab52"},"environment":"GEN_2","url":"https://us-central1-tirigist-comrades.cloudfunctions.net/onUploadDocumentCreated"},"stages":[{"name":"BUILD","message":"Build finished","state":"COMPLETE","resource":"projects/480943047907/locations/us-central1/builds/45afafb2-2ad5-48c7-a765-a74ea0c2d53f","resourceUri":"https://console.cloud.google.com/cloud-build/builds;region=us-central1/45afafb2-2ad5-48c7-a765-a74ea0c2d53f?project=480943047907"},{"name":"SERVICE","message":"Updating Cloud Run service","state":"IN_PROGRESS","resource":"projects/tirigist-comrades/locations/us-central1/services/onuploaddocumentcreated","resourceUri":"https://console.cloud.google.com/run/detail/us-central1/onuploaddocumentcreated?project=tirigist-comrades","stateMessages":[{"severity":"INFO","type":"CloudRunServiceNewRevisionTrafficInfo","message":"A new revision will be deployed serving with 100% traffic."}]},{"name":"TRIGGER","state":"NOT_STARTED"}],"sourceToken":"Cldwcm9qZWN0cy80ODA5NDMwNDc5MDcvbG9jYXRpb25zL3VzLWNlbnRyYWwxL2J1aWxkcy80NWFmYWZiMi0yYWQ1LTQ4YzctYTc2NS1hNzRlYTBjMmQ1M2YSgQF1cy1jZW50cmFsMS1kb2NrZXIucGtnLmRldi90aXJpZ2lzdC1jb21yYWRlcy9nY2YtYXJ0aWZhY3RzL3RpcmlnaXN0LS1jb21yYWRlc19fdXMtLWNlbnRyYWwxX19vbl91cGxvYWRfZG9jdW1lbnRfY3JlYXRlZDp2ZXJzaW9uXzEY44nC0/8NIlJwcm9qZWN0cy90aXJpZ2lzdC1jb21yYWRlcy9sb2NhdGlvbnMvdXMtY2VudHJhbDEvZnVuY3Rpb25zL29uVXBsb2FkRG9jdW1lbnRDcmVhdGVkKgwIgPv9vAYQ8Pj5/gIyCG5vZGVqczIyOnYKI2djci5pby9nYWUtcnVudGltZXMvbm9kZWpzMjI6c3RhYmxlEk91cy1jZW50cmFsMS1kb2NrZXIucGtnLmRldi9zZXJ2ZXJsZXNzLXJ1bnRpbWVzL2dvb2dsZS0yMi1mdWxsL3J1bnRpbWVzL25vZGVqczIyQAE=","operationType":"UPDATE_FUNCTION","buildName":"projects/480943047907/locations/us-central1/builds/45afafb2-2ad5-48c7-a765-a74ea0c2d53f"},"done":false}
[debug] [2025-02-02T14:13:46.797Z] Got source token Cldwcm9qZWN0cy80ODA5NDMwNDc5MDcvbG9jYXRpb25zL3VzLWNlbnRyYWwxL2J1aWxkcy80NWFmYWZiMi0yYWQ1LTQ4YzctYTc2NS1hNzRlYTBjMmQ1M2YSgQF1cy1jZW50cmFsMS1kb2NrZXIucGtnLmRldi90aXJpZ2lzdC1jb21yYWRlcy9nY2YtYXJ0aWZhY3RzL3RpcmlnaXN0LS1jb21yYWRlc19fdXMtLWNlbnRyYWwxX19vbl91cGxvYWRfZG9jdW1lbnRfY3JlYXRlZDp2ZXJzaW9uXzEY44nC0/8NIlJwcm9qZWN0cy90aXJpZ2lzdC1jb21yYWRlcy9sb2NhdGlvbnMvdXMtY2VudHJhbDEvZnVuY3Rpb25zL29uVXBsb2FkRG9jdW1lbnRDcmVhdGVkKgwIgPv9vAYQ8Pj5/gIyCG5vZGVqczIyOnYKI2djci5pby9nYWUtcnVudGltZXMvbm9kZWpzMjI6c3RhYmxlEk91cy1jZW50cmFsMS1kb2NrZXIucGtnLmRldi9zZXJ2ZXJsZXNzLXJ1bnRpbWVzL2dvb2dsZS0yMi1mdWxsL3J1bnRpbWVzL25vZGVqczIyQAE= for region us-central1
[debug] [2025-02-02T14:13:46.977Z] <<< [apiv2][status] GET https://cloudfunctions.googleapis.com/v2/projects/tirigist-comrades/locations/us-central1/operations/operation-1738505606108-62d296117947c-694ea6b9-65f2e458 200
[debug] [2025-02-02T14:13:46.978Z] <<< [apiv2][body] GET https://cloudfunctions.googleapis.com/v2/projects/tirigist-comrades/locations/us-central1/operations/operation-1738505606108-62d296117947c-694ea6b9-65f2e458 {"name":"projects/tirigist-comrades/locations/us-central1/operations/operation-1738505606108-62d296117947c-694ea6b9-65f2e458","metadata":{"@type":"type.googleapis.com/google.cloud.functions.v2.OperationMetadata","createTime":"2025-02-02T14:13:27.114756830Z","endTime":"2025-02-02T14:13:45.553300316Z","target":"projects/tirigist-comrades/locations/us-central1/functions/onFileUploaded","verb":"update","cancelRequested":false,"apiVersion":"v2","requestResource":{"@type":"type.googleapis.com/google.cloud.functions.v2.Function","name":"projects/tirigist-comrades/locations/us-central1/functions/onFileUploaded","buildConfig":{"runtime":"nodejs22","entryPoint":"onFileUploaded","source":{"storageSource":{"bucket":"gcf-v2-sources-480943047907-us-central1","object":"onFileUploaded/function-source.zip","generation":"1738505607063938"}},"environmentVariables":{"GOOGLE_NODE_RUN_SCRIPTS":""},"dockerRepository":"projects/tirigist-comrades/locations/us-central1/repositories/gcf-artifacts","sourceProvenance":{"resolvedStorageSource":{"bucket":"gcf-v2-sources-480943047907-us-central1","object":"onFileUploaded/function-source.zip","generation":"1738497081376130"}},"dockerRegistry":"ARTIFACT_REGISTRY","sourceToken":"Cldwcm9qZWN0cy80ODA5NDMwNDc5MDcvbG9jYXRpb25zL3VzLWNlbnRyYWwxL2J1aWxkcy80NWFmYWZiMi0yYWQ1LTQ4YzctYTc2NS1hNzRlYTBjMmQ1M2YSgQF1cy1jZW50cmFsMS1kb2NrZXIucGtnLmRldi90aXJpZ2lzdC1jb21yYWRlcy9nY2YtYXJ0aWZhY3RzL3RpcmlnaXN0LS1jb21yYWRlc19fdXMtLWNlbnRyYWwxX19vbl91cGxvYWRfZG9jdW1lbnRfY3JlYXRlZDp2ZXJzaW9uXzEY44nC0/8NIlJwcm9qZWN0cy90aXJpZ2lzdC1jb21yYWRlcy9sb2NhdGlvbnMvdXMtY2VudHJhbDEvZnVuY3Rpb25zL29uVXBsb2FkRG9jdW1lbnRDcmVhdGVkKgwIgPv9vAYQ8Pj5/gIyCG5vZGVqczIyOnYKI2djci5pby9nYWUtcnVudGltZXMvbm9kZWpzMjI6c3RhYmxlEk91cy1jZW50cmFsMS1kb2NrZXIucGtnLmRldi9zZXJ2ZXJsZXNzLXJ1bnRpbWVzL2dvb2dsZS0yMi1mdWxsL3J1bnRpbWVzL25vZGVqczIyQAE=","serviceAccount":"projects/tirigist-comrades/serviceAccounts/480943047907-compute@developer.gserviceaccount.com","automaticUpdatePolicy":{}},"serviceConfig":{"service":"projects/tirigist-comrades/locations/us-central1/services/onfileuploaded","timeoutSeconds":60,"environmentVariables":{"FIREBASE_CONFIG":"{\"projectId\":\"tirigist-comrades\",\"storageBucket\":\"tirigist-comrades.firebasestorage.app\"}","GCLOUD_PROJECT":"tirigist-comrades","EVENTARC_CLOUD_EVENT_SOURCE":"projects/tirigist-comrades/locations/us-central1/services/onFileUploaded","FUNCTION_SIGNATURE_TYPE":"cloudevent","FUNCTION_TARGET":"onFileUploaded","LOG_EXECUTION_ID":"true"},"ingressSettings":"ALLOW_ALL","uri":"https://onfileuploaded-6nlgdij53q-uc.a.run.app","serviceAccountEmail":"480943047907-compute@developer.gserviceaccount.com","availableMemory":"256Mi","allTrafficOnLatestRevision":true,"revision":"onfileuploaded-00019-fey","maxInstanceRequestConcurrency":80,"availableCpu":"1"},"eventTrigger":{"trigger":"projects/tirigist-comrades/locations/us-central1/triggers/onfileuploaded-072624","triggerRegion":"us-central1","eventType":"google.cloud.storage.object.v1.finalized","eventFilters":[{"attribute":"bucket","value":"tirigist-comrades.firebasestorage.app"}],"pubsubTopic":"projects/tirigist-comrades/topics/eventarc-us-central1-onfileuploaded-072624-688","serviceAccountEmail":"480943047907-compute@developer.gserviceaccount.com","retryPolicy":"RETRY_POLICY_DO_NOT_RETRY"},"state":"ACTIVE","labels":{"deployment-tool":"cli-firebase","firebase-functions-codebase":"tirigist-comrades","firebase-functions-hash":"e1c2db94df2dd073b4cb168a1f1d0df8c91effe0"},"environment":"GEN_2","url":"https://us-central1-tirigist-comrades.cloudfunctions.net/onFileUploaded"},"stages":[{"name":"SERVICE","state":"NOT_STARTED"},{"name":"TRIGGER","state":"NOT_STARTED"}],"operationType":"UPDATE_FUNCTION"},"done":true,"error":{"code":3,"message":"Could not create or update Cloud Run service onfileuploaded, Container Healthcheck failed. Revision 'onfileuploaded-00020-woy' is not ready and cannot serve traffic. The user-provided container failed to start and listen on the port defined provided by the PORT=8080 environment variable within the allocated timeout. This can happen when the container port is misconfigured or if the timeout is too short. The health check timeout can be extended. Logs for this revision might contain more information.\n\nLogs URL: https://console.cloud.google.com/logs/viewer?project=tirigist-comrades&resource=cloud_run_revision/service_name/onfileuploaded/revision_name/onfileuploaded-00020-woy&advancedFilter=resource.type%3D%22cloud_run_revision%22%0Aresource.labels.service_name%3D%22onfileuploaded%22%0Aresource.labels.revision_name%3D%22onfileuploaded-00020-woy%22 \nFor more troubleshooting guidance, see https://cloud.google.com/run/docs/troubleshooting#container-failed-to-start"}}
[debug] [2025-02-02T14:13:46.978Z] Got source token undefined for region us-central1
[error] Could not create or update Cloud Run service onfileuploaded, Container Healthcheck failed. Revision 'onfileuploaded-00020-woy' is not ready and cannot serve traffic. The user-provided container failed to start and listen on the port defined provided by the PORT=8080 environment variable within the allocated timeout. This can happen when the container port is misconfigured or if the timeout is too short. The health check timeout can be extended. Logs for this revision might contain more information.

Logs URL: https://console.cloud.google.com/logs/viewer?project=tirigist-comrades&resource=cloud_run_revision/service_name/onfileuploaded/revision_name/onfileuploaded-00020-woy&advancedFilter=resource.type%3D%22cloud_run_revision%22%0Aresource.labels.service_name%3D%22onfileuploaded%22%0Aresource.labels.revision_name%3D%22onfileuploaded-00020-woy%22 
For more troubleshooting guidance, see https://cloud.google.com/run/docs/troubleshooting#container-failed-to-start
[debug] [2025-02-02T14:13:48.049Z] [update-tirigist-comrades-us-central1-onUploadDocumentUpdated] Retrying task index 0
[debug] [2025-02-02T14:13:48.050Z] Checked if tokens are valid: true, expires at: 1738508970616
[debug] [2025-02-02T14:13:48.050Z] Checked if tokens are valid: true, expires at: 1738508970616
[debug] [2025-02-02T14:13:48.050Z] >>> [apiv2][query] GET https://cloudfunctions.googleapis.com/v2/projects/tirigist-comrades/locations/us-central1/operations/operation-1738505606287-62d29611a5201-abad674f-0769fe1b [none]
[debug] [2025-02-02T14:13:48.873Z] <<< [apiv2][status] GET https://cloudfunctions.googleapis.com/v2/projects/tirigist-comrades/locations/us-central1/operations/operation-1738505606287-62d29611a5201-abad674f-0769fe1b 200
[debug] [2025-02-02T14:13:48.873Z] <<< [apiv2][body] GET https://cloudfunctions.googleapis.com/v2/projects/tirigist-comrades/locations/us-central1/operations/operation-1738505606287-62d29611a5201-abad674f-0769fe1b {"name":"projects/tirigist-comrades/locations/us-central1/operations/operation-1738505606287-62d29611a5201-abad674f-0769fe1b","metadata":{"@type":"type.googleapis.com/google.cloud.functions.v2.OperationMetadata","createTime":"2025-02-02T14:13:28.703332771Z","endTime":"2025-02-02T14:13:45.811140308Z","target":"projects/tirigist-comrades/locations/us-central1/functions/onUploadDocumentUpdated","verb":"update","cancelRequested":false,"apiVersion":"v2","requestResource":{"@type":"type.googleapis.com/google.cloud.functions.v2.Function","name":"projects/tirigist-comrades/locations/us-central1/functions/onUploadDocumentUpdated","buildConfig":{"runtime":"nodejs22","entryPoint":"onUploadDocumentUpdated","source":{"storageSource":{"bucket":"gcf-v2-sources-480943047907-us-central1","object":"onUploadDocumentUpdated/function-source.zip","generation":"1738505608662677"}},"environmentVariables":{"GOOGLE_NODE_RUN_SCRIPTS":""},"dockerRepository":"projects/tirigist-comrades/locations/us-central1/repositories/gcf-artifacts","sourceProvenance":{"resolvedStorageSource":{"bucket":"gcf-v2-sources-480943047907-us-central1","object":"onUploadDocumentUpdated/function-source.zip","generation":"1738497082902847"}},"dockerRegistry":"ARTIFACT_REGISTRY","sourceToken":"Cldwcm9qZWN0cy80ODA5NDMwNDc5MDcvbG9jYXRpb25zL3VzLWNlbnRyYWwxL2J1aWxkcy80NWFmYWZiMi0yYWQ1LTQ4YzctYTc2NS1hNzRlYTBjMmQ1M2YSgQF1cy1jZW50cmFsMS1kb2NrZXIucGtnLmRldi90aXJpZ2lzdC1jb21yYWRlcy9nY2YtYXJ0aWZhY3RzL3RpcmlnaXN0LS1jb21yYWRlc19fdXMtLWNlbnRyYWwxX19vbl91cGxvYWRfZG9jdW1lbnRfY3JlYXRlZDp2ZXJzaW9uXzEY44nC0/8NIlJwcm9qZWN0cy90aXJpZ2lzdC1jb21yYWRlcy9sb2NhdGlvbnMvdXMtY2VudHJhbDEvZnVuY3Rpb25zL29uVXBsb2FkRG9jdW1lbnRDcmVhdGVkKgwIgPv9vAYQ8Pj5/gIyCG5vZGVqczIyOnYKI2djci5pby9nYWUtcnVudGltZXMvbm9kZWpzMjI6c3RhYmxlEk91cy1jZW50cmFsMS1kb2NrZXIucGtnLmRldi9zZXJ2ZXJsZXNzLXJ1bnRpbWVzL2dvb2dsZS0yMi1mdWxsL3J1bnRpbWVzL25vZGVqczIyQAE=","serviceAccount":"projects/tirigist-comrades/serviceAccounts/480943047907-compute@developer.gserviceaccount.com","automaticUpdatePolicy":{}},"serviceConfig":{"service":"projects/tirigist-comrades/locations/us-central1/services/onuploaddocumentupdated","timeoutSeconds":60,"environmentVariables":{"FIREBASE_CONFIG":"{\"projectId\":\"tirigist-comrades\",\"storageBucket\":\"tirigist-comrades.firebasestorage.app\"}","GCLOUD_PROJECT":"tirigist-comrades","EVENTARC_CLOUD_EVENT_SOURCE":"projects/tirigist-comrades/locations/us-central1/services/onUploadDocumentUpdated","FUNCTION_SIGNATURE_TYPE":"cloudevent","FUNCTION_TARGET":"onUploadDocumentUpdated","LOG_EXECUTION_ID":"true"},"ingressSettings":"ALLOW_ALL","uri":"https://onuploaddocumentupdated-6nlgdij53q-uc.a.run.app","serviceAccountEmail":"480943047907-compute@developer.gserviceaccount.com","availableMemory":"256Mi","allTrafficOnLatestRevision":true,"revision":"onuploaddocumentupdated-00010-won","maxInstanceRequestConcurrency":80,"availableCpu":"1"},"eventTrigger":{"trigger":"projects/tirigist-comrades/locations/africa-south1/triggers/onuploaddocumentupdated-696489","triggerRegion":"africa-south1","eventType":"google.cloud.firestore.document.v1.updated","eventFilters":[{"attribute":"database","value":"(default)"},{"attribute":"namespace","value":"(default)"},{"attribute":"document","value":"uploads/{documentId}","operator":"match-path-pattern"}],"pubsubTopic":"projects/tirigist-comrades/topics/eventarc-africa-south1-onuploaddocumentupdated-696489-477","serviceAccountEmail":"480943047907-compute@developer.gserviceaccount.com","retryPolicy":"RETRY_POLICY_DO_NOT_RETRY"},"state":"ACTIVE","labels":{"deployment-tool":"cli-firebase","firebase-functions-codebase":"tirigist-comrades","firebase-functions-hash":"e1c2db94df2dd073b4cb168a1f1d0df8c91effe0"},"environment":"GEN_2","url":"https://us-central1-tirigist-comrades.cloudfunctions.net/onUploadDocumentUpdated"},"stages":[{"name":"SERVICE","state":"NOT_STARTED"},{"name":"TRIGGER","state":"NOT_STARTED"}],"operationType":"UPDATE_FUNCTION"},"done":true,"error":{"code":3,"message":"Could not create or update Cloud Run service onuploaddocumentupdated, Container Healthcheck failed. Revision 'onuploaddocumentupdated-00011-wez' is not ready and cannot serve traffic. The user-provided container failed to start and listen on the port defined provided by the PORT=8080 environment variable within the allocated timeout. This can happen when the container port is misconfigured or if the timeout is too short. The health check timeout can be extended. Logs for this revision might contain more information.\n\nLogs URL: https://console.cloud.google.com/logs/viewer?project=tirigist-comrades&resource=cloud_run_revision/service_name/onuploaddocumentupdated/revision_name/onuploaddocumentupdated-00011-wez&advancedFilter=resource.type%3D%22cloud_run_revision%22%0Aresource.labels.service_name%3D%22onuploaddocumentupdated%22%0Aresource.labels.revision_name%3D%22onuploaddocumentupdated-00011-wez%22 \nFor more troubleshooting guidance, see https://cloud.google.com/run/docs/troubleshooting#container-failed-to-start"}}
[debug] [2025-02-02T14:13:48.873Z] Got source token undefined for region us-central1
[error] Could not create or update Cloud Run service onuploaddocumentupdated, Container Healthcheck failed. Revision 'onuploaddocumentupdated-00011-wez' is not ready and cannot serve traffic. The user-provided container failed to start and listen on the port defined provided by the PORT=8080 environment variable within the allocated timeout. This can happen when the container port is misconfigured or if the timeout is too short. The health check timeout can be extended. Logs for this revision might contain more information.

Logs URL: https://console.cloud.google.com/logs/viewer?project=tirigist-comrades&resource=cloud_run_revision/service_name/onuploaddocumentupdated/revision_name/onuploaddocumentupdated-00011-wez&advancedFilter=resource.type%3D%22cloud_run_revision%22%0Aresource.labels.service_name%3D%22onuploaddocumentupdated%22%0Aresource.labels.revision_name%3D%22onuploaddocumentupdated-00011-wez%22 
For more troubleshooting guidance, see https://cloud.google.com/run/docs/troubleshooting#container-failed-to-start
[debug] [2025-02-02T14:13:55.114Z] [update-tirigist-comrades-us-central1-createUserDocument] Retrying task index 0
[debug] [2025-02-02T14:13:55.115Z] Checked if tokens are valid: true, expires at: 1738508970616
[debug] [2025-02-02T14:13:55.115Z] Checked if tokens are valid: true, expires at: 1738508970616
[debug] [2025-02-02T14:13:55.116Z] >>> [apiv2][query] GET https://cloudfunctions.googleapis.com/v1/operations/dGlyaWdpc3QtY29tcmFkZXMvdXMtY2VudHJhbDEvY3JlYXRlVXNlckRvY3VtZW50L3pZS09udFFHbERR [none]
[debug] [2025-02-02T14:13:55.629Z] <<< [apiv2][status] GET https://cloudfunctions.googleapis.com/v1/operations/dGlyaWdpc3QtY29tcmFkZXMvdXMtY2VudHJhbDEvY3JlYXRlVXNlckRvY3VtZW50L3pZS09udFFHbERR 200
[debug] [2025-02-02T14:13:55.630Z] <<< [apiv2][body] GET https://cloudfunctions.googleapis.com/v1/operations/dGlyaWdpc3QtY29tcmFkZXMvdXMtY2VudHJhbDEvY3JlYXRlVXNlckRvY3VtZW50L3pZS09udFFHbERR {"name":"operations/dGlyaWdpc3QtY29tcmFkZXMvdXMtY2VudHJhbDEvY3JlYXRlVXNlckRvY3VtZW50L3pZS09udFFHbERR","metadata":{"@type":"type.googleapis.com/google.cloud.functions.v1.OperationMetadataV1","target":"projects/tirigist-comrades/locations/us-central1/functions/createUserDocument","type":"UPDATE_FUNCTION","request":{"@type":"type.googleapis.com/google.cloud.functions.v1.CloudFunction","name":"projects/tirigist-comrades/locations/us-central1/functions/createUserDocument","eventTrigger":{"eventType":"providers/firebase.auth/eventTypes/user.create","resource":"projects/tirigist-comrades","service":"firebaseauth.googleapis.com"},"status":"ACTIVE","entryPoint":"createUserDocument","updateTime":"2025-02-02T11:51:49.872Z","versionId":"19","labels":{"deployment-tool":"cli-firebase","firebase-functions-codebase":"tirigist-comrades","firebase-functions-hash":"3b49749894483f75c4720c67e50cb3eeb713a931"},"sourceUploadUrl":"https://storage.googleapis.com/uploads-925032658726.us-central1.cloudfunctions.appspot.com/843b87dc-6581-41c5-8d25-39de45809cba.zip?GoogleAccessId=service-480943047907@gcf-admin-robot.iam.gserviceaccount.com&Expires=1738507291&Signature=XKixh5cqK2EJPYxvGF1LkmrJ6AYn19baTk41ujRcWkRYsFNACY4ThO%2Ba%2BXtff2n7WU%2Bg25wzCB6NHEl7PqvNoZ1KJnyvo7oYucfk%2Bj2JJ2dRiO7m0m1NRGqQMl0Jx9yIURC72a5rxb0u8%2FpRm%2FfQorEBqicQitUap2u3RuwejQmcvAj6KMzhh%2BgxPSEtT3Y55ACvH0a2G6lbjJN54EYpBAt778XoD%2F9qG36OcE4Om0p9vyqCxNXlwKPHr5DQskcVGC0n8O03rbTfAcHjwK0%2FXxiNDSlxqgmLBQ6RGL3CJ4nRabUqbtgLCto%2FajBYjXM4%2BcOtL7Tqb6DfWyi4rBwV2w%3D%3D","environmentVariables":{"FIREBASE_CONFIG":"{\"projectId\":\"tirigist-comrades\",\"storageBucket\":\"tirigist-comrades.firebasestorage.app\"}","GCLOUD_PROJECT":"tirigist-comrades","EVENTARC_CLOUD_EVENT_SOURCE":"projects/tirigist-comrades/locations/us-central1/functions/createUserDocument"},"runtime":"nodejs22","buildId":"5f626cfc-8888-4d10-b3e9-b2f451f29a92","buildEnvironmentVariables":{"GOOGLE_NODE_RUN_SCRIPTS":""},"secretEnvironmentVariables":[{"key":"INTASEND_SECRET_API_KEY","projectId":"tirigist-comrades","secret":"INTASEND_SECRET_API_KEY","version":"1"}],"buildName":"projects/480943047907/locations/us-central1/builds/5f626cfc-8888-4d10-b3e9-b2f451f29a92","dockerRegistry":"ARTIFACT_REGISTRY","automaticUpdatePolicy":{},"buildServiceAccount":"projects/tirigist-comrades/serviceAccounts/480943047907-compute@developer.gserviceaccount.com"},"versionId":"20","updateTime":"2025-02-02T14:11:33Z","buildId":"567e861d-5dfd-4ab8-9d5c-f7f436675005","sourceToken":"9c69286c-8813-4839-a7bc-24514ed68024","buildName":"projects/480943047907/locations/us-central1/builds/567e861d-5dfd-4ab8-9d5c-f7f436675005"}}
[debug] [2025-02-02T14:13:55.630Z] Got source token 9c69286c-8813-4839-a7bc-24514ed68024 for region us-central1
[debug] [2025-02-02T14:13:56.811Z] [update-tirigist-comrades-us-central1-onUploadDocumentCreated] Retrying task index 0
[debug] [2025-02-02T14:13:56.812Z] Checked if tokens are valid: true, expires at: 1738508970616
[debug] [2025-02-02T14:13:56.812Z] Checked if tokens are valid: true, expires at: 1738508970616
[debug] [2025-02-02T14:13:56.812Z] >>> [apiv2][query] GET https://cloudfunctions.googleapis.com/v2/projects/tirigist-comrades/locations/us-central1/operations/operation-1738505493502-62d295a6158ca-f42f3ff6-0de27eae [none]
[debug] [2025-02-02T14:13:57.619Z] <<< [apiv2][status] GET https://cloudfunctions.googleapis.com/v2/projects/tirigist-comrades/locations/us-central1/operations/operation-1738505493502-62d295a6158ca-f42f3ff6-0de27eae 200
[debug] [2025-02-02T14:13:57.620Z] <<< [apiv2][body] GET https://cloudfunctions.googleapis.com/v2/projects/tirigist-comrades/locations/us-central1/operations/operation-1738505493502-62d295a6158ca-f42f3ff6-0de27eae {"name":"projects/tirigist-comrades/locations/us-central1/operations/operation-1738505493502-62d295a6158ca-f42f3ff6-0de27eae","metadata":{"@type":"type.googleapis.com/google.cloud.functions.v2.OperationMetadata","createTime":"2025-02-02T14:11:36.061002454Z","endTime":"2025-02-02T14:13:47.673123077Z","target":"projects/tirigist-comrades/locations/us-central1/functions/onUploadDocumentCreated","verb":"update","cancelRequested":false,"apiVersion":"v2","requestResource":{"@type":"type.googleapis.com/google.cloud.functions.v2.Function","name":"projects/tirigist-comrades/locations/us-central1/functions/onUploadDocumentCreated","buildConfig":{"runtime":"nodejs22","entryPoint":"onUploadDocumentCreated","source":{"storageSource":{"bucket":"gcf-v2-sources-480943047907-us-central1","object":"onUploadDocumentCreated/function-source.zip","generation":"1738505495961407"}},"environmentVariables":{"GOOGLE_NODE_RUN_SCRIPTS":""},"dockerRepository":"projects/tirigist-comrades/locations/us-central1/repositories/gcf-artifacts","sourceProvenance":{"resolvedStorageSource":{"bucket":"gcf-v2-sources-480943047907-us-central1","object":"onUploadDocumentCreated/function-source.zip","generation":"1738497016108902"}},"dockerRegistry":"ARTIFACT_REGISTRY","serviceAccount":"projects/tirigist-comrades/serviceAccounts/480943047907-compute@developer.gserviceaccount.com","automaticUpdatePolicy":{}},"serviceConfig":{"service":"projects/tirigist-comrades/locations/us-central1/services/onuploaddocumentcreated","timeoutSeconds":60,"environmentVariables":{"FIREBASE_CONFIG":"{\"projectId\":\"tirigist-comrades\",\"storageBucket\":\"tirigist-comrades.firebasestorage.app\"}","GCLOUD_PROJECT":"tirigist-comrades","EVENTARC_CLOUD_EVENT_SOURCE":"projects/tirigist-comrades/locations/us-central1/services/onUploadDocumentCreated","FUNCTION_SIGNATURE_TYPE":"cloudevent","FUNCTION_TARGET":"onUploadDocumentCreated","LOG_EXECUTION_ID":"true"},"ingressSettings":"ALLOW_ALL","uri":"https://onuploaddocumentcreated-6nlgdij53q-uc.a.run.app","serviceAccountEmail":"480943047907-compute@developer.gserviceaccount.com","availableMemory":"256Mi","allTrafficOnLatestRevision":true,"secretEnvironmentVariables":[{"key":"AUTH_FIREBASE_PRIVATE_KEY","projectId":"tirigist-comrades","secret":"AUTH_FIREBASE_PRIVATE_KEY","version":"1"},{"key":"AUTH_FIREBASE_CLIENT_EMAIL","projectId":"tirigist-comrades","secret":"AUTH_FIREBASE_CLIENT_EMAIL","version":"1"},{"key":"AUTH_FIREBASE_PROJECT_ID","projectId":"tirigist-comrades","secret":"AUTH_FIREBASE_PROJECT_ID","version":"1"}],"revision":"onuploaddocumentcreated-00019-dor","maxInstanceRequestConcurrency":80,"availableCpu":"1"},"eventTrigger":{"trigger":"projects/tirigist-comrades/locations/africa-south1/triggers/onuploaddocumentcreated-582218","triggerRegion":"africa-south1","eventType":"google.cloud.firestore.document.v1.created","eventFilters":[{"attribute":"database","value":"(default)"},{"attribute":"namespace","value":"(default)"},{"attribute":"document","value":"uploads/{documentId}","operator":"match-path-pattern"}],"pubsubTopic":"projects/tirigist-comrades/topics/eventarc-africa-south1-onuploaddocumentcreated-582218-445","serviceAccountEmail":"480943047907-compute@developer.gserviceaccount.com","retryPolicy":"RETRY_POLICY_DO_NOT_RETRY"},"state":"ACTIVE","labels":{"deployment-tool":"cli-firebase","firebase-functions-codebase":"tirigist-comrades","firebase-functions-hash":"a92cc9ce5b892bf61b080835c8d85ac08ecaab52"},"environment":"GEN_2","url":"https://us-central1-tirigist-comrades.cloudfunctions.net/onUploadDocumentCreated"},"stages":[{"name":"SERVICE","state":"NOT_STARTED"},{"name":"TRIGGER","state":"NOT_STARTED"}],"operationType":"UPDATE_FUNCTION"},"done":true,"error":{"code":3,"message":"Could not create or update Cloud Run service onuploaddocumentcreated, Container Healthcheck failed. Revision 'onuploaddocumentcreated-00020-nok' is not ready and cannot serve traffic. The user-provided container failed to start and listen on the port defined provided by the PORT=8080 environment variable within the allocated timeout. This can happen when the container port is misconfigured or if the timeout is too short. The health check timeout can be extended. Logs for this revision might contain more information.\n\nLogs URL: https://console.cloud.google.com/logs/viewer?project=tirigist-comrades&resource=cloud_run_revision/service_name/onuploaddocumentcreated/revision_name/onuploaddocumentcreated-00020-nok&advancedFilter=resource.type%3D%22cloud_run_revision%22%0Aresource.labels.service_name%3D%22onuploaddocumentcreated%22%0Aresource.labels.revision_name%3D%22onuploaddocumentcreated-00020-nok%22 \nFor more troubleshooting guidance, see https://cloud.google.com/run/docs/troubleshooting#container-failed-to-start"}}
[debug] [2025-02-02T14:13:57.620Z] Got source token undefined for region us-central1
[error] Could not create or update Cloud Run service onuploaddocumentcreated, Container Healthcheck failed. Revision 'onuploaddocumentcreated-00020-nok' is not ready and cannot serve traffic. The user-provided container failed to start and listen on the port defined provided by the PORT=8080 environment variable within the allocated timeout. This can happen when the container port is misconfigured or if the timeout is too short. The health check timeout can be extended. Logs for this revision might contain more information.

Logs URL: https://console.cloud.google.com/logs/viewer?project=tirigist-comrades&resource=cloud_run_revision/service_name/onuploaddocumentcreated/revision_name/onuploaddocumentcreated-00020-nok&advancedFilter=resource.type%3D%22cloud_run_revision%22%0Aresource.labels.service_name%3D%22onuploaddocumentcreated%22%0Aresource.labels.revision_name%3D%22onuploaddocumentcreated-00020-nok%22 
For more troubleshooting guidance, see https://cloud.google.com/run/docs/troubleshooting#container-failed-to-start
[debug] [2025-02-02T14:14:05.638Z] [update-tirigist-comrades-us-central1-createUserDocument] Retrying task index 0
[debug] [2025-02-02T14:14:05.639Z] Checked if tokens are valid: true, expires at: 1738508970616
[debug] [2025-02-02T14:14:05.640Z] Checked if tokens are valid: true, expires at: 1738508970616
[debug] [2025-02-02T14:14:05.640Z] >>> [apiv2][query] GET https://cloudfunctions.googleapis.com/v1/operations/dGlyaWdpc3QtY29tcmFkZXMvdXMtY2VudHJhbDEvY3JlYXRlVXNlckRvY3VtZW50L3pZS09udFFHbERR [none]
[debug] [2025-02-02T14:14:06.219Z] <<< [apiv2][status] GET https://cloudfunctions.googleapis.com/v1/operations/dGlyaWdpc3QtY29tcmFkZXMvdXMtY2VudHJhbDEvY3JlYXRlVXNlckRvY3VtZW50L3pZS09udFFHbERR 200
[debug] [2025-02-02T14:14:06.220Z] <<< [apiv2][body] GET https://cloudfunctions.googleapis.com/v1/operations/dGlyaWdpc3QtY29tcmFkZXMvdXMtY2VudHJhbDEvY3JlYXRlVXNlckRvY3VtZW50L3pZS09udFFHbERR {"name":"operations/dGlyaWdpc3QtY29tcmFkZXMvdXMtY2VudHJhbDEvY3JlYXRlVXNlckRvY3VtZW50L3pZS09udFFHbERR","metadata":{"@type":"type.googleapis.com/google.cloud.functions.v1.OperationMetadataV1","target":"projects/tirigist-comrades/locations/us-central1/functions/createUserDocument","type":"UPDATE_FUNCTION","request":{"@type":"type.googleapis.com/google.cloud.functions.v1.CloudFunction","name":"projects/tirigist-comrades/locations/us-central1/functions/createUserDocument","eventTrigger":{"eventType":"providers/firebase.auth/eventTypes/user.create","resource":"projects/tirigist-comrades","service":"firebaseauth.googleapis.com"},"status":"ACTIVE","entryPoint":"createUserDocument","updateTime":"2025-02-02T11:51:49.872Z","versionId":"19","labels":{"deployment-tool":"cli-firebase","firebase-functions-codebase":"tirigist-comrades","firebase-functions-hash":"3b49749894483f75c4720c67e50cb3eeb713a931"},"sourceUploadUrl":"https://storage.googleapis.com/uploads-925032658726.us-central1.cloudfunctions.appspot.com/843b87dc-6581-41c5-8d25-39de45809cba.zip?GoogleAccessId=service-480943047907@gcf-admin-robot.iam.gserviceaccount.com&Expires=1738507291&Signature=XKixh5cqK2EJPYxvGF1LkmrJ6AYn19baTk41ujRcWkRYsFNACY4ThO%2Ba%2BXtff2n7WU%2Bg25wzCB6NHEl7PqvNoZ1KJnyvo7oYucfk%2Bj2JJ2dRiO7m0m1NRGqQMl0Jx9yIURC72a5rxb0u8%2FpRm%2FfQorEBqicQitUap2u3RuwejQmcvAj6KMzhh%2BgxPSEtT3Y55ACvH0a2G6lbjJN54EYpBAt778XoD%2F9qG36OcE4Om0p9vyqCxNXlwKPHr5DQskcVGC0n8O03rbTfAcHjwK0%2FXxiNDSlxqgmLBQ6RGL3CJ4nRabUqbtgLCto%2FajBYjXM4%2BcOtL7Tqb6DfWyi4rBwV2w%3D%3D","environmentVariables":{"FIREBASE_CONFIG":"{\"projectId\":\"tirigist-comrades\",\"storageBucket\":\"tirigist-comrades.firebasestorage.app\"}","GCLOUD_PROJECT":"tirigist-comrades","EVENTARC_CLOUD_EVENT_SOURCE":"projects/tirigist-comrades/locations/us-central1/functions/createUserDocument"},"runtime":"nodejs22","buildId":"5f626cfc-8888-4d10-b3e9-b2f451f29a92","buildEnvironmentVariables":{"GOOGLE_NODE_RUN_SCRIPTS":""},"secretEnvironmentVariables":[{"key":"INTASEND_SECRET_API_KEY","projectId":"tirigist-comrades","secret":"INTASEND_SECRET_API_KEY","version":"1"}],"buildName":"projects/480943047907/locations/us-central1/builds/5f626cfc-8888-4d10-b3e9-b2f451f29a92","dockerRegistry":"ARTIFACT_REGISTRY","automaticUpdatePolicy":{},"buildServiceAccount":"projects/tirigist-comrades/serviceAccounts/480943047907-compute@developer.gserviceaccount.com"},"versionId":"20","updateTime":"2025-02-02T14:11:33Z","buildId":"567e861d-5dfd-4ab8-9d5c-f7f436675005","sourceToken":"9c69286c-8813-4839-a7bc-24514ed68024","buildName":"projects/480943047907/locations/us-central1/builds/567e861d-5dfd-4ab8-9d5c-f7f436675005"}}
[debug] [2025-02-02T14:14:06.220Z] Got source token 9c69286c-8813-4839-a7bc-24514ed68024 for region us-central1
[debug] [2025-02-02T14:14:16.230Z] [update-tirigist-comrades-us-central1-createUserDocument] Retrying task index 0
[debug] [2025-02-02T14:14:16.231Z] Checked if tokens are valid: true, expires at: 1738508970616
[debug] [2025-02-02T14:14:16.231Z] Checked if tokens are valid: true, expires at: 1738508970616
[debug] [2025-02-02T14:14:16.231Z] >>> [apiv2][query] GET https://cloudfunctions.googleapis.com/v1/operations/dGlyaWdpc3QtY29tcmFkZXMvdXMtY2VudHJhbDEvY3JlYXRlVXNlckRvY3VtZW50L3pZS09udFFHbERR [none]
[debug] [2025-02-02T14:14:16.742Z] <<< [apiv2][status] GET https://cloudfunctions.googleapis.com/v1/operations/dGlyaWdpc3QtY29tcmFkZXMvdXMtY2VudHJhbDEvY3JlYXRlVXNlckRvY3VtZW50L3pZS09udFFHbERR 200
[debug] [2025-02-02T14:14:16.745Z] <<< [apiv2][body] GET https://cloudfunctions.googleapis.com/v1/operations/dGlyaWdpc3QtY29tcmFkZXMvdXMtY2VudHJhbDEvY3JlYXRlVXNlckRvY3VtZW50L3pZS09udFFHbERR {"name":"operations/dGlyaWdpc3QtY29tcmFkZXMvdXMtY2VudHJhbDEvY3JlYXRlVXNlckRvY3VtZW50L3pZS09udFFHbERR","metadata":{"@type":"type.googleapis.com/google.cloud.functions.v1.OperationMetadataV1","target":"projects/tirigist-comrades/locations/us-central1/functions/createUserDocument","type":"UPDATE_FUNCTION","request":{"@type":"type.googleapis.com/google.cloud.functions.v1.CloudFunction","name":"projects/tirigist-comrades/locations/us-central1/functions/createUserDocument","eventTrigger":{"eventType":"providers/firebase.auth/eventTypes/user.create","resource":"projects/tirigist-comrades","service":"firebaseauth.googleapis.com"},"status":"ACTIVE","entryPoint":"createUserDocument","updateTime":"2025-02-02T11:51:49.872Z","versionId":"19","labels":{"deployment-tool":"cli-firebase","firebase-functions-codebase":"tirigist-comrades","firebase-functions-hash":"3b49749894483f75c4720c67e50cb3eeb713a931"},"sourceUploadUrl":"https://storage.googleapis.com/uploads-925032658726.us-central1.cloudfunctions.appspot.com/843b87dc-6581-41c5-8d25-39de45809cba.zip?GoogleAccessId=service-480943047907@gcf-admin-robot.iam.gserviceaccount.com&Expires=1738507291&Signature=XKixh5cqK2EJPYxvGF1LkmrJ6AYn19baTk41ujRcWkRYsFNACY4ThO%2Ba%2BXtff2n7WU%2Bg25wzCB6NHEl7PqvNoZ1KJnyvo7oYucfk%2Bj2JJ2dRiO7m0m1NRGqQMl0Jx9yIURC72a5rxb0u8%2FpRm%2FfQorEBqicQitUap2u3RuwejQmcvAj6KMzhh%2BgxPSEtT3Y55ACvH0a2G6lbjJN54EYpBAt778XoD%2F9qG36OcE4Om0p9vyqCxNXlwKPHr5DQskcVGC0n8O03rbTfAcHjwK0%2FXxiNDSlxqgmLBQ6RGL3CJ4nRabUqbtgLCto%2FajBYjXM4%2BcOtL7Tqb6DfWyi4rBwV2w%3D%3D","environmentVariables":{"FIREBASE_CONFIG":"{\"projectId\":\"tirigist-comrades\",\"storageBucket\":\"tirigist-comrades.firebasestorage.app\"}","GCLOUD_PROJECT":"tirigist-comrades","EVENTARC_CLOUD_EVENT_SOURCE":"projects/tirigist-comrades/locations/us-central1/functions/createUserDocument"},"runtime":"nodejs22","buildId":"5f626cfc-8888-4d10-b3e9-b2f451f29a92","buildEnvironmentVariables":{"GOOGLE_NODE_RUN_SCRIPTS":""},"secretEnvironmentVariables":[{"key":"INTASEND_SECRET_API_KEY","projectId":"tirigist-comrades","secret":"INTASEND_SECRET_API_KEY","version":"1"}],"buildName":"projects/480943047907/locations/us-central1/builds/5f626cfc-8888-4d10-b3e9-b2f451f29a92","dockerRegistry":"ARTIFACT_REGISTRY","automaticUpdatePolicy":{},"buildServiceAccount":"projects/tirigist-comrades/serviceAccounts/480943047907-compute@developer.gserviceaccount.com"},"versionId":"20","updateTime":"2025-02-02T14:14:15Z","buildId":"567e861d-5dfd-4ab8-9d5c-f7f436675005","sourceToken":"9c69286c-8813-4839-a7bc-24514ed68024","buildName":"projects/480943047907/locations/us-central1/builds/567e861d-5dfd-4ab8-9d5c-f7f436675005"},"done":true,"error":{"code":3,"message":"Function failed on loading user code. This is likely due to a bug in the user code. Error message: Provided module can't be loaded.\nDid you list all required modules in the package.json dependencies?\nDetailed stack trace: Error: Cannot find module '@google-cloud/vision'\nRequire stack:\n- /workspace/lib/index.js\n- /layers/google.nodejs.functions-framework/functions-framework/node_modules/@google-cloud/functions-framework/build/src/loader.js\n- /layers/google.nodejs.functions-framework/functions-framework/node_modules/@google-cloud/functions-framework/build/src/main.js\n    at Function._resolveFilename (node:internal/modules/cjs/loader:1244:15)\n    at Function._load (node:internal/modules/cjs/loader:1070:27)\n    at TracingChannel.traceSync (node:diagnostics_channel:322:14)\n    at wrapModuleLoad (node:internal/modules/cjs/loader:217:24)\n    at Module.require (node:internal/modules/cjs/loader:1335:12)\n    at require (node:internal/modules/helpers:136:16)\n    at Object.<anonymous> (/workspace/lib/index.js:34:18)\n    at Module._compile (node:internal/modules/cjs/loader:1562:14)\n    at Object..js (node:internal/modules/cjs/loader:1699:10)\n    at Module.load (node:internal/modules/cjs/loader:1313:32)\nCould not load the function, shutting down.. Please visit https://cloud.google.com/functions/docs/troubleshooting for in-depth troubleshooting documentation."}}
[debug] [2025-02-02T14:14:16.746Z] Got source token 9c69286c-8813-4839-a7bc-24514ed68024 for region us-central1
[error] Function failed on loading user code. This is likely due to a bug in the user code. Error message: Provided module can't be loaded.
Did you list all required modules in the package.json dependencies?
Detailed stack trace: Error: Cannot find module '@google-cloud/vision'
Require stack:
- /workspace/lib/index.js
- /layers/google.nodejs.functions-framework/functions-framework/node_modules/@google-cloud/functions-framework/build/src/loader.js
- /layers/google.nodejs.functions-framework/functions-framework/node_modules/@google-cloud/functions-framework/build/src/main.js
    at Function._resolveFilename (node:internal/modules/cjs/loader:1244:15)
    at Function._load (node:internal/modules/cjs/loader:1070:27)
    at TracingChannel.traceSync (node:diagnostics_channel:322:14)
    at wrapModuleLoad (node:internal/modules/cjs/loader:217:24)
    at Module.require (node:internal/modules/cjs/loader:1335:12)
    at require (node:internal/modules/helpers:136:16)
    at Object.<anonymous> (/workspace/lib/index.js:34:18)
    at Module._compile (node:internal/modules/cjs/loader:1562:14)
    at Object..js (node:internal/modules/cjs/loader:1699:10)
    at Module.load (node:internal/modules/cjs/loader:1313:32)
Could not load the function, shutting down.. Please visit https://cloud.google.com/functions/docs/troubleshooting for in-depth troubleshooting documentation.
[debug] [2025-02-02T14:14:16.758Z] Total Function Deployment time: 164431
[debug] [2025-02-02T14:14:16.758Z] 5 Functions Deployed
[debug] [2025-02-02T14:14:16.758Z] 5 Functions Errored
[debug] [2025-02-02T14:14:16.758Z] 0 Function Deployments Aborted
[debug] [2025-02-02T14:14:16.758Z] Average Function Deployment time: 143008.8
[info] 
[info] Functions deploy had errors with the following functions:
	tirigist-comrades:onFileDeleted(us-central1)
	tirigist-comrades:onFileUploaded(us-central1)
	tirigist-comrades:onUploadDocumentCreated(us-central1)
	tirigist-comrades:onUploadDocumentUpdated(us-central1)
	tirigist-comrades:createUserDocument(us-central1)
[info] i  functions: cleaning up build files... 
[debug] [2025-02-02T14:14:17.248Z] Checked if tokens are valid: true, expires at: 1738508970616
[debug] [2025-02-02T14:14:17.248Z] Checked if tokens are valid: true, expires at: 1738508970616
[debug] [2025-02-02T14:14:17.248Z] Checked if tokens are valid: true, expires at: 1738508970616
[debug] [2025-02-02T14:14:17.248Z] Checked if tokens are valid: true, expires at: 1738508970616
[debug] [2025-02-02T14:14:17.248Z] Checked if tokens are valid: true, expires at: 1738508970616
[debug] [2025-02-02T14:14:17.248Z] Checked if tokens are valid: true, expires at: 1738508970616
[debug] [2025-02-02T14:14:17.249Z] Checked if tokens are valid: true, expires at: 1738508970616
[debug] [2025-02-02T14:14:17.249Z] Checked if tokens are valid: true, expires at: 1738508970616
[debug] [2025-02-02T14:14:17.250Z] Checked if tokens are valid: true, expires at: 1738508970616
[debug] [2025-02-02T14:14:17.250Z] Checked if tokens are valid: true, expires at: 1738508970616
[debug] [2025-02-02T14:14:17.251Z] Checked if tokens are valid: true, expires at: 1738508970616
[debug] [2025-02-02T14:14:17.251Z] Checked if tokens are valid: true, expires at: 1738508970616
[debug] [2025-02-02T14:14:17.251Z] >>> [apiv2][query] DELETE https://artifactregistry.googleapis.com/v1beta2/projects/tirigist-comrades/locations/us-central1/repositories/gcf-artifacts/packages/create_user_document [none]
[debug] [2025-02-02T14:14:17.252Z] >>> [apiv2][query] DELETE https://artifactregistry.googleapis.com/v1beta2/projects/tirigist-comrades/locations/us-central1/repositories/gcf-artifacts/packages/on_upload_document_created [none]
[debug] [2025-02-02T14:14:17.253Z] >>> [apiv2][query] DELETE https://artifactregistry.googleapis.com/v1beta2/projects/tirigist-comrades/locations/us-central1/repositories/gcf-artifacts/packages/on_file_uploaded [none]
[debug] [2025-02-02T14:14:17.254Z] >>> [apiv2][query] DELETE https://artifactregistry.googleapis.com/v1beta2/projects/tirigist-comrades/locations/us-central1/repositories/gcf-artifacts/packages/on_file_deleted [none]
[debug] [2025-02-02T14:14:17.255Z] >>> [apiv2][query] DELETE https://artifactregistry.googleapis.com/v1beta2/projects/tirigist-comrades/locations/us-central1/repositories/gcf-artifacts/packages/on_upload_document_updated [none]
[debug] [2025-02-02T14:14:17.257Z] >>> [apiv2][query] GET https://us.gcr.io/v2/tirigist-comrades/gcf/us-central1/tags/list [none]
[debug] [2025-02-02T14:14:18.427Z] <<< [apiv2][status] GET https://us.gcr.io/v2/tirigist-comrades/gcf/us-central1/tags/list 404
[debug] [2025-02-02T14:14:18.428Z] <<< [apiv2][body] GET https://us.gcr.io/v2/tirigist-comrades/gcf/us-central1/tags/list {"errors":[{"code":"NAME_UNKNOWN","message":"Repository \"us.gcr.io\" not found"}]}
[debug] [2025-02-02T14:14:18.429Z] Failed docker command with error  Request to https://us.gcr.io/v2/tirigist-comrades/gcf/us-central1/tags/list had HTTP Error: 404, Not Found {"name":"FirebaseError","children":[],"context":{"body":{"errors":[{"code":"NAME_UNKNOWN","message":"Repository \"us.gcr.io\" not found"}],"error":{"message":"Not Found"}},"response":{"statusCode":404}},"exit":1,"message":"Request to https://us.gcr.io/v2/tirigist-comrades/gcf/us-central1/tags/list had HTTP Error: 404, Not Found","status":404}
[debug] [2025-02-02T14:14:18.442Z] Checked if tokens are valid: true, expires at: 1738508970616
[debug] [2025-02-02T14:14:18.442Z] Checked if tokens are valid: true, expires at: 1738508970616
[debug] [2025-02-02T14:14:18.443Z] >>> [apiv2][query] GET https://us.gcr.io/v2/tirigist-comrades/gcf/us-central1/tags/list [none]
[debug] [2025-02-02T14:14:18.506Z] <<< [apiv2][status] DELETE https://artifactregistry.googleapis.com/v1beta2/projects/tirigist-comrades/locations/us-central1/repositories/gcf-artifacts/packages/on_upload_document_created 404
[debug] [2025-02-02T14:14:18.506Z] <<< [apiv2][body] DELETE https://artifactregistry.googleapis.com/v1beta2/projects/tirigist-comrades/locations/us-central1/repositories/gcf-artifacts/packages/on_upload_document_created {"error":{"code":404,"message":"Package \"projects/tirigist-comrades/locations/us-central1/repositories/gcf-artifacts/packages/on_upload_document_created\" was not found.","status":"NOT_FOUND"}}
[debug] [2025-02-02T14:14:18.539Z] <<< [apiv2][status] DELETE https://artifactregistry.googleapis.com/v1beta2/projects/tirigist-comrades/locations/us-central1/repositories/gcf-artifacts/packages/on_file_deleted 404
[debug] [2025-02-02T14:14:18.539Z] <<< [apiv2][body] DELETE https://artifactregistry.googleapis.com/v1beta2/projects/tirigist-comrades/locations/us-central1/repositories/gcf-artifacts/packages/on_file_deleted {"error":{"code":404,"message":"Package \"projects/tirigist-comrades/locations/us-central1/repositories/gcf-artifacts/packages/on_file_deleted\" was not found.","status":"NOT_FOUND"}}
[debug] [2025-02-02T14:14:18.540Z] <<< [apiv2][status] DELETE https://artifactregistry.googleapis.com/v1beta2/projects/tirigist-comrades/locations/us-central1/repositories/gcf-artifacts/packages/create_user_document 200
[debug] [2025-02-02T14:14:18.540Z] <<< [apiv2][body] DELETE https://artifactregistry.googleapis.com/v1beta2/projects/tirigist-comrades/locations/us-central1/repositories/gcf-artifacts/packages/create_user_document {"name":"projects/tirigist-comrades/locations/us-central1/operations/941a07d0-eaba-44fa-b3ef-25660fca6bb9","metadata":{"@type":"type.googleapis.com/google.devtools.artifactregistry.v1beta2.OperationMetadata"}}
[debug] [2025-02-02T14:14:18.540Z] Checked if tokens are valid: true, expires at: 1738508970616
[debug] [2025-02-02T14:14:18.540Z] Checked if tokens are valid: true, expires at: 1738508970616
[debug] [2025-02-02T14:14:18.540Z] >>> [apiv2][query] GET https://artifactregistry.googleapis.com/v1beta2/projects/tirigist-comrades/locations/us-central1/operations/941a07d0-eaba-44fa-b3ef-25660fca6bb9 [none]
[debug] [2025-02-02T14:14:18.541Z] <<< [apiv2][status] DELETE https://artifactregistry.googleapis.com/v1beta2/projects/tirigist-comrades/locations/us-central1/repositories/gcf-artifacts/packages/on_file_uploaded 404
[debug] [2025-02-02T14:14:18.541Z] <<< [apiv2][body] DELETE https://artifactregistry.googleapis.com/v1beta2/projects/tirigist-comrades/locations/us-central1/repositories/gcf-artifacts/packages/on_file_uploaded {"error":{"code":404,"message":"Package \"projects/tirigist-comrades/locations/us-central1/repositories/gcf-artifacts/packages/on_file_uploaded\" was not found.","status":"NOT_FOUND"}}
[debug] [2025-02-02T14:14:18.546Z] <<< [apiv2][status] DELETE https://artifactregistry.googleapis.com/v1beta2/projects/tirigist-comrades/locations/us-central1/repositories/gcf-artifacts/packages/on_upload_document_updated 404
[debug] [2025-02-02T14:14:18.546Z] <<< [apiv2][body] DELETE https://artifactregistry.googleapis.com/v1beta2/projects/tirigist-comrades/locations/us-central1/repositories/gcf-artifacts/packages/on_upload_document_updated {"error":{"code":404,"message":"Package \"projects/tirigist-comrades/locations/us-central1/repositories/gcf-artifacts/packages/on_upload_document_updated\" was not found.","status":"NOT_FOUND"}}
[debug] [2025-02-02T14:14:18.837Z] <<< [apiv2][status] GET https://us.gcr.io/v2/tirigist-comrades/gcf/us-central1/tags/list 404
[debug] [2025-02-02T14:14:18.837Z] <<< [apiv2][body] GET https://us.gcr.io/v2/tirigist-comrades/gcf/us-central1/tags/list {"errors":[{"code":"NAME_UNKNOWN","message":"Repository \"us.gcr.io\" not found"}]}
[debug] [2025-02-02T14:14:18.837Z] Failed docker command with error  Request to https://us.gcr.io/v2/tirigist-comrades/gcf/us-central1/tags/list had HTTP Error: 404, Not Found {"name":"FirebaseError","children":[],"context":{"body":{"errors":[{"code":"NAME_UNKNOWN","message":"Repository \"us.gcr.io\" not found"}],"error":{"message":"Not Found"}},"response":{"statusCode":404}},"exit":1,"message":"Request to https://us.gcr.io/v2/tirigist-comrades/gcf/us-central1/tags/list had HTTP Error: 404, Not Found","status":404}
[debug] [2025-02-02T14:14:18.943Z] Checked if tokens are valid: true, expires at: 1738508970616
[debug] [2025-02-02T14:14:18.944Z] Checked if tokens are valid: true, expires at: 1738508970616
[debug] [2025-02-02T14:14:18.944Z] >>> [apiv2][query] GET https://us.gcr.io/v2/tirigist-comrades/gcf/us-central1/tags/list [none]
[debug] [2025-02-02T14:14:19.335Z] <<< [apiv2][status] GET https://us.gcr.io/v2/tirigist-comrades/gcf/us-central1/tags/list 404
[debug] [2025-02-02T14:14:19.335Z] <<< [apiv2][body] GET https://us.gcr.io/v2/tirigist-comrades/gcf/us-central1/tags/list {"errors":[{"code":"NAME_UNKNOWN","message":"Repository \"us.gcr.io\" not found"}]}
[debug] [2025-02-02T14:14:19.336Z] Failed docker command with error  Request to https://us.gcr.io/v2/tirigist-comrades/gcf/us-central1/tags/list had HTTP Error: 404, Not Found {"name":"FirebaseError","children":[],"context":{"body":{"errors":[{"code":"NAME_UNKNOWN","message":"Repository \"us.gcr.io\" not found"}],"error":{"message":"Not Found"}},"response":{"statusCode":404}},"exit":1,"message":"Request to https://us.gcr.io/v2/tirigist-comrades/gcf/us-central1/tags/list had HTTP Error: 404, Not Found","status":404}
[debug] [2025-02-02T14:14:19.383Z] <<< [apiv2][status] GET https://artifactregistry.googleapis.com/v1beta2/projects/tirigist-comrades/locations/us-central1/operations/941a07d0-eaba-44fa-b3ef-25660fca6bb9 200
[debug] [2025-02-02T14:14:19.383Z] <<< [apiv2][body] GET https://artifactregistry.googleapis.com/v1beta2/projects/tirigist-comrades/locations/us-central1/operations/941a07d0-eaba-44fa-b3ef-25660fca6bb9 {"name":"projects/tirigist-comrades/locations/us-central1/operations/941a07d0-eaba-44fa-b3ef-25660fca6bb9","metadata":{"@type":"type.googleapis.com/google.devtools.artifactregistry.v1beta2.OperationMetadata"},"done":true,"response":{"@type":"type.googleapis.com/google.protobuf.Empty"}}
[warn] !  functions: Unhandled error cleaning up build images. This could result in a small monthly bill if not corrected. You can attempt to delete these images by redeploying or you can delete them manually at https://console.cloud.google.com/gcr/images/tirigist-comrades/us/gcf 
[debug] [2025-02-02T14:14:19.383Z] Functions deploy failed.
[debug] [2025-02-02T14:14:19.384Z] {
  "endpoint": {
    "id": "onFileDeleted",
    "project": "tirigist-comrades",
    "region": "us-central1",
    "entryPoint": "onFileDeleted",
    "platform": "gcfv2",
    "runtime": "nodejs22",
    "eventTrigger": {
      "eventType": "google.cloud.storage.object.v1.deleted",
      "retry": false,
      "eventFilters": {
        "bucket": "tirigist-comrades.firebasestorage.app"
      },
      "region": "us-central1"
    },
    "labels": {
      "deployment-tool": "cli-firebase"
    },
    "ingressSettings": null,
    "availableMemoryMb": null,
    "serviceAccount": null,
    "timeoutSeconds": null,
    "maxInstances": null,
    "minInstances": null,
    "concurrency": 80,
    "vpc": null,
    "environmentVariables": {
      "FIREBASE_CONFIG": "{\"projectId\":\"tirigist-comrades\",\"storageBucket\":\"tirigist-comrades.firebasestorage.app\"}",
      "GCLOUD_PROJECT": "tirigist-comrades",
      "EVENTARC_CLOUD_EVENT_SOURCE": "projects/tirigist-comrades/locations/us-central1/services/onFileDeleted",
      "FUNCTION_SIGNATURE_TYPE": "cloudevent",
      "FUNCTION_TARGET": "onFileDeleted",
      "LOG_EXECUTION_ID": "true"
    },
    "codebase": "tirigist-comrades",
    "runServiceId": "onfiledeleted",
    "cpu": 1,
    "securityLevel": "SECURE_ALWAYS",
    "targetedByOnly": false,
    "hash": "e1c2db94df2dd073b4cb168a1f1d0df8c91effe0"
  },
  "op": "update",
  "original": {
    "name": "FirebaseError",
    "children": [],
    "exit": 1,
    "message": "Could not create or update Cloud Run service onfiledeleted, Container Healthcheck failed. Revision 'onfiledeleted-00020-lay' is not ready and cannot serve traffic. The user-provided container failed to start and listen on the port defined provided by the PORT=8080 environment variable within the allocated timeout. This can happen when the container port is misconfigured or if the timeout is too short. The health check timeout can be extended. Logs for this revision might contain more information.\n\nLogs URL: https://console.cloud.google.com/logs/viewer?project=tirigist-comrades&resource=cloud_run_revision/service_name/onfiledeleted/revision_name/onfiledeleted-00020-lay&advancedFilter=resource.type%3D%22cloud_run_revision%22%0Aresource.labels.service_name%3D%22onfiledeleted%22%0Aresource.labels.revision_name%3D%22onfiledeleted-00020-lay%22 \nFor more troubleshooting guidance, see https://cloud.google.com/run/docs/troubleshooting#container-failed-to-start",
    "original": {
      "code": 3,
      "message": "Could not create or update Cloud Run service onfiledeleted, Container Healthcheck failed. Revision 'onfiledeleted-00020-lay' is not ready and cannot serve traffic. The user-provided container failed to start and listen on the port defined provided by the PORT=8080 environment variable within the allocated timeout. This can happen when the container port is misconfigured or if the timeout is too short. The health check timeout can be extended. Logs for this revision might contain more information.\n\nLogs URL: https://console.cloud.google.com/logs/viewer?project=tirigist-comrades&resource=cloud_run_revision/service_name/onfiledeleted/revision_name/onfiledeleted-00020-lay&advancedFilter=resource.type%3D%22cloud_run_revision%22%0Aresource.labels.service_name%3D%22onfiledeleted%22%0Aresource.labels.revision_name%3D%22onfiledeleted-00020-lay%22 \nFor more troubleshooting guidance, see https://cloud.google.com/run/docs/troubleshooting#container-failed-to-start"
    },
    "status": 3,
    "code": 3
  }
}
[debug] [2025-02-02T14:14:19.384Z] {
  "endpoint": {
    "id": "onFileUploaded",
    "project": "tirigist-comrades",
    "region": "us-central1",
    "entryPoint": "onFileUploaded",
    "platform": "gcfv2",
    "runtime": "nodejs22",
    "eventTrigger": {
      "eventType": "google.cloud.storage.object.v1.finalized",
      "retry": false,
      "eventFilters": {
        "bucket": "tirigist-comrades.firebasestorage.app"
      },
      "region": "us-central1"
    },
    "labels": {
      "deployment-tool": "cli-firebase"
    },
    "ingressSettings": null,
    "availableMemoryMb": null,
    "serviceAccount": null,
    "timeoutSeconds": null,
    "maxInstances": null,
    "minInstances": null,
    "concurrency": 80,
    "vpc": null,
    "environmentVariables": {
      "FIREBASE_CONFIG": "{\"projectId\":\"tirigist-comrades\",\"storageBucket\":\"tirigist-comrades.firebasestorage.app\"}",
      "GCLOUD_PROJECT": "tirigist-comrades",
      "EVENTARC_CLOUD_EVENT_SOURCE": "projects/tirigist-comrades/locations/us-central1/services/onFileUploaded",
      "FUNCTION_SIGNATURE_TYPE": "cloudevent",
      "FUNCTION_TARGET": "onFileUploaded",
      "LOG_EXECUTION_ID": "true"
    },
    "codebase": "tirigist-comrades",
    "runServiceId": "onfileuploaded",
    "cpu": 1,
    "securityLevel": "SECURE_ALWAYS",
    "targetedByOnly": false,
    "hash": "e1c2db94df2dd073b4cb168a1f1d0df8c91effe0"
  },
  "op": "update",
  "original": {
    "name": "FirebaseError",
    "children": [],
    "exit": 1,
    "message": "Could not create or update Cloud Run service onfileuploaded, Container Healthcheck failed. Revision 'onfileuploaded-00020-woy' is not ready and cannot serve traffic. The user-provided container failed to start and listen on the port defined provided by the PORT=8080 environment variable within the allocated timeout. This can happen when the container port is misconfigured or if the timeout is too short. The health check timeout can be extended. Logs for this revision might contain more information.\n\nLogs URL: https://console.cloud.google.com/logs/viewer?project=tirigist-comrades&resource=cloud_run_revision/service_name/onfileuploaded/revision_name/onfileuploaded-00020-woy&advancedFilter=resource.type%3D%22cloud_run_revision%22%0Aresource.labels.service_name%3D%22onfileuploaded%22%0Aresource.labels.revision_name%3D%22onfileuploaded-00020-woy%22 \nFor more troubleshooting guidance, see https://cloud.google.com/run/docs/troubleshooting#container-failed-to-start",
    "original": {
      "code": 3,
      "message": "Could not create or update Cloud Run service onfileuploaded, Container Healthcheck failed. Revision 'onfileuploaded-00020-woy' is not ready and cannot serve traffic. The user-provided container failed to start and listen on the port defined provided by the PORT=8080 environment variable within the allocated timeout. This can happen when the container port is misconfigured or if the timeout is too short. The health check timeout can be extended. Logs for this revision might contain more information.\n\nLogs URL: https://console.cloud.google.com/logs/viewer?project=tirigist-comrades&resource=cloud_run_revision/service_name/onfileuploaded/revision_name/onfileuploaded-00020-woy&advancedFilter=resource.type%3D%22cloud_run_revision%22%0Aresource.labels.service_name%3D%22onfileuploaded%22%0Aresource.labels.revision_name%3D%22onfileuploaded-00020-woy%22 \nFor more troubleshooting guidance, see https://cloud.google.com/run/docs/troubleshooting#container-failed-to-start"
    },
    "status": 3,
    "code": 3
  }
}
[debug] [2025-02-02T14:14:19.384Z] {
  "endpoint": {
    "id": "onUploadDocumentUpdated",
    "project": "tirigist-comrades",
    "region": "us-central1",
    "entryPoint": "onUploadDocumentUpdated",
    "platform": "gcfv2",
    "runtime": "nodejs22",
    "eventTrigger": {
      "eventType": "google.cloud.firestore.document.v1.updated",
      "retry": false,
      "eventFilters": {
        "database": "(default)",
        "namespace": "(default)"
      },
      "eventFilterPathPatterns": {
        "document": "uploads/{documentId}"
      },
      "region": "africa-south1"
    },
    "labels": {
      "deployment-tool": "cli-firebase"
    },
    "ingressSettings": null,
    "availableMemoryMb": null,
    "serviceAccount": null,
    "timeoutSeconds": null,
    "maxInstances": null,
    "minInstances": null,
    "concurrency": 80,
    "vpc": null,
    "environmentVariables": {
      "FIREBASE_CONFIG": "{\"projectId\":\"tirigist-comrades\",\"storageBucket\":\"tirigist-comrades.firebasestorage.app\"}",
      "GCLOUD_PROJECT": "tirigist-comrades",
      "EVENTARC_CLOUD_EVENT_SOURCE": "projects/tirigist-comrades/locations/us-central1/services/onUploadDocumentUpdated",
      "FUNCTION_SIGNATURE_TYPE": "cloudevent",
      "FUNCTION_TARGET": "onUploadDocumentUpdated",
      "LOG_EXECUTION_ID": "true"
    },
    "codebase": "tirigist-comrades",
    "runServiceId": "onuploaddocumentupdated",
    "cpu": 1,
    "securityLevel": "SECURE_ALWAYS",
    "targetedByOnly": false,
    "hash": "e1c2db94df2dd073b4cb168a1f1d0df8c91effe0"
  },
  "op": "update",
  "original": {
    "name": "FirebaseError",
    "children": [],
    "exit": 1,
    "message": "Could not create or update Cloud Run service onuploaddocumentupdated, Container Healthcheck failed. Revision 'onuploaddocumentupdated-00011-wez' is not ready and cannot serve traffic. The user-provided container failed to start and listen on the port defined provided by the PORT=8080 environment variable within the allocated timeout. This can happen when the container port is misconfigured or if the timeout is too short. The health check timeout can be extended. Logs for this revision might contain more information.\n\nLogs URL: https://console.cloud.google.com/logs/viewer?project=tirigist-comrades&resource=cloud_run_revision/service_name/onuploaddocumentupdated/revision_name/onuploaddocumentupdated-00011-wez&advancedFilter=resource.type%3D%22cloud_run_revision%22%0Aresource.labels.service_name%3D%22onuploaddocumentupdated%22%0Aresource.labels.revision_name%3D%22onuploaddocumentupdated-00011-wez%22 \nFor more troubleshooting guidance, see https://cloud.google.com/run/docs/troubleshooting#container-failed-to-start",
    "original": {
      "code": 3,
      "message": "Could not create or update Cloud Run service onuploaddocumentupdated, Container Healthcheck failed. Revision 'onuploaddocumentupdated-00011-wez' is not ready and cannot serve traffic. The user-provided container failed to start and listen on the port defined provided by the PORT=8080 environment variable within the allocated timeout. This can happen when the container port is misconfigured or if the timeout is too short. The health check timeout can be extended. Logs for this revision might contain more information.\n\nLogs URL: https://console.cloud.google.com/logs/viewer?project=tirigist-comrades&resource=cloud_run_revision/service_name/onuploaddocumentupdated/revision_name/onuploaddocumentupdated-00011-wez&advancedFilter=resource.type%3D%22cloud_run_revision%22%0Aresource.labels.service_name%3D%22onuploaddocumentupdated%22%0Aresource.labels.revision_name%3D%22onuploaddocumentupdated-00011-wez%22 \nFor more troubleshooting guidance, see https://cloud.google.com/run/docs/troubleshooting#container-failed-to-start"
    },
    "status": 3,
    "code": 3
  }
}
[debug] [2025-02-02T14:14:19.384Z] {
  "endpoint": {
    "id": "onUploadDocumentCreated",
    "project": "tirigist-comrades",
    "region": "us-central1",
    "entryPoint": "onUploadDocumentCreated",
    "platform": "gcfv2",
    "runtime": "nodejs22",
    "eventTrigger": {
      "eventType": "google.cloud.firestore.document.v1.created",
      "retry": false,
      "eventFilters": {
        "database": "(default)",
        "namespace": "(default)"
      },
      "eventFilterPathPatterns": {
        "document": "uploads/{documentId}"
      },
      "region": "africa-south1"
    },
    "labels": {
      "deployment-tool": "cli-firebase"
    },
    "secretEnvironmentVariables": [
      {
        "key": "AUTH_FIREBASE_PRIVATE_KEY",
        "secret": "AUTH_FIREBASE_PRIVATE_KEY",
        "projectId": "tirigist-comrades",
        "version": "1"
      },
      {
        "key": "AUTH_FIREBASE_CLIENT_EMAIL",
        "secret": "AUTH_FIREBASE_CLIENT_EMAIL",
        "projectId": "tirigist-comrades",
        "version": "1"
      },
      {
        "key": "AUTH_FIREBASE_PROJECT_ID",
        "secret": "AUTH_FIREBASE_PROJECT_ID",
        "projectId": "tirigist-comrades",
        "version": "1"
      }
    ],
    "ingressSettings": null,
    "availableMemoryMb": null,
    "serviceAccount": null,
    "timeoutSeconds": null,
    "maxInstances": null,
    "minInstances": null,
    "concurrency": 80,
    "vpc": null,
    "environmentVariables": {
      "FIREBASE_CONFIG": "{\"projectId\":\"tirigist-comrades\",\"storageBucket\":\"tirigist-comrades.firebasestorage.app\"}",
      "GCLOUD_PROJECT": "tirigist-comrades",
      "EVENTARC_CLOUD_EVENT_SOURCE": "projects/tirigist-comrades/locations/us-central1/services/onUploadDocumentCreated",
      "FUNCTION_SIGNATURE_TYPE": "cloudevent",
      "FUNCTION_TARGET": "onUploadDocumentCreated",
      "LOG_EXECUTION_ID": "true"
    },
    "codebase": "tirigist-comrades",
    "runServiceId": "onuploaddocumentcreated",
    "cpu": 1,
    "securityLevel": "SECURE_ALWAYS",
    "targetedByOnly": false,
    "hash": "a92cc9ce5b892bf61b080835c8d85ac08ecaab52"
  },
  "op": "update",
  "original": {
    "name": "FirebaseError",
    "children": [],
    "exit": 1,
    "message": "Could not create or update Cloud Run service onuploaddocumentcreated, Container Healthcheck failed. Revision 'onuploaddocumentcreated-00020-nok' is not ready and cannot serve traffic. The user-provided container failed to start and listen on the port defined provided by the PORT=8080 environment variable within the allocated timeout. This can happen when the container port is misconfigured or if the timeout is too short. The health check timeout can be extended. Logs for this revision might contain more information.\n\nLogs URL: https://console.cloud.google.com/logs/viewer?project=tirigist-comrades&resource=cloud_run_revision/service_name/onuploaddocumentcreated/revision_name/onuploaddocumentcreated-00020-nok&advancedFilter=resource.type%3D%22cloud_run_revision%22%0Aresource.labels.service_name%3D%22onuploaddocumentcreated%22%0Aresource.labels.revision_name%3D%22onuploaddocumentcreated-00020-nok%22 \nFor more troubleshooting guidance, see https://cloud.google.com/run/docs/troubleshooting#container-failed-to-start",
    "original": {
      "code": 3,
      "message": "Could not create or update Cloud Run service onuploaddocumentcreated, Container Healthcheck failed. Revision 'onuploaddocumentcreated-00020-nok' is not ready and cannot serve traffic. The user-provided container failed to start and listen on the port defined provided by the PORT=8080 environment variable within the allocated timeout. This can happen when the container port is misconfigured or if the timeout is too short. The health check timeout can be extended. Logs for this revision might contain more information.\n\nLogs URL: https://console.cloud.google.com/logs/viewer?project=tirigist-comrades&resource=cloud_run_revision/service_name/onuploaddocumentcreated/revision_name/onuploaddocumentcreated-00020-nok&advancedFilter=resource.type%3D%22cloud_run_revision%22%0Aresource.labels.service_name%3D%22onuploaddocumentcreated%22%0Aresource.labels.revision_name%3D%22onuploaddocumentcreated-00020-nok%22 \nFor more troubleshooting guidance, see https://cloud.google.com/run/docs/troubleshooting#container-failed-to-start"
    },
    "status": 3,
    "code": 3
  }
}
[debug] [2025-02-02T14:14:19.384Z] {
  "endpoint": {
    "id": "createUserDocument",
    "project": "tirigist-comrades",
    "region": "us-central1",
    "entryPoint": "createUserDocument",
    "platform": "gcfv1",
    "runtime": "nodejs22",
    "eventTrigger": {
      "eventType": "providers/firebase.auth/eventTypes/user.create",
      "retry": false,
      "eventFilters": {
        "resource": "projects/tirigist-comrades"
      }
    },
    "labels": {
      "deployment-tool": "cli-firebase"
    },
    "secretEnvironmentVariables": [
      {
        "key": "INTASEND_SECRET_API_KEY",
        "secret": "INTASEND_SECRET_API_KEY",
        "projectId": "tirigist-comrades",
        "version": "1"
      }
    ],
    "ingressSettings": null,
    "availableMemoryMb": null,
    "serviceAccount": null,
    "timeoutSeconds": null,
    "maxInstances": null,
    "minInstances": null,
    "vpc": null,
    "environmentVariables": {
      "FIREBASE_CONFIG": "{\"projectId\":\"tirigist-comrades\",\"storageBucket\":\"tirigist-comrades.firebasestorage.app\"}",
      "GCLOUD_PROJECT": "tirigist-comrades",
      "EVENTARC_CLOUD_EVENT_SOURCE": "projects/tirigist-comrades/locations/us-central1/functions/createUserDocument"
    },
    "codebase": "tirigist-comrades",
    "securityLevel": "SECURE_ALWAYS",
    "targetedByOnly": false,
    "hash": "3b49749894483f75c4720c67e50cb3eeb713a931"
  },
  "op": "update",
  "original": {
    "name": "FirebaseError",
    "children": [],
    "exit": 1,
    "message": "Function failed on loading user code. This is likely due to a bug in the user code. Error message: Provided module can't be loaded.\nDid you list all required modules in the package.json dependencies?\nDetailed stack trace: Error: Cannot find module '@google-cloud/vision'\nRequire stack:\n- /workspace/lib/index.js\n- /layers/google.nodejs.functions-framework/functions-framework/node_modules/@google-cloud/functions-framework/build/src/loader.js\n- /layers/google.nodejs.functions-framework/functions-framework/node_modules/@google-cloud/functions-framework/build/src/main.js\n    at Function._resolveFilename (node:internal/modules/cjs/loader:1244:15)\n    at Function._load (node:internal/modules/cjs/loader:1070:27)\n    at TracingChannel.traceSync (node:diagnostics_channel:322:14)\n    at wrapModuleLoad (node:internal/modules/cjs/loader:217:24)\n    at Module.require (node:internal/modules/cjs/loader:1335:12)\n    at require (node:internal/modules/helpers:136:16)\n    at Object.<anonymous> (/workspace/lib/index.js:34:18)\n    at Module._compile (node:internal/modules/cjs/loader:1562:14)\n    at Object..js (node:internal/modules/cjs/loader:1699:10)\n    at Module.load (node:internal/modules/cjs/loader:1313:32)\nCould not load the function, shutting down.. Please visit https://cloud.google.com/functions/docs/troubleshooting for in-depth troubleshooting documentation.",
    "original": {
      "code": 3,
      "message": "Function failed on loading user code. This is likely due to a bug in the user code. Error message: Provided module can't be loaded.\nDid you list all required modules in the package.json dependencies?\nDetailed stack trace: Error: Cannot find module '@google-cloud/vision'\nRequire stack:\n- /workspace/lib/index.js\n- /layers/google.nodejs.functions-framework/functions-framework/node_modules/@google-cloud/functions-framework/build/src/loader.js\n- /layers/google.nodejs.functions-framework/functions-framework/node_modules/@google-cloud/functions-framework/build/src/main.js\n    at Function._resolveFilename (node:internal/modules/cjs/loader:1244:15)\n    at Function._load (node:internal/modules/cjs/loader:1070:27)\n    at TracingChannel.traceSync (node:diagnostics_channel:322:14)\n    at wrapModuleLoad (node:internal/modules/cjs/loader:217:24)\n    at Module.require (node:internal/modules/cjs/loader:1335:12)\n    at require (node:internal/modules/helpers:136:16)\n    at Object.<anonymous> (/workspace/lib/index.js:34:18)\n    at Module._compile (node:internal/modules/cjs/loader:1562:14)\n    at Object..js (node:internal/modules/cjs/loader:1699:10)\n    at Module.load (node:internal/modules/cjs/loader:1313:32)\nCould not load the function, shutting down.. Please visit https://cloud.google.com/functions/docs/troubleshooting for in-depth troubleshooting documentation."
    },
    "status": 3,
    "code": 3
  }
}
[error] Error: There was an error deploying functions:
[error] - Error Failed to update function onFileDeleted in region us-central1
[error] - Error Failed to update function onFileUploaded in region us-central1
[error] - Error Failed to update function onUploadDocumentUpdated in region us-central1
[error] - Error Failed to update function onUploadDocumentCreated in region us-central1
[error] - Error Failed to update function createUserDocument in region us-central1
